objective,dimensions,mode,repetition,seed,birds,flights,best_crumbs,best_position,flights_completed,total_seconds,evaluation_seconds,update_seconds,overhead_seconds
sphere,2,asyncio,0,7,12,20,0.0017837596269582741,"[0.011150614360184247, 0.040736021238563874]",20,0.18206824299886648,0.08851833799417363,0.0025533409916533856,0.09099656401303946
sphere,2,asyncio,1,8,12,20,0.0007309434314697829,"[0.026902414745931913, 0.0026839359730902942]",20,0.06313470200075244,0.024142087002474,0.002583067998784827,0.036409546999493614
sphere,2,asyncio,2,9,12,20,0.0017309783807948763,"[0.011877645506787715, -0.03987354910225527]",20,0.1027921469994908,0.047044200997333974,0.010342245999709121,0.0454057000024477
sphere,2,asyncio,3,10,12,20,0.0008765873339382209,"[-0.02926454078224007, -0.004491546141678682]",20,0.14857886500067252,0.03540270099438203,0.006876114000988309,0.10630005000530218
sphere,2,asyncio,4,11,12,20,9.875644528026427e-06,"[-0.0006301791786344629, 0.0030787203073423253]",20,0.05341565500020806,0.022643632002655067,0.003572155997972004,0.02719986699958099
sphere,2,numpy,0,7,12,20,0.0017837596269582741,"[0.011150614360184247, 0.040736021238563874]",20,0.06923337300031562,0.005533199002456968,0.001625776003493229,0.06207439799436543
sphere,2,numpy,1,8,12,20,0.0007309434314697829,"[0.026902414745931913, 0.0026839359730902942]",20,0.0350356990002183,0.002299518999279826,0.004971659998773248,0.027764520002165227
sphere,2,numpy,2,9,12,20,0.0017309783807948763,"[0.011877645506787715, -0.03987354910225527]",20,0.1182922759999201,0.0015921159993013134,0.0015921850008453475,0.11510797499977343
sphere,2,numpy,3,10,12,20,0.0008765873339382209,"[-0.02926454078224007, -0.004491546141678682]",20,0.016090974999315222,0.0012767509997502202,0.002379682993705501,0.0124345410058595
sphere,2,numpy,4,11,12,20,9.875644528026427e-06,"[-0.0006301791786344629, 0.0030787203073423253]",20,0.014776728001379524,0.0013151200018910458,0.0010450729987496743,0.012416535000738804
sphere,2,process,0,7,12,20,0.0017837596269582741,"[0.011150614360184247, 0.040736021238563874]",20,3.6575511209994147,3.5378627730024164,0.014351239999086829,0.10533710799791152
sphere,2,process,1,8,12,20,0.0007309434314697829,"[0.026902414745931913, 0.0026839359730902942]",20,2.4377552380010457,2.3681856319963117,0.011173869994308916,0.058395736010425026
sphere,2,process,2,9,12,20,0.0017309783807948763,"[0.011877645506787715, -0.03987354910225527]",20,3.1769566829989344,3.0601203619989974,0.007142398000723915,0.1096939229992131
sphere,2,process,3,10,12,20,0.0008765873339382209,"[-0.02926454078224007, -0.004491546141678682]",20,2.8384837260000495,2.7381271089907386,0.008243792997745913,0.09211282401156495
sphere,2,process,4,11,12,20,9.875644528026427e-06,"[-0.0006301791786344629, 0.0030787203073423253]",20,2.247365596000236,2.1267719420011417,0.004586113993354957,0.11600754000573943
sphere,2,sequential,0,7,12,20,0.0017837596269582741,"[0.011150614360184247, 0.040736021238563874]",20,0.014696381000248948,0.00025239600654458627,0.00141465100023197,0.013029333993472392
sphere,2,sequential,1,8,12,20,0.0007309434314697829,"[0.026902414745931913, 0.0026839359730902942]",20,0.01094515099975979,0.0002604910005175043,0.001371006002955255,0.00931365399628703
sphere,2,sequential,2,9,12,20,0.0017309783807948763,"[0.011877645506787715, -0.03987354910225527]",20,0.010576730001048418,0.0002278849951835582,0.001155350002591149,0.00919349500327371
sphere,2,sequential,3,10,12,20,0.0008765873339382209,"[-0.02926454078224007, -0.004491546141678682]",20,0.019381590000193682,0.00027011999918613583,0.0015738439979031682,0.01753762600310438
sphere,2,sequential,4,11,12,20,9.875644528026427e-06,"[-0.0006301791786344629, 0.0030787203073423253]",20,0.03562602799865999,0.000673984999593813,0.004305099000703194,0.030646943998362985
sphere,2,thread,0,7,12,20,0.0017837596269582741,"[0.011150614360184247, 0.040736021238563874]",20,0.347751197999969,0.316600098996787,0.0020454939949559048,0.02910560500822612
sphere,2,thread,1,8,12,20,0.0007309434314697829,"[0.026902414745931913, 0.0026839359730902942]",20,0.17422095199981413,0.15379381800266856,0.0015302940009860322,0.018896839996159542
sphere,2,thread,2,9,12,20,0.0017309783807948763,"[0.011877645506787715, -0.03987354910225527]",20,0.33978710299925297,0.30462003099637514,0.005583243004366523,0.029583828998511308
sphere,2,thread,3,10,12,20,0.0008765873339382209,"[-0.02926454078224007, -0.004491546141678682]",20,0.1129679239984398,0.09049956599483266,0.0015377479994640453,0.02093061000414309
sphere,2,thread,4,11,12,20,9.875644528026427e-06,"[-0.0006301791786344629, 0.0030787203073423253]",20,0.1906945970004017,0.16608917800476775,0.0015562289972876897,0.023049189998346264
sphere,10,asyncio,0,7,12,20,0.8271841593461425,"[0.11993244452965651, 0.15413706493478296, 0.07018771797205592, -0.32866603256266724, -0.2525352601684483, -0.1532573262929543, -0.414525378696156, -0.5965502526154276, -0.24628057178130103, -0.02179397594536342]",20,0.0501316850004514,0.024945470000602654,0.007229969998661545,0.0179562450011872
sphere,10,asyncio,1,8,12,20,0.5745409006962755,"[0.12870487447013643, 0.34804901873953586, -0.37652923374735564, 0.09857185233379961, -0.03236248556224569, 0.20971614877046152, -0.34247743616216253, -0.2247121011202326, -0.12720522358060574, 0.2373846614596454]",20,0.048211127999820746,0.022189376000824268,0.012132065001424053,0.013889686997572426
sphere,10,asyncio,2,9,12,20,0.8376719204757463,"[-0.07028336767332055, 0.2645482594253207, -0.07122332656371129, -0.20472249001701637, -0.13420109881858022, 0.3432010783016288, 0.23721210674613413, -0.07690582783646674, 0.6271201357806182, -0.35284792369878043]",20,0.03941968000071938,0.019859076001012,0.006951340998057276,0.012609263001650106
sphere,10,asyncio,3,10,12,20,0.3596256958571171,"[-0.029647487300207748, 0.2231692617700699, 0.18207100175024557, 0.0791222157787036, 0.2459630018184129, -0.11447609026440814, 0.06618429116407609, 0.046052599442402836, 0.33649058806345056, -0.27604770706076087]",20,0.040594394000436296,0.01799132899941469,0.006699595995087293,0.015903469005934312
sphere,10,asyncio,4,11,12,20,0.6164779450060509,"[0.07766925554432258, -0.46079619859691534, -0.2739341638365489, -0.02183144571832535, -0.10662957819307323, 0.010488244526957402, -0.13829309589066016, -0.24720838262863687, 0.10875301521664998, -0.46802959694703017]",20,0.03845152500070981,0.019709670003067004,0.005426091007393552,0.013315763990249252
sphere,10,numpy,0,7,12,20,0.8271841593461425,"[0.11993244452965651, 0.15413706493478296, 0.07018771797205592, -0.32866603256266724, -0.2525352601684483, -0.1532573262929543, -0.414525378696156, -0.5965502526154276, -0.24628057178130103, -0.02179397594536342]",20,0.017680597000435228,0.0012562619976961287,0.007716068996160175,0.008708266006578924
sphere,10,numpy,1,8,12,20,0.5745409006962756,"[0.12870487447013643, 0.34804901873953586, -0.37652923374735564, 0.09857185233379961, -0.03236248556224569, 0.20971614877046152, -0.34247743616216253, -0.2247121011202326, -0.12720522358060574, 0.2373846614596454]",20,0.056751737000013236,0.0025136169970210176,0.009304143997724168,0.04493397600526805
sphere,10,numpy,2,9,12,20,0.8376719204757465,"[-0.07028336767332055, 0.2645482594253207, -0.07122332656371129, -0.20472249001701637, -0.13420109881858022, 0.3432010783016288, 0.23721210674613413, -0.07690582783646674, 0.6271201357806182, -0.35284792369878043]",20,0.0276515660007135,0.012963109998963773,0.004742696002722369,0.00994575999902736
sphere,10,numpy,3,10,12,20,0.3596256958571171,"[-0.029647487300207748, 0.2231692617700699, 0.18207100175024557, 0.0791222157787036, 0.2459630018184129, -0.11447609026440814, 0.06618429116407609, 0.046052599442402836, 0.33649058806345056, -0.27604770706076087]",20,0.0158489980003651,0.0012618130040209508,0.006197711003551376,0.008389473992792773
sphere,10,numpy,4,11,12,20,0.6164779450060508,"[0.07766925554432258, -0.46079619859691534, -0.2739341638365489, -0.02183144571832535, -0.10662957819307323, 0.010488244526957402, -0.13829309589066016, -0.24720838262863687, 0.10875301521664998, -0.46802959694703017]",20,0.012028875999021693,0.0009341220047645038,0.005083401998490444,0.006011351995766745
sphere,10,process,0,7,12,20,0.8271841593461425,"[0.11993244452965651, 0.15413706493478296, 0.07018771797205592, -0.32866603256266724, -0.2525352601684483, -0.1532573262929543, -0.414525378696156, -0.5965502526154276, -0.24628057178130103, -0.02179397594536342]",20,1.4282794859991554,1.3598994760013738,0.009175785999104846,0.05920422399867675
sphere,10,process,1,8,12,20,0.5745409006962755,"[0.12870487447013643, 0.34804901873953586, -0.37652923374735564, 0.09857185233379961, -0.03236248556224569, 0.20971614877046152, -0.34247743616216253, -0.2247121011202326, -0.12720522358060574, 0.2373846614596454]",20,1.0800548330007587,1.0350943170014943,0.009482228002525517,0.0354782879967388
sphere,10,process,2,9,12,20,0.8376719204757463,"[-0.07028336767332055, 0.2645482594253207, -0.07122332656371129, -0.20472249001701637, -0.13420109881858022, 0.3432010783016288, 0.23721210674613413, -0.07690582783646674, 0.6271201357806182, -0.35284792369878043]",20,1.3698579619995144,1.3212159369959409,0.006989905994487344,0.041652119009086164
sphere,10,process,3,10,12,20,0.3596256958571171,"[-0.029647487300207748, 0.2231692617700699, 0.18207100175024557, 0.0791222157787036, 0.2459630018184129, -0.11447609026440814, 0.06618429116407609, 0.046052599442402836, 0.33649058806345056, -0.27604770706076087]",20,1.34771158500007,1.274514590997569,0.011210660999495303,0.06198633300300571
sphere,10,process,4,11,12,20,0.6164779450060509,"[0.07766925554432258, -0.46079619859691534, -0.2739341638365489, -0.02183144571832535, -0.10662957819307323, 0.010488244526957402, -0.13829309589066016, -0.24720838262863687, 0.10875301521664998, -0.46802959694703017]",20,1.3727803390011104,1.3171644840003864,0.009931806000167853,0.045684049000556115
sphere,10,sequential,0,7,12,20,0.8271841593461425,"[0.11993244452965651, 0.15413706493478296, 0.07018771797205592, -0.32866603256266724, -0.2525352601684483, -0.1532573262929543, -0.414525378696156, -0.5965502526154276, -0.24628057178130103, -0.02179397594536342]",20,0.017716828000629903,0.0005778109989478253,0.007389957998384489,0.009749059003297589
sphere,10,sequential,1,8,12,20,0.5745409006962755,"[0.12870487447013643, 0.34804901873953586, -0.37652923374735564, 0.09857185233379961, -0.03236248556224569, 0.20971614877046152, -0.34247743616216253, -0.2247121011202326, -0.12720522358060574, 0.2373846614596454]",20,0.014283632999649853,0.0003423970010771882,0.00593149800079118,0.008009737997781485
sphere,10,sequential,2,9,12,20,0.8376719204757463,"[-0.07028336767332055, 0.2645482594253207, -0.07122332656371129, -0.20472249001701637, -0.13420109881858022, 0.3432010783016288, 0.23721210674613413, -0.07690582783646674, 0.6271201357806182, -0.35284792369878043]",20,0.013971930000479915,0.0006223280033736955,0.005815002994495444,0.007534599002610776
sphere,10,sequential,3,10,12,20,0.3596256958571171,"[-0.029647487300207748, 0.2231692617700699, 0.18207100175024557, 0.0791222157787036, 0.2459630018184129, -0.11447609026440814, 0.06618429116407609, 0.046052599442402836, 0.33649058806345056, -0.27604770706076087]",20,0.03297689500141132,0.0004681330010498641,0.006612813000174356,0.025895949000187102
sphere,10,sequential,4,11,12,20,0.6164779450060509,"[0.07766925554432258, -0.46079619859691534, -0.2739341638365489, -0.02183144571832535, -0.10662957819307323, 0.010488244526957402, -0.13829309589066016, -0.24720838262863687, 0.10875301521664998, -0.46802959694703017]",20,0.01657279400023981,0.0004111599955649581,0.008628547000625986,0.007533087004048866
sphere,10,thread,0,7,12,20,0.8271841593461425,"[0.11993244452965651, 0.15413706493478296, 0.07018771797205592, -0.32866603256266724, -0.2525352601684483, -0.1532573262929543, -0.414525378696156, -0.5965502526154276, -0.24628057178130103, -0.02179397594536342]",20,0.22405995600092865,0.1876413740010321,0.006911348000357975,0.029507233999538585
sphere,10,thread,1,8,12,20,0.5745409006962755,"[0.12870487447013643, 0.34804901873953586, -0.37652923374735564, 0.09857185233379961, -0.03236248556224569, 0.20971614877046152, -0.34247743616216253, -0.2247121011202326, -0.12720522358060574, 0.2373846614596454]",20,0.17086718899918196,0.14452336100112007,0.007150479999836534,0.019193347998225363
sphere,10,thread,2,9,12,20,0.8376719204757463,"[-0.07028336767332055, 0.2645482594253207, -0.07122332656371129, -0.20472249001701637, -0.13420109881858022, 0.3432010783016288, 0.23721210674613413, -0.07690582783646674, 0.6271201357806182, -0.35284792369878043]",20,0.20147263200124144,0.17009467100069742,0.008886553003321751,0.022491407997222268
sphere,10,thread,3,10,12,20,0.3596256958571171,"[-0.029647487300207748, 0.2231692617700699, 0.18207100175024557, 0.0791222157787036, 0.2459630018184129, -0.11447609026440814, 0.06618429116407609, 0.046052599442402836, 0.33649058806345056, -0.27604770706076087]",20,0.5456213959987508,0.5097936389993265,0.006434730996261351,0.02939302600316296
sphere,10,thread,4,11,12,20,0.6164779450060509,"[0.07766925554432258, -0.46079619859691534, -0.2739341638365489, -0.02183144571832535, -0.10662957819307323, 0.010488244526957402, -0.13829309589066016, -0.24720838262863687, 0.10875301521664998, -0.46802959694703017]",20,0.20980137699916668,0.18085943399637472,0.008445503995972103,0.020496439006819855
sphere,30,asyncio,0,7,12,20,29.497137274064702,"[0.3906776122687362, -1.3236343983242667, 1.4501456294994057, 0.4569166904814317, -0.6117233258498225, 0.23661641025726365, 0.15807050644871143, 1.0686662981597252, 0.8883075536303519, 0.27023011144283904, 0.004206069107724281, 1.175106504733001, -0.41415853335501523, -1.3925753972475725, -0.7771611732781644, -2.4939326669908226, -0.7529275821111412, -0.5706015075326996, 0.7379881937311737, 1.14378903685659, -0.993741573758837, 2.256067663311184, 0.8125318266419278, 0.9874602140417124, 0.44893417272099945, -1.22937636014628, -0.35891076905682207, -0.11896105699948062, -0.140224451558546, 0.41538254810477543]",20,0.035968188998594997,0.013418805998298922,0.011757468002542737,0.010791914997753338
sphere,30,asyncio,1,8,12,20,21.69456265564627,"[1.1618099048747683, 0.567177547416392, 0.4955968086773377, 0.7878100772001598, 0.9739704695930748, -0.7936839155053146, 1.0519742780131418, 0.8663568797345025, 0.03905005023643837, -1.4371788666264702, 0.7424180355722372, 1.1022571524245566, 1.5087726849465488, -0.6549578080549194, 0.38858971422463046, 0.7035088882163028, -0.8038673454412946, 0.2578719803110948, 0.031400165761759524, -1.0359018806326028, 0.7658358122608114, -1.0993902548075405, -0.19888459574051076, 0.7757903949833476, 0.7173795179788381, -0.7527961932507503, 1.58425447971226, -0.3663275825152885, 0.3691587422530279, 0.6719800000010314]",20,0.08973675900051603,0.037159639001401956,0.02413229099875025,0.028444829000363825
sphere,30,asyncio,2,9,12,20,22.362264632441015,"[1.5487385634192323, 0.5494689755342415, -0.46413630321004734, -0.32226918329544474, 0.9739195654289975, 0.15015515912589206, -0.37766174091045723, 0.5122630309169776, 1.7774493673858163, 0.17918733986120916, -0.022563027565628335, 0.16791945080857365, 0.9145787750979189, -0.32300455575240716, 0.8232429616088281, 0.4624372400949537, 0.19843908816536493, -1.3103999848454262, -0.9422376630339311, 0.09836297262880905, 0.779789379828572, 0.6634149947646872, 0.26267751877256657, -1.1984793354419903, 1.4554060984841777, -0.9619007652386515, 1.1381620321231662, -1.1398329736233273, 0.7262813919161751, -1.2412625773996357]",20,0.04436801399970136,0.017840752998381504,0.0125903179996385,0.013936943001681357
sphere,30,asyncio,3,10,12,20,12.823388529669975,"[1.153766110353822, -0.3765578158231875, -0.05890024612063849, -0.6964185358951408, 0.2965162356660125, -0.657945537924448, 0.6361103386032028, 0.4222837591815807, 0.10921896948515797, 0.7690587028350062, 0.35922326174962493, -0.5454722097889659, -0.10233745937063243, -1.0656415145692608, 0.9374458961102965, -0.1294050641703144, -1.2501009093537903, 0.3003996727515186, -1.545403552953571, -0.06258412160184061, 0.2817730853339991, 0.04478562705813993, -0.8852737771385657, 1.1988280323555645, -0.20709987943884844, -0.13988038858646035, 0.01620868973597467, -0.11274139721884027, -0.18835867926765965, 0.4777103719869574]",20,0.044432305001464556,0.01971449999655306,0.010196575996815227,0.01452122900809627
sphere,30,asyncio,4,11,12,20,21.764891373908807,"[0.295707163494088, -0.9777547663393424, 0.9201461055924374, -0.4400462890354223, -0.2725285950701798, 0.9508143036472467, -1.0673472426640722, -0.3712834964550099, -0.39472984455309196, -0.46690787202187023, 0.9303748258108328, 1.1134295736454298, 1.0636647330341809, 1.259432437842699, 0.4990474692176379, 0.48748630275605415, -0.007323975061538743, -0.3586069122728631, 1.0957987476193338, -0.17577332157760606, -1.2179649485965558, -1.4053770751559627, 0.7388493594924395, 1.0326135136716572, -0.35652402724055227, -0.8576673184195975, -0.8610884995043004, 0.7366939912824066, 1.5954995053815018, 0.7866404893362307]",20,0.02959626000119897,0.010971390000122483,0.008550997998099774,0.010073872002976714
sphere,30,numpy,0,7,12,20,29.4971372740647,"[0.3906776122687362, -1.3236343983242667, 1.4501456294994057, 0.4569166904814317, -0.6117233258498225, 0.23661641025726365, 0.15807050644871143, 1.0686662981597252, 0.8883075536303519, 0.27023011144283904, 0.004206069107724281, 1.175106504733001, -0.41415853335501523, -1.3925753972475725, -0.7771611732781644, -2.4939326669908226, -0.7529275821111412, -0.5706015075326996, 0.7379881937311737, 1.14378903685659, -0.993741573758837, 2.256067663311184, 0.8125318266419278, 0.9874602140417124, 0.44893417272099945, -1.22937636014628, -0.35891076905682207, -0.11896105699948062, -0.140224451558546, 0.41538254810477543]",20,0.016070241001216345,0.001191060000564903,0.008148692997565377,0.006730488003086066
sphere,30,numpy,1,8,12,20,21.69456265564627,"[1.1618099048747683, 0.567177547416392, 0.4955968086773377, 0.7878100772001598, 0.9739704695930748, -0.7936839155053146, 1.0519742780131418, 0.8663568797345025, 0.03905005023643837, -1.4371788666264702, 0.7424180355722372, 1.1022571524245566, 1.5087726849465488, -0.6549578080549194, 0.38858971422463046, 0.7035088882163028, -0.8038673454412946, 0.2578719803110948, 0.031400165761759524, -1.0359018806326028, 0.7658358122608114, -1.0993902548075405, -0.19888459574051076, 0.7757903949833476, 0.7173795179788381, -0.7527961932507503, 1.58425447971226, -0.3663275825152885, 0.3691587422530279, 0.6719800000010314]",20,0.01762931200028106,0.0013294780001160689,0.008684086997163831,0.007615747003001161
sphere,30,numpy,2,9,12,20,22.362264632441015,"[1.5487385634192323, 0.5494689755342415, -0.46413630321004734, -0.32226918329544474, 0.9739195654289975, 0.15015515912589206, -0.37766174091045723, 0.5122630309169776, 1.7774493673858163, 0.17918733986120916, -0.022563027565628335, 0.16791945080857365, 0.9145787750979189, -0.32300455575240716, 0.8232429616088281, 0.4624372400949537, 0.19843908816536493, -1.3103999848454262, -0.9422376630339311, 0.09836297262880905, 0.779789379828572, 0.6634149947646872, 0.26267751877256657, -1.1984793354419903, 1.4554060984841777, -0.9619007652386515, 1.1381620321231662, -1.1398329736233273, 0.7262813919161751, -1.2412625773996357]",20,0.013917841000875342,0.0009633720055717276,0.008276305001345463,0.004678163993958151
sphere,30,numpy,3,10,12,20,12.823388529669975,"[1.153766110353822, -0.3765578158231875, -0.05890024612063849, -0.6964185358951408, 0.2965162356660125, -0.657945537924448, 0.6361103386032028, 0.4222837591815807, 0.10921896948515797, 0.7690587028350062, 0.35922326174962493, -0.5454722097889659, -0.10233745937063243, -1.0656415145692608, 0.9374458961102965, -0.1294050641703144, -1.2501009093537903, 0.3003996727515186, -1.545403552953571, -0.06258412160184061, 0.2817730853339991, 0.04478562705813993, -0.8852737771385657, 1.1988280323555645, -0.20709987943884844, -0.13988038858646035, 0.01620868973597467, -0.11274139721884027, -0.18835867926765965, 0.4777103719869574]",20,0.013493196000126773,0.0009312950005551102,0.00858347899702494,0.003978422002546722
sphere,30,numpy,4,11,12,20,21.764891373908807,"[0.295707163494088, -0.9777547663393424, 0.9201461055924374, -0.4400462890354223, -0.2725285950701798, 0.9508143036472467, -1.0673472426640722, -0.3712834964550099, -0.39472984455309196, -0.46690787202187023, 0.9303748258108328, 1.1134295736454298, 1.0636647330341809, 1.259432437842699, 0.4990474692176379, 0.48748630275605415, -0.007323975061538743, -0.3586069122728631, 1.0957987476193338, -0.17577332157760606, -1.2179649485965558, -1.4053770751559627, 0.7388493594924395, 1.0326135136716572, -0.35652402724055227, -0.8576673184195975, -0.8610884995043004, 0.7366939912824066, 1.5954995053815018, 0.7866404893362307]",20,0.03757058700102789,0.001521118996606674,0.023127511003622203,0.012921957000799011
sphere,30,process,0,7,12,20,29.497137274064702,"[0.3906776122687362, -1.3236343983242667, 1.4501456294994057, 0.4569166904814317, -0.6117233258498225, 0.23661641025726365, 0.15807050644871143, 1.0686662981597252, 0.8883075536303519, 0.27023011144283904, 0.004206069107724281, 1.175106504733001, -0.41415853335501523, -1.3925753972475725, -0.7771611732781644, -2.4939326669908226, -0.7529275821111412, -0.5706015075326996, 0.7379881937311737, 1.14378903685659, -0.993741573758837, 2.256067663311184, 0.8125318266419278, 0.9874602140417124, 0.44893417272099945, -1.22937636014628, -0.35891076905682207, -0.11896105699948062, -0.140224451558546, 0.41538254810477543]",20,2.0077353319993563,1.9230468019977707,0.031148226998993778,0.05354030300259183
sphere,30,process,1,8,12,20,21.69456265564627,"[1.1618099048747683, 0.567177547416392, 0.4955968086773377, 0.7878100772001598, 0.9739704695930748, -0.7936839155053146, 1.0519742780131418, 0.8663568797345025, 0.03905005023643837, -1.4371788666264702, 0.7424180355722372, 1.1022571524245566, 1.5087726849465488, -0.6549578080549194, 0.38858971422463046, 0.7035088882163028, -0.8038673454412946, 0.2578719803110948, 0.031400165761759524, -1.0359018806326028, 0.7658358122608114, -1.0993902548075405, -0.19888459574051076, 0.7757903949833476, 0.7173795179788381, -0.7527961932507503, 1.58425447971226, -0.3663275825152885, 0.3691587422530279, 0.6719800000010314]",20,1.705754197000715,1.6426452409941703,0.021577909001280204,0.041531047005264554
sphere,30,process,2,9,12,20,22.362264632441015,"[1.5487385634192323, 0.5494689755342415, -0.46413630321004734, -0.32226918329544474, 0.9739195654289975, 0.15015515912589206, -0.37766174091045723, 0.5122630309169776, 1.7774493673858163, 0.17918733986120916, -0.022563027565628335, 0.16791945080857365, 0.9145787750979189, -0.32300455575240716, 0.8232429616088281, 0.4624372400949537, 0.19843908816536493, -1.3103999848454262, -0.9422376630339311, 0.09836297262880905, 0.779789379828572, 0.6634149947646872, 0.26267751877256657, -1.1984793354419903, 1.4554060984841777, -0.9619007652386515, 1.1381620321231662, -1.1398329736233273, 0.7262813919161751, -1.2412625773996357]",20,1.4669826890003606,1.3934956580014841,0.027644890998999472,0.04584213999987696
sphere,30,process,3,10,12,20,12.823388529669975,"[1.153766110353822, -0.3765578158231875, -0.05890024612063849, -0.6964185358951408, 0.2965162356660125, -0.657945537924448, 0.6361103386032028, 0.4222837591815807, 0.10921896948515797, 0.7690587028350062, 0.35922326174962493, -0.5454722097889659, -0.10233745937063243, -1.0656415145692608, 0.9374458961102965, -0.1294050641703144, -1.2501009093537903, 0.3003996727515186, -1.545403552953571, -0.06258412160184061, 0.2817730853339991, 0.04478562705813993, -0.8852737771385657, 1.1988280323555645, -0.20709987943884844, -0.13988038858646035, 0.01620868973597467, -0.11274139721884027, -0.18835867926765965, 0.4777103719869574]",20,1.470513395001035,1.390080292998391,0.026026258999991114,0.05440684300265275
sphere,30,process,4,11,12,20,21.764891373908807,"[0.295707163494088, -0.9777547663393424, 0.9201461055924374, -0.4400462890354223, -0.2725285950701798, 0.9508143036472467, -1.0673472426640722, -0.3712834964550099, -0.39472984455309196, -0.46690787202187023, 0.9303748258108328, 1.1134295736454298, 1.0636647330341809, 1.259432437842699, 0.4990474692176379, 0.48748630275605415, -0.007323975061538743, -0.3586069122728631, 1.0957987476193338, -0.17577332157760606, -1.2179649485965558, -1.4053770751559627, 0.7388493594924395, 1.0326135136716572, -0.35652402724055227, -0.8576673184195975, -0.8610884995043004, 0.7366939912824066, 1.5954995053815018, 0.7866404893362307]",20,1.733608467000522,1.6498221099955117,0.04848670599676552,0.03529965100824484
sphere,30,sequential,0,7,12,20,29.497137274064702,"[0.3906776122687362, -1.3236343983242667, 1.4501456294994057, 0.4569166904814317, -0.6117233258498225, 0.23661641025726365, 0.15807050644871143, 1.0686662981597252, 0.8883075536303519, 0.27023011144283904, 0.004206069107724281, 1.175106504733001, -0.41415853335501523, -1.3925753972475725, -0.7771611732781644, -2.4939326669908226, -0.7529275821111412, -0.5706015075326996, 0.7379881937311737, 1.14378903685659, -0.993741573758837, 2.256067663311184, 0.8125318266419278, 0.9874602140417124, 0.44893417272099945, -1.22937636014628, -0.35891076905682207, -0.11896105699948062, -0.140224451558546, 0.41538254810477543]",20,0.029603811000924907,0.0008061549997364637,0.016155454994077445,0.012642201007110998
sphere,30,sequential,1,8,12,20,21.69456265564627,"[1.1618099048747683, 0.567177547416392, 0.4955968086773377, 0.7878100772001598, 0.9739704695930748, -0.7936839155053146, 1.0519742780131418, 0.8663568797345025, 0.03905005023643837, -1.4371788666264702, 0.7424180355722372, 1.1022571524245566, 1.5087726849465488, -0.6549578080549194, 0.38858971422463046, 0.7035088882163028, -0.8038673454412946, 0.2578719803110948, 0.031400165761759524, -1.0359018806326028, 0.7658358122608114, -1.0993902548075405, -0.19888459574051076, 0.7757903949833476, 0.7173795179788381, -0.7527961932507503, 1.58425447971226, -0.3663275825152885, 0.3691587422530279, 0.6719800000010314]",20,0.049089399000877165,0.0008214129993575625,0.028122673003963428,0.020145312997556175
sphere,30,sequential,2,9,12,20,22.362264632441015,"[1.5487385634192323, 0.5494689755342415, -0.46413630321004734, -0.32226918329544474, 0.9739195654289975, 0.15015515912589206, -0.37766174091045723, 0.5122630309169776, 1.7774493673858163, 0.17918733986120916, -0.022563027565628335, 0.16791945080857365, 0.9145787750979189, -0.32300455575240716, 0.8232429616088281, 0.4624372400949537, 0.19843908816536493, -1.3103999848454262, -0.9422376630339311, 0.09836297262880905, 0.779789379828572, 0.6634149947646872, 0.26267751877256657, -1.1984793354419903, 1.4554060984841777, -0.9619007652386515, 1.1381620321231662, -1.1398329736233273, 0.7262813919161751, -1.2412625773996357]",20,0.023270146000868408,0.0007605999926454388,0.012828207994971308,0.009681338013251661
sphere,30,sequential,3,10,12,20,12.823388529669975,"[1.153766110353822, -0.3765578158231875, -0.05890024612063849, -0.6964185358951408, 0.2965162356660125, -0.657945537924448, 0.6361103386032028, 0.4222837591815807, 0.10921896948515797, 0.7690587028350062, 0.35922326174962493, -0.5454722097889659, -0.10233745937063243, -1.0656415145692608, 0.9374458961102965, -0.1294050641703144, -1.2501009093537903, 0.3003996727515186, -1.545403552953571, -0.06258412160184061, 0.2817730853339991, 0.04478562705813993, -0.8852737771385657, 1.1988280323555645, -0.20709987943884844, -0.13988038858646035, 0.01620868973597467, -0.11274139721884027, -0.18835867926765965, 0.4777103719869574]",20,0.03689038799893751,0.0013306579985510325,0.022240098000111175,0.013319632000275305
sphere,30,sequential,4,11,12,20,21.764891373908807,"[0.295707163494088, -0.9777547663393424, 0.9201461055924374, -0.4400462890354223, -0.2725285950701798, 0.9508143036472467, -1.0673472426640722, -0.3712834964550099, -0.39472984455309196, -0.46690787202187023, 0.9303748258108328, 1.1134295736454298, 1.0636647330341809, 1.259432437842699, 0.4990474692176379, 0.48748630275605415, -0.007323975061538743, -0.3586069122728631, 1.0957987476193338, -0.17577332157760606, -1.2179649485965558, -1.4053770751559627, 0.7388493594924395, 1.0326135136716572, -0.35652402724055227, -0.8576673184195975, -0.8610884995043004, 0.7366939912824066, 1.5954995053815018, 0.7866404893362307]",20,0.027596115000051213,0.000741759000447928,0.01577752500634233,0.011076830993260955
sphere,30,thread,0,7,12,20,29.497137274064702,"[0.3906776122687362, -1.3236343983242667, 1.4501456294994057, 0.4569166904814317, -0.6117233258498225, 0.23661641025726365, 0.15807050644871143, 1.0686662981597252, 0.8883075536303519, 0.27023011144283904, 0.004206069107724281, 1.175106504733001, -0.41415853335501523, -1.3925753972475725, -0.7771611732781644, -2.4939326669908226, -0.7529275821111412, -0.5706015075326996, 0.7379881937311737, 1.14378903685659, -0.993741573758837, 2.256067663311184, 0.8125318266419278, 0.9874602140417124, 0.44893417272099945, -1.22937636014628, -0.35891076905682207, -0.11896105699948062, -0.140224451558546, 0.41538254810477543]",20,0.3979698950006423,0.36986861099831003,0.012095162996047293,0.016006121006284957
sphere,30,thread,1,8,12,20,21.69456265564627,"[1.1618099048747683, 0.567177547416392, 0.4955968086773377, 0.7878100772001598, 0.9739704695930748, -0.7936839155053146, 1.0519742780131418, 0.8663568797345025, 0.03905005023643837, -1.4371788666264702, 0.7424180355722372, 1.1022571524245566, 1.5087726849465488, -0.6549578080549194, 0.38858971422463046, 0.7035088882163028, -0.8038673454412946, 0.2578719803110948, 0.031400165761759524, -1.0359018806326028, 0.7658358122608114, -1.0993902548075405, -0.19888459574051076, 0.7757903949833476, 0.7173795179788381, -0.7527961932507503, 1.58425447971226, -0.3663275825152885, 0.3691587422530279, 0.6719800000010314]",20,0.5275313649999589,0.43401196399281616,0.012621571999261505,0.08089782900788123
sphere,30,thread,2,9,12,20,22.362264632441015,"[1.5487385634192323, 0.5494689755342415, -0.46413630321004734, -0.32226918329544474, 0.9739195654289975, 0.15015515912589206, -0.37766174091045723, 0.5122630309169776, 1.7774493673858163, 0.17918733986120916, -0.022563027565628335, 0.16791945080857365, 0.9145787750979189, -0.32300455575240716, 0.8232429616088281, 0.4624372400949537, 0.19843908816536493, -1.3103999848454262, -0.9422376630339311, 0.09836297262880905, 0.779789379828572, 0.6634149947646872, 0.26267751877256657, -1.1984793354419903, 1.4554060984841777, -0.9619007652386515, 1.1381620321231662, -1.1398329736233273, 0.7262813919161751, -1.2412625773996357]",20,0.2404879619989515,0.1919429300014599,0.013060715999017702,0.0354843159984739
sphere,30,thread,3,10,12,20,12.823388529669975,"[1.153766110353822, -0.3765578158231875, -0.05890024612063849, -0.6964185358951408, 0.2965162356660125, -0.657945537924448, 0.6361103386032028, 0.4222837591815807, 0.10921896948515797, 0.7690587028350062, 0.35922326174962493, -0.5454722097889659, -0.10233745937063243, -1.0656415145692608, 0.9374458961102965, -0.1294050641703144, -1.2501009093537903, 0.3003996727515186, -1.545403552953571, -0.06258412160184061, 0.2817730853339991, 0.04478562705813993, -0.8852737771385657, 1.1988280323555645, -0.20709987943884844, -0.13988038858646035, 0.01620868973597467, -0.11274139721884027, -0.18835867926765965, 0.4777103719869574]",20,0.26284760999988066,0.2164747789993271,0.012403707998601021,0.03396912300195254
sphere,30,thread,4,11,12,20,21.764891373908807,"[0.295707163494088, -0.9777547663393424, 0.9201461055924374, -0.4400462890354223, -0.2725285950701798, 0.9508143036472467, -1.0673472426640722, -0.3712834964550099, -0.39472984455309196, -0.46690787202187023, 0.9303748258108328, 1.1134295736454298, 1.0636647330341809, 1.259432437842699, 0.4990474692176379, 0.48748630275605415, -0.007323975061538743, -0.3586069122728631, 1.0957987476193338, -0.17577332157760606, -1.2179649485965558, -1.4053770751559627, 0.7388493594924395, 1.0326135136716572, -0.35652402724055227, -0.8576673184195975, -0.8610884995043004, 0.7366939912824066, 1.5954995053815018, 0.7866404893362307]",20,0.21340581000004022,0.16016692900484486,0.017462940004406846,0.03577594099078851
ackley,2,asyncio,0,7,12,20,1.0210853637806037,"[-0.003035649022530326, 0.1612168676355965]",20,0.022711663999871234,0.01430452399654314,0.0013162279974494595,0.007090912005878636
ackley,2,asyncio,1,8,12,20,0.3548986421298328,"[0.0636901675730078, -0.039217929937639395]",20,0.03411181500086968,0.01950278500044078,0.0013406689977273345,0.013268361002701567
ackley,2,asyncio,2,9,12,20,1.9236228770360246,"[0.07601693124344444, -0.2551907142544312]",20,0.044675412000287906,0.02059583100344753,0.001316105999649153,0.022763474997191224
ackley,2,asyncio,3,10,12,20,1.8014550116282462,"[0.24326132892336005, 0.0648746956038821]",20,0.12819293000029575,0.07078403700688796,0.02578098299818521,0.03162790999522258
ackley,2,asyncio,4,11,12,20,1.6916133288256998,"[0.22813273234011167, 0.06773496743839802]",20,0.017713555000227643,0.011324218003210262,0.001015795000057551,0.00537354199695983
ackley,2,numpy,0,7,12,20,1.0210853637806037,"[-0.003035649022530326, 0.1612168676355965]",20,0.027406536999478703,0.003832780999800889,0.0018408829982945463,0.02173287300138327
ackley,2,numpy,1,8,12,20,0.3548986421298328,"[0.0636901675730078, -0.039217929937639395]",20,0.0648809069989511,0.013784438993752701,0.009784946001673234,0.04131152200352517
ackley,2,numpy,2,9,12,20,1.9236228770360246,"[0.07601693124344444, -0.2551907142544312]",20,0.03802768100104004,0.014609948999350308,0.00513944400154287,0.01827828800014686
ackley,2,numpy,3,10,12,20,1.8014550116282462,"[0.24326132892336005, 0.0648746956038821]",20,0.013542885999413556,0.0030245849884522613,0.0013603879979200428,0.009157913013041252
ackley,2,numpy,4,11,12,20,1.6916133288256998,"[0.22813273234011167, 0.06773496743839802]",20,0.0071799640008975985,0.001508040997578064,0.0008440370002062991,0.004827886003113235
ackley,2,process,0,7,12,20,1.0210853637806037,"[-0.003035649022530326, 0.1612168676355965]",20,1.8804380660003517,1.7970333059984114,0.004922320000332547,0.07848244000160776
ackley,2,process,1,8,12,20,0.3548986421298328,"[0.0636901675730078, -0.039217929937639395]",20,2.5078373179985647,2.405781963998379,0.007573556995339459,0.09448179700484616
ackley,2,process,2,9,12,20,1.9236228770360246,"[0.07601693124344444, -0.2551907142544312]",20,2.496254528999998,2.435243864005315,0.0038443360008386662,0.05716632899384422
ackley,2,process,3,10,12,20,1.8014550116282462,"[0.24326132892336005, 0.0648746956038821]",20,1.9354446470006224,1.8661054719977983,0.003128483996988507,0.06621069100583554
ackley,2,process,4,11,12,20,1.6916133288256998,"[0.22813273234011167, 0.06773496743839802]",20,1.5292107839995879,1.4951423249985965,0.0032312719977198867,0.030837187003271538
ackley,2,sequential,0,7,12,20,1.0210853637806037,"[-0.003035649022530326, 0.1612168676355965]",20,0.009022928999911528,0.0006574829949386185,0.0012313670031289803,0.007134079001843929
ackley,2,sequential,1,8,12,20,0.3548986421298328,"[0.0636901675730078, -0.039217929937639395]",20,0.019697498999448726,0.0010722069982875837,0.0028433139996195678,0.015781978001541574
ackley,2,sequential,2,9,12,20,1.9236228770360246,"[0.07601693124344444, -0.2551907142544312]",20,0.011976395999226952,0.0016672539986757329,0.0012241680014994927,0.009084973999051726
ackley,2,sequential,3,10,12,20,1.8014550116282462,"[0.24326132892336005, 0.0648746956038821]",20,0.012476260999392252,0.0019294169978820719,0.0029679000017495127,0.007578943999760668
ackley,2,sequential,4,11,12,20,1.6916133288256998,"[0.22813273234011167, 0.06773496743839802]",20,0.011455958998340066,0.0011147509994771099,0.0008511230007570703,0.009490084998105885
ackley,2,thread,0,7,12,20,1.0210853637806037,"[-0.003035649022530326, 0.1612168676355965]",20,0.21118071599994437,0.1863812399969902,0.002363744999456685,0.022435731003497494
ackley,2,thread,1,8,12,20,0.3548986421298328,"[0.0636901675730078, -0.039217929937639395]",20,0.14299542700064194,0.12540879800326366,0.0012426820048858644,0.01634394699249242
ackley,2,thread,2,9,12,20,1.9236228770360246,"[0.07601693124344444, -0.2551907142544312]",20,0.295679929000471,0.25819025699820486,0.00458446600168827,0.03290520600057789
ackley,2,thread,3,10,12,20,1.8014550116282462,"[0.24326132892336005, 0.0648746956038821]",20,0.4315778979998868,0.40578626000205986,0.0014609019999625161,0.024330735997864394
ackley,2,thread,4,11,12,20,1.6916133288256998,"[0.22813273234011167, 0.06773496743839802]",20,0.3748070980000193,0.3492395659959584,0.0017693160079943482,0.023798215996066574
ackley,10,asyncio,0,7,12,20,6.684822737872555,"[-2.599667803919224, -0.020127777346456543, 0.698812683901373, 2.624700166071685, -0.8514856425990436, -0.9825335298672621, -1.4151244391831144, 0.38655809390409823, -0.16081305322461725, -1.3110988410668987]",20,0.022290378999969107,0.013374659998589777,0.002903283993873629,0.006012435007505701
ackley,10,asyncio,1,8,12,20,8.305827423884578,"[-2.369822815845031, -0.05817321505819795, -0.6867084675230227, 0.5581355065588984, 2.011092159994523, -1.9544309380201834, 4.5673084689866466, -1.2538830187103978, -0.541339913960003, 0.5281105497495939]",20,0.05058594500042091,0.019979782002337743,0.0033132500011561206,0.027292912996927043
ackley,10,asyncio,2,9,12,20,9.129973859939032,"[3.205640752274445, 3.3679369377181905, 2.872098695311899, 1.1233488733570098, 1.288266941950556, -0.4048051481111976, 0.6331273539025224, 1.9482177942592536, -1.3177388605854479, -3.607782412882412]",20,0.034348858998782816,0.01598621499942965,0.003951840999434353,0.014410802999918815
ackley,10,asyncio,3,10,12,20,8.605607229433504,"[2.3058125158450986, 0.21642702897276736, -0.7213826478557213, 2.870179436152979, -0.04449484664568937, 2.22846379738489, 1.970029820182714, -3.9222032588401876, -2.496837065580907, 1.5265734466136407]",20,0.05345506900084729,0.018685158998778206,0.0047500440014118794,0.030019866000657203
ackley,10,asyncio,4,11,12,20,9.201012909532151,"[-3.6136632491256164, 0.5625383059761946, 1.7860416952413072, 0.9497852436896784, 2.300014079804207, -1.5487300272390558, 1.47219420701793, 1.798049560093478, -3.4132426042728774, -2.541754955842097]",20,0.04130574500049988,0.016599089994997485,0.004039543995531858,0.02066711100997054
ackley,10,numpy,0,7,12,20,6.684822737872555,"[-2.599667803919224, -0.020127777346456543, 0.698812683901373, 2.624700166071685, -0.8514856425990436, -0.9825335298672621, -1.4151244391831144, 0.38655809390409823, -0.16081305322461725, -1.3110988410668987]",20,0.009251824998500524,0.0017829029966378585,0.0031516700000793207,0.004317252001783345
ackley,10,numpy,1,8,12,20,8.305827423884582,"[-2.369822815845031, -0.05817321505819795, -0.6867084675230227, 0.5581355065588984, 2.011092159994523, -1.9544309380201834, 4.5673084689866466, -1.2538830187103978, -0.541339913960003, 0.5281105497495939]",20,0.02503789699949266,0.0035397959927649936,0.003959669993491843,0.017538431013235822
ackley,10,numpy,2,9,12,20,9.129973859939032,"[3.205640752274445, 3.3679369377181905, 2.872098695311899, 1.1233488733570098, 1.288266941950556, -0.4048051481111976, 0.6331273539025224, 1.9482177942592536, -1.3177388605854479, -3.607782412882412]",20,0.011432590999902459,0.0022359469967341283,0.003531591999490047,0.005665052003678284
ackley,10,numpy,3,10,12,20,8.605607229433504,"[2.3058125158450986, 0.21642702897276736, -0.7213826478557213, 2.870179436152979, -0.04449484664568937, 2.22846379738489, 1.970029820182714, -3.9222032588401876, -2.496837065580907, 1.5265734466136407]",20,0.025163034999422962,0.0024194620018533897,0.004726871002276312,0.01801670199529326
ackley,10,numpy,4,11,12,20,9.201012909532151,"[-3.6136632491256164, 0.5625383059761946, 1.7860416952413072, 0.9497852436896784, 2.300014079804207, -1.5487300272390558, 1.47219420701793, 1.798049560093478, -3.4132426042728774, -2.541754955842097]",20,0.0316190400008054,0.0032044279996625846,0.0038434840062109288,0.024571127994931885
ackley,10,process,0,7,12,20,6.684822737872555,"[-2.599667803919224, -0.020127777346456543, 0.698812683901373, 2.624700166071685, -0.8514856425990436, -0.9825335298672621, -1.4151244391831144, 0.38655809390409823, -0.16081305322461725, -1.3110988410668987]",20,2.0475556359997427,1.9886822030020994,0.008497098999214359,0.05037633399842889
ackley,10,process,1,8,12,20,8.305827423884578,"[-2.369822815845031, -0.05817321505819795, -0.6867084675230227, 0.5581355065588984, 2.011092159994523, -1.9544309380201834, 4.5673084689866466, -1.2538830187103978, -0.541339913960003, 0.5281105497495939]",20,2.581803564000438,2.439990304994353,0.02472560200294538,0.11708765700313961
ackley,10,process,2,9,12,20,9.129973859939032,"[3.205640752274445, 3.3679369377181905, 2.872098695311899, 1.1233488733570098, 1.288266941950556, -0.4048051481111976, 0.6331273539025224, 1.9482177942592536, -1.3177388605854479, -3.607782412882412]",20,2.300812904999475,2.250079202989582,0.0074513719919195864,0.043282330017973436
ackley,10,process,3,10,12,20,8.605607229433504,"[2.3058125158450986, 0.21642702897276736, -0.7213826478557213, 2.870179436152979, -0.04449484664568937, 2.22846379738489, 1.970029820182714, -3.9222032588401876, -2.496837065580907, 1.5265734466136407]",20,3.3004434109989234,3.1419188330000907,0.0520996750001359,0.10642490299869678
ackley,10,process,4,11,12,20,9.201012909532151,"[-3.6136632491256164, 0.5625383059761946, 1.7860416952413072, 0.9497852436896784, 2.300014079804207, -1.5487300272390558, 1.47219420701793, 1.798049560093478, -3.4132426042728774, -2.541754955842097]",20,2.198605708999821,2.0745948489984585,0.012185530997157912,0.11182532900420483
ackley,10,sequential,0,7,12,20,6.684822737872555,"[-2.599667803919224, -0.020127777346456543, 0.698812683901373, 2.624700166071685, -0.8514856425990436, -0.9825335298672621, -1.4151244391831144, 0.38655809390409823, -0.16081305322461725, -1.3110988410668987]",20,0.029388867998932255,0.0019648209963634145,0.00650199199844792,0.02092205500412092
ackley,10,sequential,1,8,12,20,8.305827423884578,"[-2.369822815845031, -0.05817321505819795, -0.6867084675230227, 0.5581355065588984, 2.011092159994523, -1.9544309380201834, 4.5673084689866466, -1.2538830187103978, -0.541339913960003, 0.5281105497495939]",20,0.08576427799926023,0.0017004040018946398,0.026786139998876024,0.057277733998489566
ackley,10,sequential,2,9,12,20,9.129973859939032,"[3.205640752274445, 3.3679369377181905, 2.872098695311899, 1.1233488733570098, 1.288266941950556, -0.4048051481111976, 0.6331273539025224, 1.9482177942592536, -1.3177388605854479, -3.607782412882412]",20,0.026682615000027,0.001407850997566129,0.00458403700395138,0.02069072699850949
ackley,10,sequential,3,10,12,20,8.605607229433504,"[2.3058125158450986, 0.21642702897276736, -0.7213826478557213, 2.870179436152979, -0.04449484664568937, 2.22846379738489, 1.970029820182714, -3.9222032588401876, -2.496837065580907, 1.5265734466136407]",20,0.03291708700089657,0.002629476999572944,0.008236097999542835,0.022051512001780793
ackley,10,sequential,4,11,12,20,9.201012909532151,"[-3.6136632491256164, 0.5625383059761946, 1.7860416952413072, 0.9497852436896784, 2.300014079804207, -1.5487300272390558, 1.47219420701793, 1.798049560093478, -3.4132426042728774, -2.541754955842097]",20,0.019733964998522424,0.0014469590023509227,0.006320947000858723,0.011966058995312778
ackley,10,thread,0,7,12,20,6.684822737872555,"[-2.599667803919224, -0.020127777346456543, 0.698812683901373, 2.624700166071685, -0.8514856425990436, -0.9825335298672621, -1.4151244391831144, 0.38655809390409823, -0.16081305322461725, -1.3110988410668987]",20,0.20943284199893242,0.18708681799762417,0.005580049997661263,0.01676597400364699
ackley,10,thread,1,8,12,20,8.305827423884578,"[-2.369822815845031, -0.05817321505819795, -0.6867084675230227, 0.5581355065588984, 2.011092159994523, -1.9544309380201834, 4.5673084689866466, -1.2538830187103978, -0.541339913960003, 0.5281105497495939]",20,0.20378703300048073,0.15890498799853958,0.010038627997346339,0.03484341700459481
ackley,10,thread,2,9,12,20,9.129973859939032,"[3.205640752274445, 3.3679369377181905, 2.872098695311899, 1.1233488733570098, 1.288266941950556, -0.4048051481111976, 0.6331273539025224, 1.9482177942592536, -1.3177388605854479, -3.607782412882412]",20,0.427803929998845,0.3911658620054368,0.008829330996377394,0.027808736997030792
ackley,10,thread,3,10,12,20,8.605607229433504,"[2.3058125158450986, 0.21642702897276736, -0.7213826478557213, 2.870179436152979, -0.04449484664568937, 2.22846379738489, 1.970029820182714, -3.9222032588401876, -2.496837065580907, 1.5265734466136407]",20,0.171848467000018,0.14264094200370891,0.0074996020030084765,0.0217079229933006
ackley,10,thread,4,11,12,20,9.201012909532151,"[-3.6136632491256164, 0.5625383059761946, 1.7860416952413072, 0.9497852436896784, 2.300014079804207, -1.5487300272390558, 1.47219420701793, 1.798049560093478, -3.4132426042728774, -2.541754955842097]",20,0.22053471800063562,0.1954879620061547,0.004486051995627349,0.02056070399885357
ackley,30,asyncio,0,7,12,20,15.237923674005144,"[-9.165323221714662, -1.377361831989031, -0.24134118550569905, 2.2774764267622194, -2.2575413094157977, -6.535448773378616, 2.85346733808993, 6.436449016570652, 3.385263692631688, 1.9335867682399406, -4.357296228953027, 0.8238453763543259, -0.39500860685961037, 5.855358153550471, -5.5752707656453255, -4.033397554406351, 1.1873222927049796, 6.73135100024157, 3.2829710052823726, -1.976817896379175, -5.224219896492668, -11.785568545674366, 5.660309461848717, 6.926998337895517, -5.306493160973867, -7.109807649180333, -15.318545692715551, 0.7550123883324564, -2.098877796082945, -4.541950373078927]",20,0.070640600999468,0.030092377000983106,0.019426122002187185,0.021122101996297715
ackley,30,asyncio,1,8,12,20,13.221008644035457,"[1.4768023967471895, 3.9386766914409455, 4.250097969259282, -0.4918847286910335, -0.9227534229634277, -0.1623228108316409, 5.855224115153204, -0.878421658276731, -0.9426029574971739, -1.9095161279396706, 2.396200208633683, -2.791726398715473, 1.3918047477351378, 9.085740379042957, -0.09678629679173678, 3.6287982120441304, -1.1700725306980073, 5.396751767733095, -3.203085449879037, 4.121546083816603, -0.6583904751292273, 4.130087904526488, -1.9288902642489592, 8.121092286748208, -1.3927830359384084, 8.16341435716086, 12.909200380165064, -5.9072690063212425, -0.04357708196050836, -0.9109232262344265]",20,0.07827296600044065,0.035649022000143304,0.018441701999108773,0.02418224200118857
ackley,30,asyncio,2,9,12,20,16.05989486890791,"[8.710084778150309, -1.2868515001501712, -1.7540925555886382, 4.301563745950602, -4.867409655191533, -3.0734365583919385, -11.455930682597044, 0.026856339271338625, -5.227438507636097, 15.141949843841319, 6.3935349689545635, -7.671914284177793, -10.915441552256217, 1.8978036618060932, 1.1467493548518801, -10.356176428741538, -3.5621754021597134, 11.082932426392912, -2.2709293292610635, 8.38921671612187, -1.9639382429995533, -0.08249388459884976, 4.5935390546452775, -1.5274632861394994, -2.915984512675598, -0.15588778478948284, 4.218343933399327, -7.765603963677383, -6.521213010474451, -1.199108867078741]",20,0.06706342899997253,0.02846489399780694,0.016816322999147815,0.021782212003017776
ackley,30,asyncio,3,10,12,20,13.212225342311864,"[-0.06554674858662857, 0.21822814421220826, 2.8942826818086824, 5.035472508130283, -2.9389390762704206, -0.20581600302418224, -5.794644063810094, 4.29635383954465, 2.805146266369791, 8.526271111506189, -11.729357050283323, 6.814503895058131, -0.8408255769502171, 1.6886554732308419, -4.042578187396721, 1.5122235427377575, -0.47819735446957345, 1.0577616125016407, -1.6372482861247448, 0.4085288227669439, -5.5880069432490025, 3.582573335400474, -5.86394893483701, -3.1068016204806543, 5.974546602484401, -2.879455264239002, -0.6188889480555595, -1.315366222968138, 2.5367408586110116, 5.316492589353336]",20,0.1054150549989572,0.04558378799993079,0.022671982003885205,0.037159284995141206
ackley,30,asyncio,4,11,12,20,13.599547176086409,"[-1.678019594251345, -0.006707109849562798, 8.457155846460676, 1.9188309376474253, -0.8345121869196543, 4.344429679924177, -5.888038672223898, -3.50980356493504, 0.227943998281475, -4.3634403352088835, 9.164728607179281, 3.7655501249267926, 6.984581379026662, 4.103068387072274, 0.48350465248002106, -0.7757599754507876, -3.4662586953334875, -2.8146220404576274, 0.8000234563082906, -4.9412163603507935, 4.915129409674114, 6.521519443222958, 2.4344299783800647, 0.9587426488999182, 7.7338456622520635, 1.3925872188559671, -8.399247628662563, -0.6236369116488873, 1.3657627227081122, -4.335161181383057]",20,0.06971131800128205,0.02572222499838972,0.027951845000643516,0.016037248002248816
ackley,30,numpy,0,7,12,20,15.237923674005144,"[-9.165323221714662, -1.377361831989031, -0.24134118550569905, 2.2774764267622194, -2.2575413094157977, -6.535448773378616, 2.85346733808993, 6.436449016570652, 3.385263692631688, 1.9335867682399406, -4.357296228953027, 0.8238453763543259, -0.39500860685961037, 5.855358153550471, -5.5752707656453255, -4.033397554406351, 1.1873222927049796, 6.73135100024157, 3.2829710052823726, -1.976817896379175, -5.224219896492668, -11.785568545674366, 5.660309461848717, 6.926998337895517, -5.306493160973867, -7.109807649180333, -15.318545692715551, 0.7550123883324564, -2.098877796082945, -4.541950373078927]",20,0.03182524299882061,0.003319576004287228,0.01740413500010618,0.011101531994427205
ackley,30,numpy,1,8,12,20,13.221008644035457,"[1.4768023967471895, 3.9386766914409455, 4.250097969259282, -0.4918847286910335, -0.9227534229634277, -0.1623228108316409, 5.855224115153204, -0.878421658276731, -0.9426029574971739, -1.9095161279396706, 2.396200208633683, -2.791726398715473, 1.3918047477351378, 9.085740379042957, -0.09678629679173678, 3.6287982120441304, -1.1700725306980073, 5.396751767733095, -3.203085449879037, 4.121546083816603, -0.6583904751292273, 4.130087904526488, -1.9288902642489592, 8.121092286748208, -1.3927830359384084, 8.16341435716086, 12.909200380165064, -5.9072690063212425, -0.04357708196050836, -0.9109232262344265]",20,0.05023068700029398,0.007587541002067155,0.02011729399964679,0.022525851998580038
ackley,30,numpy,2,9,12,20,16.05989486890791,"[8.710084778150309, -1.2868515001501712, -1.7540925555886382, 4.301563745950602, -4.867409655191533, -3.0734365583919385, -11.455930682597044, 0.026856339271338625, -5.227438507636097, 15.141949843841319, 6.3935349689545635, -7.671914284177793, -10.915441552256217, 1.8978036618060932, 1.1467493548518801, -10.356176428741538, -3.5621754021597134, 11.082932426392912, -2.2709293292610635, 8.38921671612187, -1.9639382429995533, -0.08249388459884976, 4.5935390546452775, -1.5274632861394994, -2.915984512675598, -0.15588778478948284, 4.218343933399327, -7.765603963677383, -6.521213010474451, -1.199108867078741]",20,0.1279471489997377,0.014131401996564819,0.032070065004518256,0.08174568199865462
ackley,30,numpy,3,10,12,20,13.212225342311864,"[-0.06554674858662857, 0.21822814421220826, 2.8942826818086824, 5.035472508130283, -2.9389390762704206, -0.20581600302418224, -5.794644063810094, 4.29635383954465, 2.805146266369791, 8.526271111506189, -11.729357050283323, 6.814503895058131, -0.8408255769502171, 1.6886554732308419, -4.042578187396721, 1.5122235427377575, -0.47819735446957345, 1.0577616125016407, -1.6372482861247448, 0.4085288227669439, -5.5880069432490025, 3.582573335400474, -5.86394893483701, -3.1068016204806543, 5.974546602484401, -2.879455264239002, -0.6188889480555595, -1.315366222968138, 2.5367408586110116, 5.316492589353336]",20,0.12923353199948906,0.01035763300023973,0.033718995002345764,0.08515690399690357
ackley,30,numpy,4,11,12,20,13.59954717608641,"[-1.678019594251345, -0.006707109849562798, 8.457155846460676, 1.9188309376474253, -0.8345121869196543, 4.344429679924177, -5.888038672223898, -3.50980356493504, 0.227943998281475, -4.3634403352088835, 9.164728607179281, 3.7655501249267926, 6.984581379026662, 4.103068387072274, 0.48350465248002106, -0.7757599754507876, -3.4662586953334875, -2.8146220404576274, 0.8000234563082906, -4.9412163603507935, 4.915129409674114, 6.521519443222958, 2.4344299783800647, 0.9587426488999182, 7.7338456622520635, 1.3925872188559671, -8.399247628662563, -0.6236369116488873, 1.3657627227081122, -4.335161181383057]",20,0.29635558200061496,0.017651019999902928,0.10071567299928574,0.1779888890014263
ackley,30,process,0,7,12,20,15.237923674005144,"[-9.165323221714662, -1.377361831989031, -0.24134118550569905, 2.2774764267622194, -2.2575413094157977, -6.535448773378616, 2.85346733808993, 6.436449016570652, 3.385263692631688, 1.9335867682399406, -4.357296228953027, 0.8238453763543259, -0.39500860685961037, 5.855358153550471, -5.5752707656453255, -4.033397554406351, 1.1873222927049796, 6.73135100024157, 3.2829710052823726, -1.976817896379175, -5.224219896492668, -11.785568545674366, 5.660309461848717, 6.926998337895517, -5.306493160973867, -7.109807649180333, -15.318545692715551, 0.7550123883324564, -2.098877796082945, -4.541950373078927]",20,4.347782429998915,4.169525050998345,0.08921976999772596,0.08903760900284396
ackley,30,process,1,8,12,20,13.221008644035457,"[1.4768023967471895, 3.9386766914409455, 4.250097969259282, -0.4918847286910335, -0.9227534229634277, -0.1623228108316409, 5.855224115153204, -0.878421658276731, -0.9426029574971739, -1.9095161279396706, 2.396200208633683, -2.791726398715473, 1.3918047477351378, 9.085740379042957, -0.09678629679173678, 3.6287982120441304, -1.1700725306980073, 5.396751767733095, -3.203085449879037, 4.121546083816603, -0.6583904751292273, 4.130087904526488, -1.9288902642489592, 8.121092286748208, -1.3927830359384084, 8.16341435716086, 12.909200380165064, -5.9072690063212425, -0.04357708196050836, -0.9109232262344265]",20,2.835886042999846,2.733585572002994,0.024205231999076204,0.0780952389977756
ackley,30,process,2,9,12,20,16.05989486890791,"[8.710084778150309, -1.2868515001501712, -1.7540925555886382, 4.301563745950602, -4.867409655191533, -3.0734365583919385, -11.455930682597044, 0.026856339271338625, -5.227438507636097, 15.141949843841319, 6.3935349689545635, -7.671914284177793, -10.915441552256217, 1.8978036618060932, 1.1467493548518801, -10.356176428741538, -3.5621754021597134, 11.082932426392912, -2.2709293292610635, 8.38921671612187, -1.9639382429995533, -0.08249388459884976, 4.5935390546452775, -1.5274632861394994, -2.915984512675598, -0.15588778478948284, 4.218343933399327, -7.765603963677383, -6.521213010474451, -1.199108867078741]",20,2.2650347080016218,2.1361441440039926,0.021786194000014802,0.10710436999761441
ackley,30,process,3,10,12,20,13.212225342311864,"[-0.06554674858662857, 0.21822814421220826, 2.8942826818086824, 5.035472508130283, -2.9389390762704206, -0.20581600302418224, -5.794644063810094, 4.29635383954465, 2.805146266369791, 8.526271111506189, -11.729357050283323, 6.814503895058131, -0.8408255769502171, 1.6886554732308419, -4.042578187396721, 1.5122235427377575, -0.47819735446957345, 1.0577616125016407, -1.6372482861247448, 0.4085288227669439, -5.5880069432490025, 3.582573335400474, -5.86394893483701, -3.1068016204806543, 5.974546602484401, -2.879455264239002, -0.6188889480555595, -1.315366222968138, 2.5367408586110116, 5.316492589353336]",20,1.6508260739992693,1.5845955760032666,0.025737809997735894,0.040492687998266774
ackley,30,process,4,11,12,20,13.599547176086409,"[-1.678019594251345, -0.006707109849562798, 8.457155846460676, 1.9188309376474253, -0.8345121869196543, 4.344429679924177, -5.888038672223898, -3.50980356493504, 0.227943998281475, -4.3634403352088835, 9.164728607179281, 3.7655501249267926, 6.984581379026662, 4.103068387072274, 0.48350465248002106, -0.7757599754507876, -3.4662586953334875, -2.8146220404576274, 0.8000234563082906, -4.9412163603507935, 4.915129409674114, 6.521519443222958, 2.4344299783800647, 0.9587426488999182, 7.7338456622520635, 1.3925872188559671, -8.399247628662563, -0.6236369116488873, 1.3657627227081122, -4.335161181383057]",20,1.7784347529996012,1.6973186670020368,0.021216292998360586,0.05989979299920378
ackley,30,sequential,0,7,12,20,15.237923674005144,"[-9.165323221714662, -1.377361831989031, -0.24134118550569905, 2.2774764267622194, -2.2575413094157977, -6.535448773378616, 2.85346733808993, 6.436449016570652, 3.385263692631688, 1.9335867682399406, -4.357296228953027, 0.8238453763543259, -0.39500860685961037, 5.855358153550471, -5.5752707656453255, -4.033397554406351, 1.1873222927049796, 6.73135100024157, 3.2829710052823726, -1.976817896379175, -5.224219896492668, -11.785568545674366, 5.660309461848717, 6.926998337895517, -5.306493160973867, -7.109807649180333, -15.318545692715551, 0.7550123883324564, -2.098877796082945, -4.541950373078927]",20,0.039083944999219966,0.0031001490006019594,0.016044202999182744,0.019939592999435263
ackley,30,sequential,1,8,12,20,13.221008644035457,"[1.4768023967471895, 3.9386766914409455, 4.250097969259282, -0.4918847286910335, -0.9227534229634277, -0.1623228108316409, 5.855224115153204, -0.878421658276731, -0.9426029574971739, -1.9095161279396706, 2.396200208633683, -2.791726398715473, 1.3918047477351378, 9.085740379042957, -0.09678629679173678, 3.6287982120441304, -1.1700725306980073, 5.396751767733095, -3.203085449879037, 4.121546083816603, -0.6583904751292273, 4.130087904526488, -1.9288902642489592, 8.121092286748208, -1.3927830359384084, 8.16341435716086, 12.909200380165064, -5.9072690063212425, -0.04357708196050836, -0.9109232262344265]",20,0.06710732399915287,0.01044344899855787,0.012243610002769856,0.04442026499782514
ackley,30,sequential,2,9,12,20,16.05989486890791,"[8.710084778150309, -1.2868515001501712, -1.7540925555886382, 4.301563745950602, -4.867409655191533, -3.0734365583919385, -11.455930682597044, 0.026856339271338625, -5.227438507636097, 15.141949843841319, 6.3935349689545635, -7.671914284177793, -10.915441552256217, 1.8978036618060932, 1.1467493548518801, -10.356176428741538, -3.5621754021597134, 11.082932426392912, -2.2709293292610635, 8.38921671612187, -1.9639382429995533, -0.08249388459884976, 4.5935390546452775, -1.5274632861394994, -2.915984512675598, -0.15588778478948284, 4.218343933399327, -7.765603963677383, -6.521213010474451, -1.199108867078741]",20,0.03749680400142097,0.004964378003933234,0.019612986001448007,0.012919439996039728
ackley,30,sequential,3,10,12,20,13.212225342311864,"[-0.06554674858662857, 0.21822814421220826, 2.8942826818086824, 5.035472508130283, -2.9389390762704206, -0.20581600302418224, -5.794644063810094, 4.29635383954465, 2.805146266369791, 8.526271111506189, -11.729357050283323, 6.814503895058131, -0.8408255769502171, 1.6886554732308419, -4.042578187396721, 1.5122235427377575, -0.47819735446957345, 1.0577616125016407, -1.6372482861247448, 0.4085288227669439, -5.5880069432490025, 3.582573335400474, -5.86394893483701, -3.1068016204806543, 5.974546602484401, -2.879455264239002, -0.6188889480555595, -1.315366222968138, 2.5367408586110116, 5.316492589353336]",20,0.04223504299989145,0.004104712004846078,0.012691806001384975,0.025438524993660394
ackley,30,sequential,4,11,12,20,13.599547176086409,"[-1.678019594251345, -0.006707109849562798, 8.457155846460676, 1.9188309376474253, -0.8345121869196543, 4.344429679924177, -5.888038672223898, -3.50980356493504, 0.227943998281475, -4.3634403352088835, 9.164728607179281, 3.7655501249267926, 6.984581379026662, 4.103068387072274, 0.48350465248002106, -0.7757599754507876, -3.4662586953334875, -2.8146220404576274, 0.8000234563082906, -4.9412163603507935, 4.915129409674114, 6.521519443222958, 2.4344299783800647, 0.9587426488999182, 7.7338456622520635, 1.3925872188559671, -8.399247628662563, -0.6236369116488873, 1.3657627227081122, -4.335161181383057]",20,0.039919770999404136,0.014399702000446268,0.014164242998958798,0.01135582599999907
ackley,30,thread,0,7,12,20,15.237923674005144,"[-9.165323221714662, -1.377361831989031, -0.24134118550569905, 2.2774764267622194, -2.2575413094157977, -6.535448773378616, 2.85346733808993, 6.436449016570652, 3.385263692631688, 1.9335867682399406, -4.357296228953027, 0.8238453763543259, -0.39500860685961037, 5.855358153550471, -5.5752707656453255, -4.033397554406351, 1.1873222927049796, 6.73135100024157, 3.2829710052823726, -1.976817896379175, -5.224219896492668, -11.785568545674366, 5.660309461848717, 6.926998337895517, -5.306493160973867, -7.109807649180333, -15.318545692715551, 0.7550123883324564, -2.098877796082945, -4.541950373078927]",20,0.4473626939998212,0.40749582699572784,0.014031058002728969,0.025835809001364396
ackley,30,thread,1,8,12,20,13.221008644035457,"[1.4768023967471895, 3.9386766914409455, 4.250097969259282, -0.4918847286910335, -0.9227534229634277, -0.1623228108316409, 5.855224115153204, -0.878421658276731, -0.9426029574971739, -1.9095161279396706, 2.396200208633683, -2.791726398715473, 1.3918047477351378, 9.085740379042957, -0.09678629679173678, 3.6287982120441304, -1.1700725306980073, 5.396751767733095, -3.203085449879037, 4.121546083816603, -0.6583904751292273, 4.130087904526488, -1.9288902642489592, 8.121092286748208, -1.3927830359384084, 8.16341435716086, 12.909200380165064, -5.9072690063212425, -0.04357708196050836, -0.9109232262344265]",20,0.3319707600003312,0.27457367100578267,0.02094735700120509,0.03644973199334345
ackley,30,thread,2,9,12,20,16.05989486890791,"[8.710084778150309, -1.2868515001501712, -1.7540925555886382, 4.301563745950602, -4.867409655191533, -3.0734365583919385, -11.455930682597044, 0.026856339271338625, -5.227438507636097, 15.141949843841319, 6.3935349689545635, -7.671914284177793, -10.915441552256217, 1.8978036618060932, 1.1467493548518801, -10.356176428741538, -3.5621754021597134, 11.082932426392912, -2.2709293292610635, 8.38921671612187, -1.9639382429995533, -0.08249388459884976, 4.5935390546452775, -1.5274632861394994, -2.915984512675598, -0.15588778478948284, 4.218343933399327, -7.765603963677383, -6.521213010474451, -1.199108867078741]",20,0.28064184700087935,0.23937330799890333,0.015644184000848327,0.025624355001127697
ackley,30,thread,3,10,12,20,13.212225342311864,"[-0.06554674858662857, 0.21822814421220826, 2.8942826818086824, 5.035472508130283, -2.9389390762704206, -0.20581600302418224, -5.794644063810094, 4.29635383954465, 2.805146266369791, 8.526271111506189, -11.729357050283323, 6.814503895058131, -0.8408255769502171, 1.6886554732308419, -4.042578187396721, 1.5122235427377575, -0.47819735446957345, 1.0577616125016407, -1.6372482861247448, 0.4085288227669439, -5.5880069432490025, 3.582573335400474, -5.86394893483701, -3.1068016204806543, 5.974546602484401, -2.879455264239002, -0.6188889480555595, -1.315366222968138, 2.5367408586110116, 5.316492589353336]",20,0.2339711550011998,0.20103249999738182,0.013967558998047025,0.01897109600577096
ackley,30,thread,4,11,12,20,13.599547176086409,"[-1.678019594251345, -0.006707109849562798, 8.457155846460676, 1.9188309376474253, -0.8345121869196543, 4.344429679924177, -5.888038672223898, -3.50980356493504, 0.227943998281475, -4.3634403352088835, 9.164728607179281, 3.7655501249267926, 6.984581379026662, 4.103068387072274, 0.48350465248002106, -0.7757599754507876, -3.4662586953334875, -2.8146220404576274, 0.8000234563082906, -4.9412163603507935, 4.915129409674114, 6.521519443222958, 2.4344299783800647, 0.9587426488999182, 7.7338456622520635, 1.3925872188559671, -8.399247628662563, -0.6236369116488873, 1.3657627227081122, -4.335161181383057]",20,0.24286664399915026,0.20427160000144795,0.013945669003078365,0.02464937499462394
rastrigin,2,asyncio,0,7,12,20,0.2525212591039683,"[0.02217959235683803, 0.027994732107257225]",20,0.04975717800152779,0.023486132000471116,0.002529521994802053,0.023741524006254622
rastrigin,2,asyncio,1,8,12,20,0.7460807341948161,"[0.060872953955709574, -0.009994002058259621]",20,0.03324122000049101,0.01678438999442733,0.0011246579997532535,0.01533217200631043
rastrigin,2,asyncio,2,9,12,20,1.026478881496395,"[0.02730631823915486, 0.0670518350391881]",20,0.03764210999906936,0.022041560008801753,0.0011190620025445241,0.014481487987723085
rastrigin,2,asyncio,3,10,12,20,1.316500779830406,"[0.9907590751909596, 0.040144745287898354]",20,0.07750965700142842,0.0440063120022387,0.0029438000037771417,0.03055954499541258
rastrigin,2,asyncio,4,11,12,20,1.6902896068420006,"[0.024456213956874362, 1.0490593191744688]",20,0.060105493999799364,0.03036398100266524,0.0020674019961006707,0.027674111001033452
rastrigin,2,numpy,0,7,12,20,0.2525212591039683,"[0.02217959235683803, 0.027994732107257225]",20,0.014596458000596613,0.0013223820023995358,0.0011001010025211144,0.012173974995675962
rastrigin,2,numpy,1,8,12,20,0.7460807341948161,"[0.060872953955709574, -0.009994002058259621]",20,0.013977212998725008,0.0016962179961410584,0.0014955130009184359,0.010785482001665514
rastrigin,2,numpy,2,9,12,20,1.026478881496395,"[0.02730631823915486, 0.0670518350391881]",20,0.15022372999919753,0.02477156800159719,0.003003932995852665,0.12244822900174768
rastrigin,2,numpy,3,10,12,20,1.316500779830406,"[0.9907590751909596, 0.040144745287898354]",20,0.13684379599908425,0.01592504199652467,0.01855323400013731,0.10236552000242227
rastrigin,2,numpy,4,11,12,20,1.6902896068420006,"[0.024456213956874362, 1.0490593191744688]",20,0.08653181000045151,0.0029507219969673315,0.006906946997332852,0.07667414100615133
rastrigin,2,process,0,7,12,20,0.2525212591039683,"[0.02217959235683803, 0.027994732107257225]",20,2.0677207709995855,1.9816827099912189,0.004624924002200714,0.08141313700616593
rastrigin,2,process,1,8,12,20,0.7460807341948161,"[0.060872953955709574, -0.009994002058259621]",20,1.7118313390001276,1.661907824995069,0.007177673003752716,0.04274584100130596
rastrigin,2,process,2,9,12,20,1.026478881496395,"[0.02730631823915486, 0.0670518350391881]",20,3.2206051939992903,3.170517131999077,0.004032591004943242,0.0460554709952703
rastrigin,2,process,3,10,12,20,1.316500779830406,"[0.9907590751909596, 0.040144745287898354]",20,3.497512693000317,3.380444211003123,0.005917708997003501,0.11115077300019038
rastrigin,2,process,4,11,12,20,1.6902896068420006,"[0.024456213956874362, 1.0490593191744688]",20,3.1745596370001294,3.098221439000554,0.008921878001274308,0.06741631999830133
rastrigin,2,sequential,0,7,12,20,0.2525212591039683,"[0.02217959235683803, 0.027994732107257225]",20,0.019127706000290345,0.0005189320036151912,0.0016028099998948164,0.017005963996780338
rastrigin,2,sequential,1,8,12,20,0.7460807341948161,"[0.060872953955709574, -0.009994002058259621]",20,0.02530330999979924,0.0010657949915184872,0.002900023997426615,0.021337491010854137
rastrigin,2,sequential,2,9,12,20,1.026478881496395,"[0.02730631823915486, 0.0670518350391881]",20,0.028671407999354415,0.0033839069965324597,0.0029510510012187297,0.022336450001603225
rastrigin,2,sequential,3,10,12,20,1.316500779830406,"[0.9907590751909596, 0.040144745287898354]",20,0.028024191000440624,0.0009270390055462485,0.0014242619945434853,0.02567289000035089
rastrigin,2,sequential,4,11,12,20,1.6902896068420006,"[0.024456213956874362, 1.0490593191744688]",20,0.28883855900130584,0.004073882000739104,0.008226674997786176,0.27653800200278056
rastrigin,2,thread,0,7,12,20,0.2525212591039683,"[0.02217959235683803, 0.027994732107257225]",20,1.3062203709996538,1.1368063110003277,0.018877647004046594,0.15053641299527953
rastrigin,2,thread,1,8,12,20,0.7460807341948161,"[0.060872953955709574, -0.009994002058259621]",20,1.2222763829995529,1.1645419430060429,0.0024655919969518436,0.05526884799655818
rastrigin,2,thread,2,9,12,20,1.026478881496395,"[0.02730631823915486, 0.0670518350391881]",20,0.9283923679995496,0.8136691249965224,0.01517009499730193,0.09955314800572523
rastrigin,2,thread,3,10,12,20,1.316500779830406,"[0.9907590751909596, 0.040144745287898354]",20,1.224290321000808,1.1546535420020518,0.005940183993516257,0.06369659500523994
rastrigin,2,thread,4,11,12,20,1.6902896068420006,"[0.024456213956874362, 1.0490593191744688]",20,1.8654726380009379,1.7328343209992454,0.0021752790016762447,0.13046303800001624
rastrigin,10,asyncio,0,7,12,20,64.82107734971709,"[-1.1718091512860727, -1.9464752922074042, -0.035936000640557686, -0.18244173790864546, -1.0776221595806605, 0.2257943723070247, -2.318760286684239, 1.8372145512463844, 0.8485363479069631, -1.9616310066596994]",20,0.10128890299893101,0.019521091002388857,0.0038588090010307496,0.0779090029955114
rastrigin,10,asyncio,1,8,12,20,54.326291523497225,"[-0.017648863604920573, 0.09421475264379853, -0.09017199625971739, -0.1303986493986818, -2.254450508488467, -2.055203696398216, -2.227088914692854, -0.913768777117776, 1.1734774464007154, -0.8455122492568448]",20,0.1886653199999273,0.08649698600493139,0.019720382999366848,0.08244795099562907
rastrigin,10,asyncio,2,9,12,20,53.12597598516953,"[0.03978390578026243, 2.009771107811695, 0.05931065715572924, 1.245506407087525, -2.1421382406321663, 0.014083310994421658, 3.1059737007538746, -0.1685898832576448, -0.9841053005909637, -3.073790233834207]",20,0.053027591999125434,0.033142287997179665,0.005676036002114415,0.014209267999831354
rastrigin,10,asyncio,3,10,12,20,56.71742780767903,"[-1.982574833467588, -2.1750687417472494, 0.2778542485485945, 2.3071631098320386, -0.9532397815384439, 0.9251656259751238, -1.082099789154899, 0.09654629206865228, 1.9493030055086646, -0.012063123048527802]",20,0.16274268699999084,0.11463023299620545,0.02141726199988625,0.026695192003899137
rastrigin,10,asyncio,4,11,12,20,63.21245104054857,"[2.030286907788422, 2.0316856930530798, 2.4427025100567263, 0.8582238031304787, -2.109199845957474, -0.9845951072293122, -1.8886392001407006, -1.0699873413320724, -1.0757210638732375, -0.8130616541558509]",20,0.07677450800110819,0.042909721998512396,0.007317251003769343,0.02654753499882645
rastrigin,10,numpy,0,7,12,20,64.82107734971709,"[-1.1718091512860727, -1.9464752922074042, -0.035936000640557686, -0.18244173790864546, -1.0776221595806605, 0.2257943723070247, -2.318760286684239, 1.8372145512463844, 0.8485363479069631, -1.9616310066596994]",20,0.061210359001051984,0.007553588005976053,0.00962880299630342,0.04402796799877251
rastrigin,10,numpy,1,8,12,20,54.326291523497225,"[-0.017648863604920573, 0.09421475264379853, -0.09017199625971739, -0.1303986493986818, -2.254450508488467, -2.055203696398216, -2.227088914692854, -0.913768777117776, 1.1734774464007154, -0.8455122492568448]",20,0.16459939100059273,0.009660966001320048,0.007854498999222415,0.14708392600005027
rastrigin,10,numpy,2,9,12,20,53.125975985169546,"[0.03978390578026243, 2.009771107811695, 0.05931065715572924, 1.245506407087525, -2.1421382406321663, 0.014083310994421658, 3.1059737007538746, -0.1685898832576448, -0.9841053005909637, -3.073790233834207]",20,0.12292767200051458,0.017201748005390982,0.00582535099965753,0.09990057299546606
rastrigin,10,numpy,3,10,12,20,56.71742780767903,"[-1.982574833467588, -2.1750687417472494, 0.2778542485485945, 2.3071631098320386, -0.9532397815384439, 0.9251656259751238, -1.082099789154899, 0.09654629206865228, 1.9493030055086646, -0.012063123048527802]",20,0.02497076600047876,0.0016679340005794074,0.00764252300177759,0.015660308998121764
rastrigin,10,numpy,4,11,12,20,63.21245104054857,"[2.030286907788422, 2.0316856930530798, 2.4427025100567263, 0.8582238031304787, -2.109199845957474, -0.9845951072293122, -1.8886392001407006, -1.0699873413320724, -1.0757210638732375, -0.8130616541558509]",20,0.054597377000391134,0.013333430997590767,0.018542072000855114,0.022721874001945253
rastrigin,10,process,0,7,12,20,64.82107734971709,"[-1.1718091512860727, -1.9464752922074042, -0.035936000640557686, -0.18244173790864546, -1.0776221595806605, 0.2257943723070247, -2.318760286684239, 1.8372145512463844, 0.8485363479069631, -1.9616310066596994]",20,5.485961759000929,5.404222270000901,0.027307128997563268,0.05443236000246543
rastrigin,10,process,1,8,12,20,54.326291523497225,"[-0.017648863604920573, 0.09421475264379853, -0.09017199625971739, -0.1303986493986818, -2.254450508488467, -2.055203696398216, -2.227088914692854, -0.913768777117776, 1.1734774464007154, -0.8455122492568448]",20,4.2354499849989224,4.084469403003823,0.032371072004025336,0.11860950999107445
rastrigin,10,process,2,9,12,20,53.12597598516953,"[0.03978390578026243, 2.009771107811695, 0.05931065715572924, 1.245506407087525, -2.1421382406321663, 0.014083310994421658, 3.1059737007538746, -0.1685898832576448, -0.9841053005909637, -3.073790233834207]",20,5.582514522000565,5.427488016006464,0.020586609000019962,0.1344398969940812
rastrigin,10,process,3,10,12,20,56.71742780767903,"[-1.982574833467588, -2.1750687417472494, 0.2778542485485945, 2.3071631098320386, -0.9532397815384439, 0.9251656259751238, -1.082099789154899, 0.09654629206865228, 1.9493030055086646, -0.012063123048527802]",20,3.3734585420006624,3.243513516003077,0.017756778999682865,0.11218824699790275
rastrigin,10,process,4,11,12,20,63.21245104054857,"[2.030286907788422, 2.0316856930530798, 2.4427025100567263, 0.8582238031304787, -2.109199845957474, -0.9845951072293122, -1.8886392001407006, -1.0699873413320724, -1.0757210638732375, -0.8130616541558509]",20,2.4847918630002823,2.3923514129946852,0.01240611099274247,0.08003433901285462
rastrigin,10,sequential,0,7,12,20,64.82107734971709,"[-1.1718091512860727, -1.9464752922074042, -0.035936000640557686, -0.18244173790864546, -1.0776221595806605, 0.2257943723070247, -2.318760286684239, 1.8372145512463844, 0.8485363479069631, -1.9616310066596994]",20,0.01978892899933271,0.0012643799982470227,0.00727673099754611,0.011247818003539578
rastrigin,10,sequential,1,8,12,20,54.326291523497225,"[-0.017648863604920573, 0.09421475264379853, -0.09017199625971739, -0.1303986493986818, -2.254450508488467, -2.055203696398216, -2.227088914692854, -0.913768777117776, 1.1734774464007154, -0.8455122492568448]",20,0.06307284600006824,0.001758805994541035,0.005645627999911085,0.05566841200561612
rastrigin,10,sequential,2,9,12,20,53.12597598516953,"[0.03978390578026243, 2.009771107811695, 0.05931065715572924, 1.245506407087525, -2.1421382406321663, 0.014083310994421658, 3.1059737007538746, -0.1685898832576448, -0.9841053005909637, -3.073790233834207]",20,0.04425679599989962,0.0014051529997232137,0.008993957992061041,0.03385768500811537
rastrigin,10,sequential,3,10,12,20,56.71742780767903,"[-1.982574833467588, -2.1750687417472494, 0.2778542485485945, 2.3071631098320386, -0.9532397815384439, 0.9251656259751238, -1.082099789154899, 0.09654629206865228, 1.9493030055086646, -0.012063123048527802]",20,0.024660666998897796,0.0015281379983207444,0.004676639002354932,0.01845588999822212
rastrigin,10,sequential,4,11,12,20,63.21245104054857,"[2.030286907788422, 2.0316856930530798, 2.4427025100567263, 0.8582238031304787, -2.109199845957474, -0.9845951072293122, -1.8886392001407006, -1.0699873413320724, -1.0757210638732375, -0.8130616541558509]",20,0.03220524199969077,0.002460947003783076,0.006545493997691665,0.02319880099821603
rastrigin,10,thread,0,7,12,20,64.82107734971709,"[-1.1718091512860727, -1.9464752922074042, -0.035936000640557686, -0.18244173790864546, -1.0776221595806605, 0.2257943723070247, -2.318760286684239, 1.8372145512463844, 0.8485363479069631, -1.9616310066596994]",20,0.19068740100010473,0.16096505500172498,0.007727156998953433,0.02199518899942632
rastrigin,10,thread,1,8,12,20,54.326291523497225,"[-0.017648863604920573, 0.09421475264379853, -0.09017199625971739, -0.1303986493986818, -2.254450508488467, -2.055203696398216, -2.227088914692854, -0.913768777117776, 1.1734774464007154, -0.8455122492568448]",20,0.3397862619985972,0.30101198199736245,0.009333175998108345,0.029441104003126384
rastrigin,10,thread,2,9,12,20,53.12597598516953,"[0.03978390578026243, 2.009771107811695, 0.05931065715572924, 1.245506407087525, -2.1421382406321663, 0.014083310994421658, 3.1059737007538746, -0.1685898832576448, -0.9841053005909637, -3.073790233834207]",20,0.8872504249993654,0.7392699310039461,0.016033660003813566,0.13194683399160567
rastrigin,10,thread,3,10,12,20,56.71742780767903,"[-1.982574833467588, -2.1750687417472494, 0.2778542485485945, 2.3071631098320386, -0.9532397815384439, 0.9251656259751238, -1.082099789154899, 0.09654629206865228, 1.9493030055086646, -0.012063123048527802]",20,0.6975358899999264,0.6666145429990138,0.005567864996919525,0.025353482003993122
rastrigin,10,thread,4,11,12,20,63.21245104054857,"[2.030286907788422, 2.0316856930530798, 2.4427025100567263, 0.8582238031304787, -2.109199845957474, -0.9845951072293122, -1.8886392001407006, -1.0699873413320724, -1.0757210638732375, -0.8130616541558509]",20,0.6495093510002334,0.5903303570048593,0.008978329995443346,0.05020066399993084
rastrigin,30,asyncio,0,7,12,20,291.0406521523789,"[-1.4843882870478173, -2.024850700116261, -1.706666387771387, 2.09928878063616, -1.2768555121524203, 0.024323686155569124, -1.57535615837061, 0.06752604146324603, -1.2912976013937252, 3.2602678337563247, 0.845780286207516, -0.2662480833144737, 0.8288866678200341, -1.82448230420064, -0.20000510751213718, 0.24415685553102162, -2.6329177431260886, -2.8155606720399367, -1.061701903350452, 1.1196429276331918, -0.8192885678781054, -2.0784336639435166, -1.0589935266829933, -0.6192268143043849, -0.9744545276773244, -0.08016212859545391, -2.0350641390782673, 1.9710580169915612, -2.7315899274011244, -1.6228854343609045]",20,0.07850128300015058,0.033913407001818996,0.015688442001192016,0.028899433997139568
rastrigin,30,asyncio,1,8,12,20,273.1784734960397,"[-0.5681229298418969, 2.872116351392678, 0.1338211975742149, 0.8200002137219411, -0.11566771526271602, 0.6152202674811055, -2.8700974439382954, 0.04044100900232106, 0.47288552127886674, -0.23790623199820476, -1.3949465747356418, -0.011007694544624469, 1.0803449325546404, -1.1618674961275854, -2.8635566476515626, -0.28470204518255793, 1.0401604685077508, 0.15713739184770792, 0.965997834271761, 0.9107556582975318, -0.7602710816785334, -2.134842863413357, -0.03727105623254534, -1.0577988353021932, 1.061612817136256, 2.317790456903987, 2.547414324343335, 1.44651748059004, -0.146409497196355, 0.36296899724257914]",20,0.24842982400150504,0.08796821299802104,0.06962361499972758,0.09083799600375642
rastrigin,30,asyncio,2,9,12,20,265.13229886110264,"[1.033312584031902, 2.13525495771117, -0.364241473855664, 0.6554436259448273, 0.7018619830685413, 1.0046537755286273, -1.0203290674879613, 0.041489950450594115, -1.8439632171261224, 0.21056961434117616, 2.04384503135103, 1.1423003707593211, 0.053110907229531795, -5.12, 2.5347779933343544, 0.10771547844961743, -0.342931091552155, 0.32535940084051695, -0.029434289968224725, 0.8504470415805656, -0.3704691072905453, -0.9599121560197301, -2.206904509840756, -2.201336278722427, 3.130030713640294, 0.17664008084668148, 0.006183429202134549, -1.0942159891968621, -2.8060615992726796, 1.7873506196684952]",20,0.07611797499885142,0.03341428900057508,0.020326966001448454,0.022376719996827887
rastrigin,30,asyncio,3,10,12,20,257.52618344711465,"[-0.22652618040965117, 0.5203947693269311, 0.2607685796669076, 0.14855019487195675, 3.0602709163138924, 1.6788115892436792, -1.0551500663285305, 1.9783921871129466, -1.4530134398002923, 0.3310912303726483, 2.080132424849467, 0.2762470659275271, -0.10782844596523056, 0.041730985404973886, 1.9534935305318895, -1.0300396405502195, 0.041982079368150044, 1.9212623950584515, 0.906379227473582, 0.028179499587134504, 0.9640446770832949, -0.5996031395828412, 2.7887082772175322, 2.090248799907773, 1.6588930655656406, 1.0734712921924803, -2.381923753013182, 0.8830126612617815, -0.7860215239924595, 1.7167961923127573]",20,0.05299635200026387,0.024021310004172847,0.013909274000980076,0.015065767995110946
rastrigin,30,asyncio,4,11,12,20,280.5447809757675,"[0.2801179895143511, -1.2067748979951816, 0.03433248949474155, -0.9275694926688977, -0.17844658535337649, -0.10870492255323144, 0.0686332370569882, -0.18545133816785186, 1.24265222157133, 0.8647172119603768, 0.14657491531999162, -0.6056886670581962, -0.7804714899921357, -1.1964668512840566, -1.9153632225700774, 0.4027597618418305, -0.28195377697883295, 0.6032862737647174, 1.3819308251131681, -0.9572400247790143, 1.0240692579674773, -1.05513138658277, 2.6948843756684244, 1.3828434266094907, -3.0241841076958464, -0.7789639681572211, -2.964882278910693, 0.22706583390801738, -0.5179067434363847, -0.6685531028557803]",20,0.11546819499926642,0.04895856900111539,0.03329065899743,0.03321896700072102
rastrigin,30,numpy,0,7,12,20,291.0406521523789,"[-1.4843882870478173, -2.024850700116261, -1.706666387771387, 2.09928878063616, -1.2768555121524203, 0.024323686155569124, -1.57535615837061, 0.06752604146324603, -1.2912976013937252, 3.2602678337563247, 0.845780286207516, -0.2662480833144737, 0.8288866678200341, -1.82448230420064, -0.20000510751213718, 0.24415685553102162, -2.6329177431260886, -2.8155606720399367, -1.061701903350452, 1.1196429276331918, -0.8192885678781054, -2.0784336639435166, -1.0589935266829933, -0.6192268143043849, -0.9744545276773244, -0.08016212859545391, -2.0350641390782673, 1.9710580169915612, -2.7315899274011244, -1.6228854343609045]",20,0.027397964000556385,0.0030920959998184117,0.014749592997759464,0.00955627500297851
rastrigin,30,numpy,1,8,12,20,273.1784734960397,"[-0.5681229298418969, 2.872116351392678, 0.1338211975742149, 0.8200002137219411, -0.11566771526271602, 0.6152202674811055, -2.8700974439382954, 0.04044100900232106, 0.47288552127886674, -0.23790623199820476, -1.3949465747356418, -0.011007694544624469, 1.0803449325546404, -1.1618674961275854, -2.8635566476515626, -0.28470204518255793, 1.0401604685077508, 0.15713739184770792, 0.965997834271761, 0.9107556582975318, -0.7602710816785334, -2.134842863413357, -0.03727105623254534, -1.0577988353021932, 1.061612817136256, 2.317790456903987, 2.547414324343335, 1.44651748059004, -0.146409497196355, 0.36296899724257914]",20,0.05607778800003871,0.0060659680057142396,0.01418481800283189,0.03582700199149258
rastrigin,30,numpy,2,9,12,20,265.13229886110264,"[1.033312584031902, 2.13525495771117, -0.364241473855664, 0.6554436259448273, 0.7018619830685413, 1.0046537755286273, -1.0203290674879613, 0.041489950450594115, -1.8439632171261224, 0.21056961434117616, 2.04384503135103, 1.1423003707593211, 0.053110907229531795, -5.12, 2.5347779933343544, 0.10771547844961743, -0.342931091552155, 0.32535940084051695, -0.029434289968224725, 0.8504470415805656, -0.3704691072905453, -0.9599121560197301, -2.206904509840756, -2.201336278722427, 3.130030713640294, 0.17664008084668148, 0.006183429202134549, -1.0942159891968621, -2.8060615992726796, 1.7873506196684952]",20,0.03848973800086242,0.004724361995613435,0.013865069002349628,0.019900307002899353
rastrigin,30,numpy,3,10,12,20,257.52618344711465,"[-0.22652618040965117, 0.5203947693269311, 0.2607685796669076, 0.14855019487195675, 3.0602709163138924, 1.6788115892436792, -1.0551500663285305, 1.9783921871129466, -1.4530134398002923, 0.3310912303726483, 2.080132424849467, 0.2762470659275271, -0.10782844596523056, 0.041730985404973886, 1.9534935305318895, -1.0300396405502195, 0.041982079368150044, 1.9212623950584515, 0.906379227473582, 0.028179499587134504, 0.9640446770832949, -0.5996031395828412, 2.7887082772175322, 2.090248799907773, 1.6588930655656406, 1.0734712921924803, -2.381923753013182, 0.8830126612617815, -0.7860215239924595, 1.7167961923127573]",20,0.03853259999959846,0.005023041001550155,0.013364711996473488,0.020144847001574817
rastrigin,30,numpy,4,11,12,20,280.5447809757675,"[0.2801179895143511, -1.2067748979951816, 0.03433248949474155, -0.9275694926688977, -0.17844658535337649, -0.10870492255323144, 0.0686332370569882, -0.18545133816785186, 1.24265222157133, 0.8647172119603768, 0.14657491531999162, -0.6056886670581962, -0.7804714899921357, -1.1964668512840566, -1.9153632225700774, 0.4027597618418305, -0.28195377697883295, 0.6032862737647174, 1.3819308251131681, -0.9572400247790143, 1.0240692579674773, -1.05513138658277, 2.6948843756684244, 1.3828434266094907, -3.0241841076958464, -0.7789639681572211, -2.964882278910693, 0.22706583390801738, -0.5179067434363847, -0.6685531028557803]",20,0.07411426799990295,0.0048892560007516295,0.018961836000016774,0.050263175999134546
rastrigin,30,process,0,7,12,20,291.0406521523789,"[-1.4843882870478173, -2.024850700116261, -1.706666387771387, 2.09928878063616, -1.2768555121524203, 0.024323686155569124, -1.57535615837061, 0.06752604146324603, -1.2912976013937252, 3.2602678337563247, 0.845780286207516, -0.2662480833144737, 0.8288866678200341, -1.82448230420064, -0.20000510751213718, 0.24415685553102162, -2.6329177431260886, -2.8155606720399367, -1.061701903350452, 1.1196429276331918, -0.8192885678781054, -2.0784336639435166, -1.0589935266829933, -0.6192268143043849, -0.9744545276773244, -0.08016212859545391, -2.0350641390782673, 1.9710580169915612, -2.7315899274011244, -1.6228854343609045]",20,3.351566687000741,3.1738998940036254,0.09207056200284569,0.08559623099426972
rastrigin,30,process,1,8,12,20,273.1784734960397,"[-0.5681229298418969, 2.872116351392678, 0.1338211975742149, 0.8200002137219411, -0.11566771526271602, 0.6152202674811055, -2.8700974439382954, 0.04044100900232106, 0.47288552127886674, -0.23790623199820476, -1.3949465747356418, -0.011007694544624469, 1.0803449325546404, -1.1618674961275854, -2.8635566476515626, -0.28470204518255793, 1.0401604685077508, 0.15713739184770792, 0.965997834271761, 0.9107556582975318, -0.7602710816785334, -2.134842863413357, -0.03727105623254534, -1.0577988353021932, 1.061612817136256, 2.317790456903987, 2.547414324343335, 1.44651748059004, -0.146409497196355, 0.36296899724257914]",20,3.581611294999675,3.336309575000996,0.06724179600496427,0.17805992399371462
rastrigin,30,process,2,9,12,20,265.13229886110264,"[1.033312584031902, 2.13525495771117, -0.364241473855664, 0.6554436259448273, 0.7018619830685413, 1.0046537755286273, -1.0203290674879613, 0.041489950450594115, -1.8439632171261224, 0.21056961434117616, 2.04384503135103, 1.1423003707593211, 0.053110907229531795, -5.12, 2.5347779933343544, 0.10771547844961743, -0.342931091552155, 0.32535940084051695, -0.029434289968224725, 0.8504470415805656, -0.3704691072905453, -0.9599121560197301, -2.206904509840756, -2.201336278722427, 3.130030713640294, 0.17664008084668148, 0.006183429202134549, -1.0942159891968621, -2.8060615992726796, 1.7873506196684952]",20,4.088924476000102,3.8209783600013907,0.11136973899920122,0.1565763769995101
rastrigin,30,process,3,10,12,20,257.52618344711465,"[-0.22652618040965117, 0.5203947693269311, 0.2607685796669076, 0.14855019487195675, 3.0602709163138924, 1.6788115892436792, -1.0551500663285305, 1.9783921871129466, -1.4530134398002923, 0.3310912303726483, 2.080132424849467, 0.2762470659275271, -0.10782844596523056, 0.041730985404973886, 1.9534935305318895, -1.0300396405502195, 0.041982079368150044, 1.9212623950584515, 0.906379227473582, 0.028179499587134504, 0.9640446770832949, -0.5996031395828412, 2.7887082772175322, 2.090248799907773, 1.6588930655656406, 1.0734712921924803, -2.381923753013182, 0.8830126612617815, -0.7860215239924595, 1.7167961923127573]",20,6.061909498999739,5.608161211994229,0.13199967200307583,0.32174861500243424
rastrigin,30,process,4,11,12,20,280.5447809757675,"[0.2801179895143511, -1.2067748979951816, 0.03433248949474155, -0.9275694926688977, -0.17844658535337649, -0.10870492255323144, 0.0686332370569882, -0.18545133816785186, 1.24265222157133, 0.8647172119603768, 0.14657491531999162, -0.6056886670581962, -0.7804714899921357, -1.1964668512840566, -1.9153632225700774, 0.4027597618418305, -0.28195377697883295, 0.6032862737647174, 1.3819308251131681, -0.9572400247790143, 1.0240692579674773, -1.05513138658277, 2.6948843756684244, 1.3828434266094907, -3.0241841076958464, -0.7789639681572211, -2.964882278910693, 0.22706583390801738, -0.5179067434363847, -0.6685531028557803]",20,2.5440026619999117,2.4016482359984366,0.055659964000369655,0.08669446200110542
rastrigin,30,sequential,0,7,12,20,291.0406521523789,"[-1.4843882870478173, -2.024850700116261, -1.706666387771387, 2.09928878063616, -1.2768555121524203, 0.024323686155569124, -1.57535615837061, 0.06752604146324603, -1.2912976013937252, 3.2602678337563247, 0.845780286207516, -0.2662480833144737, 0.8288866678200341, -1.82448230420064, -0.20000510751213718, 0.24415685553102162, -2.6329177431260886, -2.8155606720399367, -1.061701903350452, 1.1196429276331918, -0.8192885678781054, -2.0784336639435166, -1.0589935266829933, -0.6192268143043849, -0.9744545276773244, -0.08016212859545391, -2.0350641390782673, 1.9710580169915612, -2.7315899274011244, -1.6228854343609045]",20,0.09274798600017675,0.005712013007723726,0.028194622003866243,0.05884135098858678
rastrigin,30,sequential,1,8,12,20,273.1784734960397,"[-0.5681229298418969, 2.872116351392678, 0.1338211975742149, 0.8200002137219411, -0.11566771526271602, 0.6152202674811055, -2.8700974439382954, 0.04044100900232106, 0.47288552127886674, -0.23790623199820476, -1.3949465747356418, -0.011007694544624469, 1.0803449325546404, -1.1618674961275854, -2.8635566476515626, -0.28470204518255793, 1.0401604685077508, 0.15713739184770792, 0.965997834271761, 0.9107556582975318, -0.7602710816785334, -2.134842863413357, -0.03727105623254534, -1.0577988353021932, 1.061612817136256, 2.317790456903987, 2.547414324343335, 1.44651748059004, -0.146409497196355, 0.36296899724257914]",20,0.08124433000011777,0.002562195995778893,0.024966487999336096,0.05371564600500278
rastrigin,30,sequential,2,9,12,20,265.13229886110264,"[1.033312584031902, 2.13525495771117, -0.364241473855664, 0.6554436259448273, 0.7018619830685413, 1.0046537755286273, -1.0203290674879613, 0.041489950450594115, -1.8439632171261224, 0.21056961434117616, 2.04384503135103, 1.1423003707593211, 0.053110907229531795, -5.12, 2.5347779933343544, 0.10771547844961743, -0.342931091552155, 0.32535940084051695, -0.029434289968224725, 0.8504470415805656, -0.3704691072905453, -0.9599121560197301, -2.206904509840756, -2.201336278722427, 3.130030713640294, 0.17664008084668148, 0.006183429202134549, -1.0942159891968621, -2.8060615992726796, 1.7873506196684952]",20,0.09689941400029056,0.012720111997623462,0.015925501993478974,0.06825380000918813
rastrigin,30,sequential,3,10,12,20,257.52618344711465,"[-0.22652618040965117, 0.5203947693269311, 0.2607685796669076, 0.14855019487195675, 3.0602709163138924, 1.6788115892436792, -1.0551500663285305, 1.9783921871129466, -1.4530134398002923, 0.3310912303726483, 2.080132424849467, 0.2762470659275271, -0.10782844596523056, 0.041730985404973886, 1.9534935305318895, -1.0300396405502195, 0.041982079368150044, 1.9212623950584515, 0.906379227473582, 0.028179499587134504, 0.9640446770832949, -0.5996031395828412, 2.7887082772175322, 2.090248799907773, 1.6588930655656406, 1.0734712921924803, -2.381923753013182, 0.8830126612617815, -0.7860215239924595, 1.7167961923127573]",20,0.04490857400014647,0.0036826619907515123,0.019618804997662664,0.021607107011732296
rastrigin,30,sequential,4,11,12,20,280.5447809757675,"[0.2801179895143511, -1.2067748979951816, 0.03433248949474155, -0.9275694926688977, -0.17844658535337649, -0.10870492255323144, 0.0686332370569882, -0.18545133816785186, 1.24265222157133, 0.8647172119603768, 0.14657491531999162, -0.6056886670581962, -0.7804714899921357, -1.1964668512840566, -1.9153632225700774, 0.4027597618418305, -0.28195377697883295, 0.6032862737647174, 1.3819308251131681, -0.9572400247790143, 1.0240692579674773, -1.05513138658277, 2.6948843756684244, 1.3828434266094907, -3.0241841076958464, -0.7789639681572211, -2.964882278910693, 0.22706583390801738, -0.5179067434363847, -0.6685531028557803]",20,0.06049223800073378,0.008675424000102794,0.027397798005040386,0.0244190159955906
rastrigin,30,thread,0,7,12,20,291.0406521523789,"[-1.4843882870478173, -2.024850700116261, -1.706666387771387, 2.09928878063616, -1.2768555121524203, 0.024323686155569124, -1.57535615837061, 0.06752604146324603, -1.2912976013937252, 3.2602678337563247, 0.845780286207516, -0.2662480833144737, 0.8288866678200341, -1.82448230420064, -0.20000510751213718, 0.24415685553102162, -2.6329177431260886, -2.8155606720399367, -1.061701903350452, 1.1196429276331918, -0.8192885678781054, -2.0784336639435166, -1.0589935266829933, -0.6192268143043849, -0.9744545276773244, -0.08016212859545391, -2.0350641390782673, 1.9710580169915612, -2.7315899274011244, -1.6228854343609045]",20,0.528523213999506,0.42605900700073107,0.04622056600055657,0.056243640998218325
rastrigin,30,thread,1,8,12,20,273.1784734960397,"[-0.5681229298418969, 2.872116351392678, 0.1338211975742149, 0.8200002137219411, -0.11566771526271602, 0.6152202674811055, -2.8700974439382954, 0.04044100900232106, 0.47288552127886674, -0.23790623199820476, -1.3949465747356418, -0.011007694544624469, 1.0803449325546404, -1.1618674961275854, -2.8635566476515626, -0.28470204518255793, 1.0401604685077508, 0.15713739184770792, 0.965997834271761, 0.9107556582975318, -0.7602710816785334, -2.134842863413357, -0.03727105623254534, -1.0577988353021932, 1.061612817136256, 2.317790456903987, 2.547414324343335, 1.44651748059004, -0.146409497196355, 0.36296899724257914]",20,0.31423783999889565,0.2524672939998709,0.02631391699651431,0.035456629002510454
rastrigin,30,thread,2,9,12,20,265.13229886110264,"[1.033312584031902, 2.13525495771117, -0.364241473855664, 0.6554436259448273, 0.7018619830685413, 1.0046537755286273, -1.0203290674879613, 0.041489950450594115, -1.8439632171261224, 0.21056961434117616, 2.04384503135103, 1.1423003707593211, 0.053110907229531795, -5.12, 2.5347779933343544, 0.10771547844961743, -0.342931091552155, 0.32535940084051695, -0.029434289968224725, 0.8504470415805656, -0.3704691072905453, -0.9599121560197301, -2.206904509840756, -2.201336278722427, 3.130030713640294, 0.17664008084668148, 0.006183429202134549, -1.0942159891968621, -2.8060615992726796, 1.7873506196684952]",20,1.0428134159992624,0.899367534002522,0.0623321750008472,0.08111370699589315
rastrigin,30,thread,3,10,12,20,257.52618344711465,"[-0.22652618040965117, 0.5203947693269311, 0.2607685796669076, 0.14855019487195675, 3.0602709163138924, 1.6788115892436792, -1.0551500663285305, 1.9783921871129466, -1.4530134398002923, 0.3310912303726483, 2.080132424849467, 0.2762470659275271, -0.10782844596523056, 0.041730985404973886, 1.9534935305318895, -1.0300396405502195, 0.041982079368150044, 1.9212623950584515, 0.906379227473582, 0.028179499587134504, 0.9640446770832949, -0.5996031395828412, 2.7887082772175322, 2.090248799907773, 1.6588930655656406, 1.0734712921924803, -2.381923753013182, 0.8830126612617815, -0.7860215239924595, 1.7167961923127573]",20,0.6630537020009797,0.5604081519977626,0.03721072200278286,0.06543482800043421
rastrigin,30,thread,4,11,12,20,280.5447809757675,"[0.2801179895143511, -1.2067748979951816, 0.03433248949474155, -0.9275694926688977, -0.17844658535337649, -0.10870492255323144, 0.0686332370569882, -0.18545133816785186, 1.24265222157133, 0.8647172119603768, 0.14657491531999162, -0.6056886670581962, -0.7804714899921357, -1.1964668512840566, -1.9153632225700774, 0.4027597618418305, -0.28195377697883295, 0.6032862737647174, 1.3819308251131681, -0.9572400247790143, 1.0240692579674773, -1.05513138658277, 2.6948843756684244, 1.3828434266094907, -3.0241841076958464, -0.7789639681572211, -2.964882278910693, 0.22706583390801738, -0.5179067434363847, -0.6685531028557803]",20,0.5362912839991623,0.3793619300085993,0.024386207001953153,0.1325431469886098
rosenbrock,2,asyncio,0,7,12,20,0.00628618946371497,"[1.0590066889765135, 1.1161995085846714]",20,0.1368981760006136,0.09175749799760524,0.002248719996714499,0.04289195800629386
rosenbrock,2,asyncio,1,8,12,20,0.06407374046327408,"[0.7552318126503924, 0.5768266603574321]",20,0.14453262500137498,0.07306203400003142,0.003377711002030992,0.06809287999931257
rosenbrock,2,asyncio,2,9,12,20,0.04341691767448098,"[0.7953776042347561, 0.6365582077590721]",20,0.11437700799979211,0.0724608009968506,0.004414145007103798,0.03750206199583772
rosenbrock,2,asyncio,3,10,12,20,0.053344586794351265,"[0.8126890327285263, 0.6739761203304487]",20,0.13157560400031798,0.09363092899729963,0.0019203950032533612,0.036024279999764985
rosenbrock,2,asyncio,4,11,12,20,0.020756463067021017,"[0.8569541619629106, 0.7360861025942244]",20,0.03452634699897317,0.019632526995337685,0.0019618140049715294,0.012932005998663954
rosenbrock,2,numpy,0,7,12,20,0.00628618946371497,"[1.0590066889765135, 1.1161995085846714]",20,0.03257988999939698,0.01093183899865835,0.0018220550009573344,0.0198259959997813
rosenbrock,2,numpy,1,8,12,20,0.06407374046327408,"[0.7552318126503924, 0.5768266603574321]",20,0.01125600599880272,0.0010886009949899744,0.0008390759976464324,0.009328329006166314
rosenbrock,2,numpy,2,9,12,20,0.04341691767448098,"[0.7953776042347561, 0.6365582077590721]",20,0.020511180000539753,0.002603783992526587,0.001405978002367192,0.016501418005645974
rosenbrock,2,numpy,3,10,12,20,0.053344586794351265,"[0.8126890327285263, 0.6739761203304487]",20,0.028065791999324574,0.011574748996281414,0.0007146290026867064,0.015776414000356453
rosenbrock,2,numpy,4,11,12,20,0.020756463067021017,"[0.8569541619629106, 0.7360861025942244]",20,0.015806674999112147,0.001935360000061337,0.0009237300000677351,0.012947584998983075
rosenbrock,2,process,0,7,12,20,0.00628618946371497,"[1.0590066889765135, 1.1161995085846714]",20,4.220886225000868,4.061887382997156,0.04477975799818523,0.11421908400552638
rosenbrock,2,process,1,8,12,20,0.06407374046327408,"[0.7552318126503924, 0.5768266603574321]",20,4.001446276000934,3.891888359996301,0.021034914998381282,0.08852300100625143
rosenbrock,2,process,2,9,12,20,0.04341691767448098,"[0.7953776042347561, 0.6365582077590721]",20,3.9843027189999702,3.881663102991297,0.0037331010007619625,0.09890651500791137
rosenbrock,2,process,3,10,12,20,0.053344586794351265,"[0.8126890327285263, 0.6739761203304487]",20,3.4567286519995832,3.3246444950000296,0.006464427002356388,0.12561972999719728
rosenbrock,2,process,4,11,12,20,0.020756463067021017,"[0.8569541619629106, 0.7360861025942244]",20,3.2496969290004927,3.169322067995381,0.003405812998607871,0.07696904800650373
rosenbrock,2,sequential,0,7,12,20,0.00628618946371497,"[1.0590066889765135, 1.1161995085846714]",20,0.005730681999921217,0.0004400140005600406,0.001076501999705215,0.004214165999655961
rosenbrock,2,sequential,1,8,12,20,0.06407374046327408,"[0.7552318126503924, 0.5768266603574321]",20,0.004655317001379444,0.000371316005839617,0.0007761240012769122,0.003507876994262915
rosenbrock,2,sequential,2,9,12,20,0.04341691767448098,"[0.7953776042347561, 0.6365582077590721]",20,0.052731132998815156,0.004401354000947322,0.006205871000929619,0.042123907996938215
rosenbrock,2,sequential,3,10,12,20,0.053344586794351265,"[0.8126890327285263, 0.6739761203304487]",20,0.11337662599908072,0.00040382099541602656,0.001224154002557043,0.11174865100110765
rosenbrock,2,sequential,4,11,12,20,0.020756463067021017,"[0.8569541619629106, 0.7360861025942244]",20,0.02467228299974522,0.0037292959987098584,0.0013445600015984382,0.019598426999436924
rosenbrock,2,thread,0,7,12,20,0.00628618946371497,"[1.0590066889765135, 1.1161995085846714]",20,0.713629657000638,0.6367888420045347,0.003492054003800149,0.07334876099230314
rosenbrock,2,thread,1,8,12,20,0.06407374046327408,"[0.7552318126503924, 0.5768266603574321]",20,2.310875731000124,2.1497768630051723,0.006268171004194301,0.15483069699075713
rosenbrock,2,thread,2,9,12,20,0.04341691767448098,"[0.7953776042347561, 0.6365582077590721]",20,0.8612807299996348,0.8006913170011103,0.00446395199833205,0.056125461000192445
rosenbrock,2,thread,3,10,12,20,0.053344586794351265,"[0.8126890327285263, 0.6739761203304487]",20,0.5426571589996456,0.5002311689950147,0.003313779996460653,0.03911221000817022
rosenbrock,2,thread,4,11,12,20,0.020756463067021017,"[0.8569541619629106, 0.7360861025942244]",20,0.7064153039991652,0.6636270540038822,0.007390695998765295,0.03539755399651767
rosenbrock,10,asyncio,0,7,12,20,30.71476108074286,"[0.45749921630773127, 0.3006813548706973, 0.23763480027798983, -0.05974424471627676, -0.2773680884300036, 0.012984366664420426, -0.016292551448426174, 0.2581142630757038, 0.21186601584165482, 0.18549398121785202]",20,0.07716236099986418,0.02407268800016027,0.01714547400115407,0.03594419899854984
rosenbrock,10,asyncio,1,8,12,20,9.810123135748135,"[0.8901189628953927, 0.7179952965031707, 0.553513271302384, 0.3468080288903731, 0.028904054686492868, -0.07737948442005436, 0.06608770735434877, -0.08799318464661202, -0.028533630477953945, 0.047964576959597514]",20,0.04526265500135196,0.021571515999312396,0.011166487996888463,0.0125246510051511
rosenbrock,10,asyncio,2,9,12,20,26.38845204934595,"[-0.3276723617216766, -0.06993154034410493, -0.07975732187602108, 0.06310388017473811, -0.18036403189258993, 0.2752874195482876, 0.19575352631118145, 0.1584243609885517, 0.0980531758440544, -0.05841404739647216]",20,0.057979295999757596,0.02805696799623547,0.008927332997700432,0.020994995005821693
rosenbrock,10,asyncio,3,10,12,20,28.548777562514104,"[-0.6277035095991397, 0.4446539892327174, 0.16103735466974944, 0.12405723928525125, 0.027948876386402807, -0.22664602092793246, 0.26147300849146815, 0.2251476281725366, -0.18616662847096696, 0.06515189793690514]",20,0.029636178000146174,0.016785539997727028,0.004429882003023522,0.008420755999395624
rosenbrock,10,asyncio,4,11,12,20,39.62530952245397,"[-0.23208375385702995, -0.031968629283578354, 0.07072052752715242, 0.3584961214303093, 0.14448426473461579, -0.05322196462816384, 0.005411095809418752, -0.2666936402593369, 0.32601051182487734, 0.278729194558455]",20,0.15269833499951346,0.0863051829928736,0.025393624999196618,0.04099952700744325
rosenbrock,10,numpy,0,7,12,20,30.71476108074286,"[0.45749921630773127, 0.3006813548706973, 0.23763480027798983, -0.05974424471627676, -0.2773680884300036, 0.012984366664420426, -0.016292551448426174, 0.2581142630757038, 0.21186601584165482, 0.18549398121785202]",20,0.025303383999926155,0.0024563839979236946,0.0061822579918953124,0.016664742010107148
rosenbrock,10,numpy,1,8,12,20,9.810123135748135,"[0.8901189628953927, 0.7179952965031707, 0.553513271302384, 0.3468080288903731, 0.028904054686492868, -0.07737948442005436, 0.06608770735434877, -0.08799318464661202, -0.028533630477953945, 0.047964576959597514]",20,0.0319365410014143,0.00549722399955499,0.007854587001929758,0.01858472999992955
rosenbrock,10,numpy,2,9,12,20,26.38845204934595,"[-0.3276723617216766, -0.06993154034410493, -0.07975732187602108, 0.06310388017473811, -0.18036403189258993, 0.2752874195482876, 0.19575352631118145, 0.1584243609885517, 0.0980531758440544, -0.05841404739647216]",20,0.024440832999971462,0.002393648004726856,0.010429866999402293,0.011617317995842313
rosenbrock,10,numpy,3,10,12,20,28.548777562514104,"[-0.6277035095991397, 0.4446539892327174, 0.16103735466974944, 0.12405723928525125, 0.027948876386402807, -0.22664602092793246, 0.26147300849146815, 0.2251476281725366, -0.18616662847096696, 0.06515189793690514]",20,0.0390462600007595,0.0027539389975572703,0.012186675996417762,0.02410564500678447
rosenbrock,10,numpy,4,11,12,20,39.62530952245397,"[-0.23208375385702995, -0.031968629283578354, 0.07072052752715242, 0.3584961214303093, 0.14448426473461579, -0.05322196462816384, 0.005411095809418752, -0.2666936402593369, 0.32601051182487734, 0.278729194558455]",20,0.1278648860006797,0.023807741999917198,0.014678147996164626,0.08937899600459787
rosenbrock,10,process,0,7,12,20,30.71476108074286,"[0.45749921630773127, 0.3006813548706973, 0.23763480027798983, -0.05974424471627676, -0.2773680884300036, 0.012984366664420426, -0.016292551448426174, 0.2581142630757038, 0.21186601584165482, 0.18549398121785202]",20,4.635491076000108,4.552760883001611,0.010687932999644545,0.07204225999885239
rosenbrock,10,process,1,8,12,20,9.810123135748135,"[0.8901189628953927, 0.7179952965031707, 0.553513271302384, 0.3468080288903731, 0.028904054686492868, -0.07737948442005436, 0.06608770735434877, -0.08799318464661202, -0.028533630477953945, 0.047964576959597514]",20,9.612214830000084,9.232586224992701,0.04528204199777974,0.3343465630096034
rosenbrock,10,process,2,9,12,20,26.38845204934595,"[-0.3276723617216766, -0.06993154034410493, -0.07975732187602108, 0.06310388017473811, -0.18036403189258993, 0.2752874195482876, 0.19575352631118145, 0.1584243609885517, 0.0980531758440544, -0.05841404739647216]",20,4.217703577000066,3.945653069002219,0.033411819002139964,0.23863868899570662
rosenbrock,10,process,3,10,12,20,28.548777562514104,"[-0.6277035095991397, 0.4446539892327174, 0.16103735466974944, 0.12405723928525125, 0.027948876386402807, -0.22664602092793246, 0.26147300849146815, 0.2251476281725366, -0.18616662847096696, 0.06515189793690514]",20,3.5779504860001907,3.435350493997248,0.00773989899425942,0.13486009300868318
rosenbrock,10,process,4,11,12,20,39.62530952245397,"[-0.23208375385702995, -0.031968629283578354, 0.07072052752715242, 0.3584961214303093, 0.14448426473461579, -0.05322196462816384, 0.005411095809418752, -0.2666936402593369, 0.32601051182487734, 0.278729194558455]",20,6.388833291999617,6.181687621996389,0.029724204998274217,0.17742146500495437
rosenbrock,10,sequential,0,7,12,20,30.71476108074286,"[0.45749921630773127, 0.3006813548706973, 0.23763480027798983, -0.05974424471627676, -0.2773680884300036, 0.012984366664420426, -0.016292551448426174, 0.2581142630757038, 0.21186601584165482, 0.18549398121785202]",20,0.08924126700003399,0.002400237006440875,0.013071806002699304,0.0737692239908938
rosenbrock,10,sequential,1,8,12,20,9.810123135748135,"[0.8901189628953927, 0.7179952965031707, 0.553513271302384, 0.3468080288903731, 0.028904054686492868, -0.07737948442005436, 0.06608770735434877, -0.08799318464661202, -0.028533630477953945, 0.047964576959597514]",20,0.08893727000031504,0.0036618879985326203,0.008191226001144969,0.07708415600063745
rosenbrock,10,sequential,2,9,12,20,26.38845204934595,"[-0.3276723617216766, -0.06993154034410493, -0.07975732187602108, 0.06310388017473811, -0.18036403189258993, 0.2752874195482876, 0.19575352631118145, 0.1584243609885517, 0.0980531758440544, -0.05841404739647216]",20,0.05545659999916097,0.007006971003647777,0.007828975994925713,0.04062065300058748
rosenbrock,10,sequential,3,10,12,20,28.548777562514104,"[-0.6277035095991397, 0.4446539892327174, 0.16103735466974944, 0.12405723928525125, 0.027948876386402807, -0.22664602092793246, 0.26147300849146815, 0.2251476281725366, -0.18616662847096696, 0.06515189793690514]",20,0.058231925999280065,0.0028589989960892126,0.028203447996929754,0.0271694790062611
rosenbrock,10,sequential,4,11,12,20,39.62530952245397,"[-0.23208375385702995, -0.031968629283578354, 0.07072052752715242, 0.3584961214303093, 0.14448426473461579, -0.05322196462816384, 0.005411095809418752, -0.2666936402593369, 0.32601051182487734, 0.278729194558455]",20,0.05904939799984277,0.0021630770006595412,0.02140293500269763,0.035483385996485595
rosenbrock,10,thread,0,7,12,20,30.71476108074286,"[0.45749921630773127, 0.3006813548706973, 0.23763480027798983, -0.05974424471627676, -0.2773680884300036, 0.012984366664420426, -0.016292551448426174, 0.2581142630757038, 0.21186601584165482, 0.18549398121785202]",20,0.8740166209991003,0.7819558700102789,0.05121920100100397,0.040841549987817416
rosenbrock,10,thread,1,8,12,20,9.810123135748135,"[0.8901189628953927, 0.7179952965031707, 0.553513271302384, 0.3468080288903731, 0.028904054686492868, -0.07737948442005436, 0.06608770735434877, -0.08799318464661202, -0.028533630477953945, 0.047964576959597514]",20,0.3500001520005753,0.3107312689990067,0.01438328000040201,0.0248856030011666
rosenbrock,10,thread,2,9,12,20,26.38845204934595,"[-0.3276723617216766, -0.06993154034410493, -0.07975732187602108, 0.06310388017473811, -0.18036403189258993, 0.2752874195482876, 0.19575352631118145, 0.1584243609885517, 0.0980531758440544, -0.05841404739647216]",20,1.4666330340005516,1.386856188002639,0.017164808998131775,0.06261203699978068
rosenbrock,10,thread,3,10,12,20,28.548777562514104,"[-0.6277035095991397, 0.4446539892327174, 0.16103735466974944, 0.12405723928525125, 0.027948876386402807, -0.22664602092793246, 0.26147300849146815, 0.2251476281725366, -0.18616662847096696, 0.06515189793690514]",20,1.2557037270016735,1.1193820520002191,0.022362120002071606,0.11395955499938282
rosenbrock,10,thread,4,11,12,20,39.62530952245397,"[-0.23208375385702995, -0.031968629283578354, 0.07072052752715242, 0.3584961214303093, 0.14448426473461579, -0.05322196462816384, 0.005411095809418752, -0.2666936402593369, 0.32601051182487734, 0.278729194558455]",20,1.0305810810004914,0.9486575339997216,0.0183418190026714,0.06358172799809836
rosenbrock,30,asyncio,0,7,12,20,509.0346859594597,"[-0.18674283502260647, -0.3960604657661044, 0.37458375981007697, -0.3950748784482996, -0.11803496568455712, -0.9532186314497727, 0.9876390904553917, 0.4784954451157153, 0.3287620121421987, 0.49427200509665226, -0.020371519918139236, 0.44447586153500307, -0.25246520683760965, -0.4496705615339505, -0.084340457899715, -0.33805970868563673, -0.42057579120515226, -0.23547773491234336, -0.6267256209323823, 0.4539730607693844, 0.8738362466678349, 0.7735222712288558, 0.6377496372891203, 0.07007752148917351, -0.016099354540808908, -0.016404344416750836, -0.20050298830709998, 0.308386350896107, -0.35894825441906153, -0.1484579991531108]",20,0.15094441800101777,0.08585773800041352,0.03058220999810146,0.034504470002502785
rosenbrock,30,asyncio,1,8,12,20,363.0462990543806,"[0.6252267617615866, 0.39228718593911216, -0.2506558072394032, -0.7083069465388353, 0.2962594569226423, -0.28456892191145533, 0.9379324408623962, 0.565229882715092, 0.10000746388743414, -0.19353862504115543, 0.16170415644036434, -0.025548157580760483, -0.0801824156219613, -0.018243421805687415, -0.40999107478803276, -0.017654351496220355, 0.09146879688900919, 0.38860096758290197, -0.07274916181672708, -0.46381389650458105, 0.6497090296436131, 0.2771442413837262, 0.1315545965904488, -0.15422101584803444, 0.10831837595564475, 0.3326627561194748, 0.006729716113632933, -0.535910490688217, -0.12293772630907021, -0.034035877588620506]",20,0.0977458569996088,0.03810130800047773,0.027563251998799387,0.03208129700033169
rosenbrock,30,asyncio,2,9,12,20,658.3415154188343,"[1.1040693320941446, 1.046707463655072, 0.36361687319007113, -0.1954481241679617, -0.5105625868401116, -0.3527589737778827, -0.4409357018847247, -0.02599337487505165, -0.7613516670309608, 0.860670625605019, 0.9331026895887922, 0.49077355053572425, 0.3170921116084885, -0.6281586739461271, 0.4642778785521412, -0.010253613269081974, 0.37714609469843735, 0.07397940599951854, 0.26642476864416026, -0.35031538533918133, 0.4124417295597887, 0.3611868953484114, 0.19753055245829987, 0.08024477150069015, 0.735211213142398, -0.4130847218585089, -0.6269406100795716, 0.2527979600297487, -0.6402797276085753, 0.523568654669059]",20,0.1394456780017208,0.0573588160041254,0.02901227699840092,0.053074584999194485
rosenbrock,30,asyncio,3,10,12,20,323.7532803063559,"[0.5690927028364465, 0.050249553140046865, 0.3813423625172849, 0.6869912968595686, 0.40574358143684863, 0.19527280616257653, 0.3459882380691261, 0.5883560982956073, 0.12799781081127848, -0.20557109354655548, 0.2738172964569155, -0.5083534918569332, 0.1614240655483831, 0.4061684231855923, 0.48144592197408875, -0.1528186851929048, 0.01869262595560081, 0.32831750833777323, -0.06545986316568897, -0.6610881268141255, 0.10091981139908375, -0.07846919366499568, 0.4532123067024647, 0.21469140499959327, -0.2573479374860119, 0.264392814504001, 0.19375022209305642, -0.01694173046832914, -0.16489415837842863, -0.4126076659316778]",20,0.08565007399920432,0.03700672600280086,0.011805444000856369,0.036837903995547094
rosenbrock,30,asyncio,4,11,12,20,387.7132000013803,"[-1.080652388529172, 0.46314137518583776, 0.7790540396077568, 0.33667366606410326, -0.35770391286417597, -0.2775394316538529, -0.10562248403896145, -0.292629422397902, -0.2672241367696622, 0.1448121366561045, -0.0415172659025867, 0.6087850803105215, 0.7942495325300872, 0.7399655934132997, 0.6844008757353522, 0.723307484734574, 0.44778662079841225, -0.1704902107281258, 0.02989942873679953, 0.6555544656665419, 0.5535022123990225, 0.3569016405423825, 0.05883530563722014, 0.09633624035753563, 0.3323206227536962, 0.2382606019768972, -0.3673355898012597, 0.5614533692602686, 0.31122848070438414, -0.5150031043273046]",20,0.09168602399950032,0.044532664003781974,0.020094936009627418,0.02705842398609093
rosenbrock,30,numpy,0,7,12,20,509.0346859594597,"[-0.18674283502260647, -0.3960604657661044, 0.37458375981007697, -0.3950748784482996, -0.11803496568455712, -0.9532186314497727, 0.9876390904553917, 0.4784954451157153, 0.3287620121421987, 0.49427200509665226, -0.020371519918139236, 0.44447586153500307, -0.25246520683760965, -0.4496705615339505, -0.084340457899715, -0.33805970868563673, -0.42057579120515226, -0.23547773491234336, -0.6267256209323823, 0.4539730607693844, 0.8738362466678349, 0.7735222712288558, 0.6377496372891203, 0.07007752148917351, -0.016099354540808908, -0.016404344416750836, -0.20050298830709998, 0.308386350896107, -0.35894825441906153, -0.1484579991531108]",20,0.0895996950002882,0.005313276995366323,0.05933603799894627,0.024950380005975603
rosenbrock,30,numpy,1,8,12,20,363.0462990543805,"[0.6252267617615866, 0.39228718593911216, -0.2506558072394032, -0.7083069465388353, 0.2962594569226423, -0.28456892191145533, 0.9379324408623962, 0.565229882715092, 0.10000746388743414, -0.19353862504115543, 0.16170415644036434, -0.025548157580760483, -0.0801824156219613, -0.018243421805687415, -0.40999107478803276, -0.017654351496220355, 0.09146879688900919, 0.38860096758290197, -0.07274916181672708, -0.46381389650458105, 0.6497090296436131, 0.2771442413837262, 0.1315545965904488, -0.15422101584803444, 0.10831837595564475, 0.3326627561194748, 0.006729716113632933, -0.535910490688217, -0.12293772630907021, -0.034035877588620506]",20,0.04697475899956771,0.010032514001068193,0.013644351001858013,0.023297893996641506
rosenbrock,30,numpy,2,9,12,20,658.3415154188343,"[1.1040693320941446, 1.046707463655072, 0.36361687319007113, -0.1954481241679617, -0.5105625868401116, -0.3527589737778827, -0.4409357018847247, -0.02599337487505165, -0.7613516670309608, 0.860670625605019, 0.9331026895887922, 0.49077355053572425, 0.3170921116084885, -0.6281586739461271, 0.4642778785521412, -0.010253613269081974, 0.37714609469843735, 0.07397940599951854, 0.26642476864416026, -0.35031538533918133, 0.4124417295597887, 0.3611868953484114, 0.19753055245829987, 0.08024477150069015, 0.735211213142398, -0.4130847218585089, -0.6269406100795716, 0.2527979600297487, -0.6402797276085753, 0.523568654669059]",20,0.15477026799999294,0.002437967998048407,0.134493300000031,0.01783900000191352
rosenbrock,30,numpy,3,10,12,20,323.75328030635586,"[0.5690927028364465, 0.050249553140046865, 0.3813423625172849, 0.6869912968595686, 0.40574358143684863, 0.19527280616257653, 0.3459882380691261, 0.5883560982956073, 0.12799781081127848, -0.20557109354655548, 0.2738172964569155, -0.5083534918569332, 0.1614240655483831, 0.4061684231855923, 0.48144592197408875, -0.1528186851929048, 0.01869262595560081, 0.32831750833777323, -0.06545986316568897, -0.6610881268141255, 0.10091981139908375, -0.07846919366499568, 0.4532123067024647, 0.21469140499959327, -0.2573479374860119, 0.264392814504001, 0.19375022209305642, -0.01694173046832914, -0.16489415837842863, -0.4126076659316778]",20,0.029962415001136833,0.006836138003563974,0.011434659001679393,0.011691617995893466
rosenbrock,30,numpy,4,11,12,20,387.7132000013803,"[-1.080652388529172, 0.46314137518583776, 0.7790540396077568, 0.33667366606410326, -0.35770391286417597, -0.2775394316538529, -0.10562248403896145, -0.292629422397902, -0.2672241367696622, 0.1448121366561045, -0.0415172659025867, 0.6087850803105215, 0.7942495325300872, 0.7399655934132997, 0.6844008757353522, 0.723307484734574, 0.44778662079841225, -0.1704902107281258, 0.02989942873679953, 0.6555544656665419, 0.5535022123990225, 0.3569016405423825, 0.05883530563722014, 0.09633624035753563, 0.3323206227536962, 0.2382606019768972, -0.3673355898012597, 0.5614533692602686, 0.31122848070438414, -0.5150031043273046]",20,0.23556597199967655,0.003079350995903951,0.15872055099862337,0.07376607000514923
rosenbrock,30,process,0,7,12,20,509.0346859594597,"[-0.18674283502260647, -0.3960604657661044, 0.37458375981007697, -0.3950748784482996, -0.11803496568455712, -0.9532186314497727, 0.9876390904553917, 0.4784954451157153, 0.3287620121421987, 0.49427200509665226, -0.020371519918139236, 0.44447586153500307, -0.25246520683760965, -0.4496705615339505, -0.084340457899715, -0.33805970868563673, -0.42057579120515226, -0.23547773491234336, -0.6267256209323823, 0.4539730607693844, 0.8738362466678349, 0.7735222712288558, 0.6377496372891203, 0.07007752148917351, -0.016099354540808908, -0.016404344416750836, -0.20050298830709998, 0.308386350896107, -0.35894825441906153, -0.1484579991531108]",20,7.318778752998696,7.024069448001683,0.06623634199422668,0.22847296300278686
rosenbrock,30,process,1,8,12,20,363.0462990543806,"[0.6252267617615866, 0.39228718593911216, -0.2506558072394032, -0.7083069465388353, 0.2962594569226423, -0.28456892191145533, 0.9379324408623962, 0.565229882715092, 0.10000746388743414, -0.19353862504115543, 0.16170415644036434, -0.025548157580760483, -0.0801824156219613, -0.018243421805687415, -0.40999107478803276, -0.017654351496220355, 0.09146879688900919, 0.38860096758290197, -0.07274916181672708, -0.46381389650458105, 0.6497090296436131, 0.2771442413837262, 0.1315545965904488, -0.15422101584803444, 0.10831837595564475, 0.3326627561194748, 0.006729716113632933, -0.535910490688217, -0.12293772630907021, -0.034035877588620506]",20,7.1271575189985015,6.838090283003112,0.1211388799983979,0.16792835599699174
rosenbrock,30,process,2,9,12,20,658.3415154188343,"[1.1040693320941446, 1.046707463655072, 0.36361687319007113, -0.1954481241679617, -0.5105625868401116, -0.3527589737778827, -0.4409357018847247, -0.02599337487505165, -0.7613516670309608, 0.860670625605019, 0.9331026895887922, 0.49077355053572425, 0.3170921116084885, -0.6281586739461271, 0.4642778785521412, -0.010253613269081974, 0.37714609469843735, 0.07397940599951854, 0.26642476864416026, -0.35031538533918133, 0.4124417295597887, 0.3611868953484114, 0.19753055245829987, 0.08024477150069015, 0.735211213142398, -0.4130847218585089, -0.6269406100795716, 0.2527979600297487, -0.6402797276085753, 0.523568654669059]",20,5.715414762998989,5.489007561000108,0.08749847099716135,0.1389087310017203
rosenbrock,30,process,3,10,12,20,323.7532803063559,"[0.5690927028364465, 0.050249553140046865, 0.3813423625172849, 0.6869912968595686, 0.40574358143684863, 0.19527280616257653, 0.3459882380691261, 0.5883560982956073, 0.12799781081127848, -0.20557109354655548, 0.2738172964569155, -0.5083534918569332, 0.1614240655483831, 0.4061684231855923, 0.48144592197408875, -0.1528186851929048, 0.01869262595560081, 0.32831750833777323, -0.06545986316568897, -0.6610881268141255, 0.10091981139908375, -0.07846919366499568, 0.4532123067024647, 0.21469140499959327, -0.2573479374860119, 0.264392814504001, 0.19375022209305642, -0.01694173046832914, -0.16489415837842863, -0.4126076659316778]",20,4.7839093880011205,4.424104777999673,0.11466228601057082,0.24514232399087632
rosenbrock,30,process,4,11,12,20,387.7132000013803,"[-1.080652388529172, 0.46314137518583776, 0.7790540396077568, 0.33667366606410326, -0.35770391286417597, -0.2775394316538529, -0.10562248403896145, -0.292629422397902, -0.2672241367696622, 0.1448121366561045, -0.0415172659025867, 0.6087850803105215, 0.7942495325300872, 0.7399655934132997, 0.6844008757353522, 0.723307484734574, 0.44778662079841225, -0.1704902107281258, 0.02989942873679953, 0.6555544656665419, 0.5535022123990225, 0.3569016405423825, 0.05883530563722014, 0.09633624035753563, 0.3323206227536962, 0.2382606019768972, -0.3673355898012597, 0.5614533692602686, 0.31122848070438414, -0.5150031043273046]",20,3.140311410999857,3.0218913669996255,0.03457628999785811,0.08384375400237332
rosenbrock,30,sequential,0,7,12,20,509.0346859594597,"[-0.18674283502260647, -0.3960604657661044, 0.37458375981007697, -0.3950748784482996, -0.11803496568455712, -0.9532186314497727, 0.9876390904553917, 0.4784954451157153, 0.3287620121421987, 0.49427200509665226, -0.020371519918139236, 0.44447586153500307, -0.25246520683760965, -0.4496705615339505, -0.084340457899715, -0.33805970868563673, -0.42057579120515226, -0.23547773491234336, -0.6267256209323823, 0.4539730607693844, 0.8738362466678349, 0.7735222712288558, 0.6377496372891203, 0.07007752148917351, -0.016099354540808908, -0.016404344416750836, -0.20050298830709998, 0.308386350896107, -0.35894825441906153, -0.1484579991531108]",20,0.048852643001737306,0.008493765997627634,0.018885533996581216,0.021473343007528456
rosenbrock,30,sequential,1,8,12,20,363.0462990543806,"[0.6252267617615866, 0.39228718593911216, -0.2506558072394032, -0.7083069465388353, 0.2962594569226423, -0.28456892191145533, 0.9379324408623962, 0.565229882715092, 0.10000746388743414, -0.19353862504115543, 0.16170415644036434, -0.025548157580760483, -0.0801824156219613, -0.018243421805687415, -0.40999107478803276, -0.017654351496220355, 0.09146879688900919, 0.38860096758290197, -0.07274916181672708, -0.46381389650458105, 0.6497090296436131, 0.2771442413837262, 0.1315545965904488, -0.15422101584803444, 0.10831837595564475, 0.3326627561194748, 0.006729716113632933, -0.535910490688217, -0.12293772630907021, -0.034035877588620506]",20,0.41040208600134065,0.1845509780014254,0.07023855399165768,0.15561255400825758
rosenbrock,30,sequential,2,9,12,20,658.3415154188343,"[1.1040693320941446, 1.046707463655072, 0.36361687319007113, -0.1954481241679617, -0.5105625868401116, -0.3527589737778827, -0.4409357018847247, -0.02599337487505165, -0.7613516670309608, 0.860670625605019, 0.9331026895887922, 0.49077355053572425, 0.3170921116084885, -0.6281586739461271, 0.4642778785521412, -0.010253613269081974, 0.37714609469843735, 0.07397940599951854, 0.26642476864416026, -0.35031538533918133, 0.4124417295597887, 0.3611868953484114, 0.19753055245829987, 0.08024477150069015, 0.735211213142398, -0.4130847218585089, -0.6269406100795716, 0.2527979600297487, -0.6402797276085753, 0.523568654669059]",20,0.11206880200006708,0.02127265000672196,0.05030801899556536,0.04048813299777976
rosenbrock,30,sequential,3,10,12,20,323.7532803063559,"[0.5690927028364465, 0.050249553140046865, 0.3813423625172849, 0.6869912968595686, 0.40574358143684863, 0.19527280616257653, 0.3459882380691261, 0.5883560982956073, 0.12799781081127848, -0.20557109354655548, 0.2738172964569155, -0.5083534918569332, 0.1614240655483831, 0.4061684231855923, 0.48144592197408875, -0.1528186851929048, 0.01869262595560081, 0.32831750833777323, -0.06545986316568897, -0.6610881268141255, 0.10091981139908375, -0.07846919366499568, 0.4532123067024647, 0.21469140499959327, -0.2573479374860119, 0.264392814504001, 0.19375022209305642, -0.01694173046832914, -0.16489415837842863, -0.4126076659316778]",20,0.28038304400070047,0.05438993199641118,0.11071147700386064,0.11528163500042865
rosenbrock,30,sequential,4,11,12,20,387.7132000013803,"[-1.080652388529172, 0.46314137518583776, 0.7790540396077568, 0.33667366606410326, -0.35770391286417597, -0.2775394316538529, -0.10562248403896145, -0.292629422397902, -0.2672241367696622, 0.1448121366561045, -0.0415172659025867, 0.6087850803105215, 0.7942495325300872, 0.7399655934132997, 0.6844008757353522, 0.723307484734574, 0.44778662079841225, -0.1704902107281258, 0.02989942873679953, 0.6555544656665419, 0.5535022123990225, 0.3569016405423825, 0.05883530563722014, 0.09633624035753563, 0.3323206227536962, 0.2382606019768972, -0.3673355898012597, 0.5614533692602686, 0.31122848070438414, -0.5150031043273046]",20,0.14148902899978566,0.010369241997977952,0.06688911900164385,0.06423066800016386
rosenbrock,30,thread,0,7,12,20,509.0346859594597,"[-0.18674283502260647, -0.3960604657661044, 0.37458375981007697, -0.3950748784482996, -0.11803496568455712, -0.9532186314497727, 0.9876390904553917, 0.4784954451157153, 0.3287620121421987, 0.49427200509665226, -0.020371519918139236, 0.44447586153500307, -0.25246520683760965, -0.4496705615339505, -0.084340457899715, -0.33805970868563673, -0.42057579120515226, -0.23547773491234336, -0.6267256209323823, 0.4539730607693844, 0.8738362466678349, 0.7735222712288558, 0.6377496372891203, 0.07007752148917351, -0.016099354540808908, -0.016404344416750836, -0.20050298830709998, 0.308386350896107, -0.35894825441906153, -0.1484579991531108]",20,1.736016553999434,1.547276614996008,0.08522375499705959,0.10351618400636653
rosenbrock,30,thread,1,8,12,20,363.0462990543806,"[0.6252267617615866, 0.39228718593911216, -0.2506558072394032, -0.7083069465388353, 0.2962594569226423, -0.28456892191145533, 0.9379324408623962, 0.565229882715092, 0.10000746388743414, -0.19353862504115543, 0.16170415644036434, -0.025548157580760483, -0.0801824156219613, -0.018243421805687415, -0.40999107478803276, -0.017654351496220355, 0.09146879688900919, 0.38860096758290197, -0.07274916181672708, -0.46381389650458105, 0.6497090296436131, 0.2771442413837262, 0.1315545965904488, -0.15422101584803444, 0.10831837595564475, 0.3326627561194748, 0.006729716113632933, -0.535910490688217, -0.12293772630907021, -0.034035877588620506]",20,1.144749438000872,1.0804059880028944,0.02714093200302159,0.037202517994956
rosenbrock,30,thread,2,9,12,20,658.3415154188343,"[1.1040693320941446, 1.046707463655072, 0.36361687319007113, -0.1954481241679617, -0.5105625868401116, -0.3527589737778827, -0.4409357018847247, -0.02599337487505165, -0.7613516670309608, 0.860670625605019, 0.9331026895887922, 0.49077355053572425, 0.3170921116084885, -0.6281586739461271, 0.4642778785521412, -0.010253613269081974, 0.37714609469843735, 0.07397940599951854, 0.26642476864416026, -0.35031538533918133, 0.4124417295597887, 0.3611868953484114, 0.19753055245829987, 0.08024477150069015, 0.735211213142398, -0.4130847218585089, -0.6269406100795716, 0.2527979600297487, -0.6402797276085753, 0.523568654669059]",20,2.1962424290013587,1.9589071690024866,0.06979150400002254,0.16754375599884952
rosenbrock,30,thread,3,10,12,20,323.7532803063559,"[0.5690927028364465, 0.050249553140046865, 0.3813423625172849, 0.6869912968595686, 0.40574358143684863, 0.19527280616257653, 0.3459882380691261, 0.5883560982956073, 0.12799781081127848, -0.20557109354655548, 0.2738172964569155, -0.5083534918569332, 0.1614240655483831, 0.4061684231855923, 0.48144592197408875, -0.1528186851929048, 0.01869262595560081, 0.32831750833777323, -0.06545986316568897, -0.6610881268141255, 0.10091981139908375, -0.07846919366499568, 0.4532123067024647, 0.21469140499959327, -0.2573479374860119, 0.264392814504001, 0.19375022209305642, -0.01694173046832914, -0.16489415837842863, -0.4126076659316778]",20,1.1615996309992624,0.9849365270019916,0.09346753700083354,0.08319556699643726
rosenbrock,30,thread,4,11,12,20,387.7132000013803,"[-1.080652388529172, 0.46314137518583776, 0.7790540396077568, 0.33667366606410326, -0.35770391286417597, -0.2775394316538529, -0.10562248403896145, -0.292629422397902, -0.2672241367696622, 0.1448121366561045, -0.0415172659025867, 0.6087850803105215, 0.7942495325300872, 0.7399655934132997, 0.6844008757353522, 0.723307484734574, 0.44778662079841225, -0.1704902107281258, 0.02989942873679953, 0.6555544656665419, 0.5535022123990225, 0.3569016405423825, 0.05883530563722014, 0.09633624035753563, 0.3323206227536962, 0.2382606019768972, -0.3673355898012597, 0.5614533692602686, 0.31122848070438414, -0.5150031043273046]",20,0.9806287869996595,0.8510196800016274,0.04112470499785559,0.08848440200017649
