objective,dimensions,mode,flight_number,sample_count,treasure_crumbs_mean,average_crumbs_mean,evaluation_seconds_mean,update_seconds_mean,overhead_seconds_mean
sphere,2,sequential,0,3,2.0159294310540505,16.917159151230237,1.7331999818755623e-05,0.0,3.5865333302353974e-05
sphere,2,sequential,1,3,1.2193761638551088,6.385762968620898,1.3588666661235038e-05,7.797366682401237e-05,2.217499998854085e-05
sphere,2,sequential,2,3,0.32807349529397445,2.2076044494877123,1.1723666830221191e-05,5.7936333481241796e-05,1.8725000093885075e-05
sphere,2,sequential,3,3,0.14964960764049454,1.402000606439486,1.0203000177474072e-05,5.4003333085953877e-05,1.3996666893945076e-05
sphere,2,sequential,4,3,0.14964960764049454,0.8897813752002947,1.2821333257306833e-05,4.969600013282616e-05,1.2304000241177468e-05
sphere,2,sequential,5,3,0.08595099618345962,0.5223748694354822,1.0024333581289587e-05,5.119233295166244e-05,1.3075000121413419e-05
sphere,2,sequential,6,3,0.039162553835869626,0.3966347001344513,1.0234000001219101e-05,5.3157666419186476e-05,1.2288666766835377e-05
sphere,2,sequential,7,3,0.02371824680688091,0.30262998354311943,1.012766673132622e-05,5.0690000231649414e-05,1.222033339824217e-05
sphere,2,sequential,8,3,0.02371824680688091,0.26408151997335955,9.706999965904592e-06,4.930199975206051e-05,1.1335333814107193e-05
sphere,2,sequential,9,3,0.02371824680688091,0.24549854753569603,1.4359333363245241e-05,5.233166666585021e-05,1.0788000205745144e-05
sphere,2,sequential,10,3,0.02371824680688091,0.2106055494158653,1.3315000008636465e-05,5.975666681479197e-05,1.6004333398692932e-05
sphere,2,sequential,11,3,0.020046444349482048,0.1875684540198755,1.1776333546246557e-05,0.0001846296669706741,1.5605666400612488e-05
sphere,2,sequential,12,3,0.014354076153234302,0.16943155232293913,1.0575666541020231e-05,4.7867666580714285e-05,2.5475000256847125e-05
sphere,2,sequential,13,3,0.008627848671245452,0.14291516676811178,1.3877333306785053e-05,5.544333331878685e-05,1.3900000340072438e-05
sphere,2,sequential,14,3,0.008627848671245452,0.13323683380257953,1.1344666745571885e-05,0.0003340230002019477,1.5811999825624905e-05
sphere,2,sequential,15,3,0.008270863038320217,0.10874637924686938,1.0522999521829965e-05,5.198400018950148e-05,2.229800005200862e-05
sphere,2,sequential,16,3,0.007069772339687905,0.0926258276397937,1.2463999761772962e-05,5.574399983743206e-05,2.4964333533716854e-05
sphere,2,sequential,17,3,0.0034927167777108266,0.0755705466041035,9.841332939686254e-06,5.119900015415624e-05,1.2084000142446408e-05
sphere,2,sequential,18,3,0.0014152271464076445,0.05483569016283988,9.576666646656426e-06,4.9680333177093416e-05,1.1206000332701175e-05
sphere,2,sequential,19,3,0.0014152271464076445,0.051344002154447364,9.672000184461163e-06,4.900433365643645e-05,1.010933283396298e-05
sphere,2,sequential,20,3,0.0014152271464076445,0.044967029444828145,1.099399984620201e-05,5.2843666405048374e-05,1.3543666985545618e-05
sphere,2,thread,0,3,2.0159294310540505,16.917159151230237,0.03317401633345677,0.0,0.00016436733343046703
sphere,2,thread,1,3,1.2193761638551088,6.385762968620898,0.013015688333022505,6.674100010665522e-05,3.7144999926871e-05
sphere,2,thread,2,3,0.32807349529397445,2.2076044494877123,0.01394077533344292,6.59923334751511e-05,4.240266662236536e-05
sphere,2,thread,3,3,0.14964960764049454,1.402000606439486,0.027155729333268635,0.00019635400046051169,3.648899928521132e-05
sphere,2,thread,4,3,0.14964960764049454,0.8897813752002947,0.02090578900000158,6.569600009243004e-05,3.4712666699003116e-05
sphere,2,thread,5,3,0.08595099618345962,0.5223748694354822,0.020818076667031466,6.817566675939209e-05,3.5891665902454406e-05
sphere,2,thread,6,3,0.039162553835869626,0.3966347001344513,0.013467144666719832,6.921366669606262e-05,3.287099995456325e-05
sphere,2,thread,7,3,0.02371824680688091,0.30262998354311943,0.01138654133349822,6.928000008580663e-05,3.1680666628138475e-05
sphere,2,thread,8,3,0.02371824680688091,0.26408151997335955,0.011954041999767165,8.264100021430447e-05,3.183000020120138e-05
sphere,2,thread,9,3,0.02371824680688091,0.24549854753569603,0.04440548633374419,6.423666673072148e-05,3.3411332879040856e-05
sphere,2,thread,10,3,0.02371824680688091,0.2106055494158653,0.016927670333340455,6.575633324246155e-05,3.1698333562720414e-05
sphere,2,thread,11,3,0.020046444349482048,0.1875684540198755,0.03711738599971189,6.232066668114082e-05,3.074233366836173e-05
sphere,2,thread,12,3,0.014354076153234302,0.16943155232293913,0.021585232333260745,6.432433292502537e-05,0.00012329633379219254
sphere,2,thread,13,3,0.008627848671245452,0.14291516676811178,0.0935443756661698,6.144033401748554e-05,9.293600032833638e-05
sphere,2,thread,14,3,0.008627848671245452,0.13323683380257953,0.018948001999585056,6.303666668827645e-05,3.41193335771095e-05
sphere,2,thread,15,3,0.008270863038320217,0.10874637924686938,0.046068788999946264,6.306799999341213e-05,6.967166670316753e-05
sphere,2,thread,16,3,0.007069772339687905,0.0926258276397937,0.053990183000072044,6.748333362338599e-05,3.636599982807335e-05
sphere,2,thread,17,3,0.0034927167777108266,0.0755705466041035,0.029642178999893076,0.0003253486668957824,3.632666660754088e-05
sphere,2,thread,18,3,0.0014152271464076445,0.05483569016283988,0.03680064299987862,6.208666703363026e-05,3.63669996659155e-05
sphere,2,thread,19,3,0.0014152271464076445,0.051344002154447364,0.01735968733282789,0.00013871933333575726,3.3045000236597843e-05
sphere,2,thread,20,3,0.0014152271464076445,0.044967029444828145,0.01811484866630053,6.438266700570239e-05,3.259766678335533e-05
sphere,2,process,0,3,2.0159294310540505,16.917159151230237,0.17672885000016927,0.0,0.0008954863330169852
sphere,2,process,1,3,1.2193761638551088,6.385762968620898,0.17921255799986588,0.00020649533295606184,8.182933349113834e-05
sphere,2,process,2,3,0.32807349529397445,2.2076044494877123,0.10024215933359908,8.849900010924709e-05,8.442433257490241e-05
sphere,2,process,3,3,0.14964960764049454,1.402000606439486,0.09803411200027767,0.00032732266663515475,0.0014950433336101316
sphere,2,process,4,3,0.14964960764049454,0.8897813752002947,0.10147011400022166,0.0001155266666804285,7.37276662524285e-05
sphere,2,process,5,3,0.08595099618345962,0.5223748694354822,0.05365180499969332,0.00015544400018067486,7.39043337792585e-05
sphere,2,process,6,3,0.039162553835869626,0.3966347001344513,0.03843448866609833,9.214100039874513e-05,0.0001448860005742366
sphere,2,process,7,3,0.02371824680688091,0.30262998354311943,0.050418726000013216,8.358466645101241e-05,6.639900038862834e-05
sphere,2,process,8,3,0.02371824680688091,0.26408151997335955,0.06516131166669463,8.906866666317607e-05,6.865400003637963e-05
sphere,2,process,9,3,0.02371824680688091,0.24549854753569603,0.05514297866678438,9.395266685411723e-05,0.0002612503327933761
sphere,2,process,10,3,0.02371824680688091,0.2106055494158653,0.08670113366679288,0.0001510739997077811,7.146466699244532e-05
sphere,2,process,11,3,0.020046444349482048,0.1875684540198755,0.17831027333371216,0.00015140100003918633,7.456399968456633e-05
sphere,2,process,12,3,0.014354076153234302,0.16943155232293913,0.11466972699993978,8.768433356938961e-05,0.00012440133347505858
sphere,2,process,13,3,0.008627848671245452,0.14291516676811178,0.11862495266662638,0.00018597366639975613,0.0023121506671183547
sphere,2,process,14,3,0.008627848671245452,0.13323683380257953,0.08629815299991606,0.0003197893332374709,7.364566681644646e-05
sphere,2,process,15,3,0.008270863038320217,0.10874637924686938,0.1531627036665668,0.00025289333340576076,0.0001505203332878106
sphere,2,process,16,3,0.007069772339687905,0.0926258276397937,0.10679766300017945,8.776300031361946e-05,0.00016197899943411662
sphere,2,process,17,3,0.0034927167777108266,0.0755705466041035,0.12236436666686738,0.00025060133308822213,7.970833394210786e-05
sphere,2,process,18,3,0.0014152271464076445,0.05483569016283988,0.18861305399938524,0.0021934193334042598,0.0001477430005252245
sphere,2,process,19,3,0.0014152271464076445,0.051344002154447364,0.10803342633304662,9.457266696699662e-05,8.158100020712784e-05
sphere,2,process,20,3,0.0014152271464076445,0.044967029444828145,0.1357976580002287,0.0015031020002425066,0.005135646666227937
sphere,2,asyncio,0,3,2.0159294310540505,16.917159151230237,0.0019536099998731515,0.0,4.1485000110697e-05
sphere,2,asyncio,1,3,1.2193761638551088,6.385762968620898,0.0016028093332352,6.179333316443565e-05,2.1843666824376367e-05
sphere,2,asyncio,2,3,0.32807349529397445,2.2076044494877123,0.0006846853329989244,5.477133314949848e-05,2.0605000221015263e-05
sphere,2,asyncio,3,3,0.14964960764049454,1.402000606439486,0.001199221666865924,0.00011471233331879678,1.9282000115102466e-05
sphere,2,asyncio,4,3,0.14964960764049454,0.8897813752002947,0.0019340786666361964,0.00015078666668462878,1.7964999945737265e-05
sphere,2,asyncio,5,3,0.08595099618345962,0.5223748694354822,0.000995820333325052,0.00014160933339250428,1.8916999579232652e-05
sphere,2,asyncio,6,3,0.039162553835869626,0.3966347001344513,0.002367527332959677,5.360033325511419e-05,2.093433370949545e-05
sphere,2,asyncio,7,3,0.02371824680688091,0.30262998354311943,0.0006345866671229791,5.7393666793359444e-05,1.6804999480276212e-05
sphere,2,asyncio,8,3,0.02371824680688091,0.26408151997335955,0.001841597000141822,5.233533344532285e-05,1.738966663348644e-05
sphere,2,asyncio,9,3,0.02371824680688091,0.24549854753569603,0.002098614666768602,5.579266659575902e-05,0.00024455466670284903
sphere,2,asyncio,10,3,0.02371824680688091,0.2106055494158653,0.001587336999667362,5.6043666821400016e-05,1.862633325799834e-05
sphere,2,asyncio,11,3,0.020046444349482048,0.1875684540198755,0.003371031333093318,5.6555333079207536e-05,2.3169000693693913e-05
sphere,2,asyncio,12,3,0.014354076153234302,0.16943155232293913,0.0006162879999465076,5.624666664516553e-05,2.0506999741580028e-05
sphere,2,asyncio,13,3,0.008627848671245452,0.14291516676811178,0.0011955576668090846,0.004399932333096028,2.4450333512504585e-05
sphere,2,asyncio,14,3,0.008627848671245452,0.13323683380257953,0.0006469073335514016,0.00025998166681044194,1.968399980493511e-05
sphere,2,asyncio,15,3,0.008270863038320217,0.10874637924686938,0.0006511296666455261,5.056999968170809e-05,1.7069000326349244e-05
sphere,2,asyncio,16,3,0.007069772339687905,0.0926258276397937,0.0005319166666595265,5.013933332520537e-05,1.575400013583324e-05
sphere,2,asyncio,17,3,0.0034927167777108266,0.0755705466041035,0.0005507219996919351,5.0330333275875695e-05,1.6386000424972735e-05
sphere,2,asyncio,18,3,0.0014152271464076445,0.05483569016283988,0.0005720990002373583,4.9601000379576966e-05,1.5355332531423e-05
sphere,2,asyncio,19,3,0.0014152271464076445,0.051344002154447364,0.0008679793330278093,0.0002442479999444913,1.6590333871135954e-05
sphere,2,asyncio,20,3,0.0014152271464076445,0.044967029444828145,0.0011012723334715702,5.3472333396105874e-05,1.7752333405951504e-05
sphere,2,numpy,0,3,2.0159294310540505,16.917159151230237,0.00019368199991731672,0.0,5.453166704683099e-05
sphere,2,numpy,1,3,1.2193761638551088,6.385762968620898,6.788200031830154e-05,6.65179998880679e-05,4.27276663685916e-05
sphere,2,numpy,2,3,0.32807349529397445,2.2076044494877123,5.45130002744069e-05,5.787766652550393e-05,1.9903999600501265e-05
sphere,2,numpy,3,3,0.14964960764049454,1.402000606439486,4.35800002378528e-05,5.337566623590343e-05,1.618966689420631e-05
sphere,2,numpy,4,3,0.14964960764049454,0.8897813752002947,4.041433354965799e-05,5.290366637685414e-05,1.4630666555603966e-05
sphere,2,numpy,5,3,0.08595099618345962,0.5223748694354822,4.044566655162877e-05,5.3092666348675266e-05,1.5938334096669376e-05
sphere,2,numpy,6,3,0.039162553835869626,0.3966347001344513,3.7109999842262674e-05,5.153199981577927e-05,1.3699000495156119e-05
sphere,2,numpy,7,3,0.02371824680688091,0.30262998354311943,3.718866658649252e-05,5.102366685605375e-05,1.372533339842145e-05
sphere,2,numpy,8,3,0.02371824680688091,0.26408151997335955,3.84633331123041e-05,5.10246669970608e-05,1.2928332883651214e-05
sphere,2,numpy,9,3,0.02371824680688091,0.24549854753569603,3.731666705183064e-05,5.145866665164552e-05,1.2568666534207296e-05
sphere,2,numpy,10,3,0.02371824680688091,0.2106055494158653,3.530500028621949e-05,4.973633349436568e-05,1.2428666195773985e-05
sphere,2,numpy,11,3,0.020046444349482048,0.1875684540198755,3.799900029359075e-05,5.002833283166789e-05,1.3669333081149185e-05
sphere,2,numpy,12,3,0.014354076153234302,0.16943155232293913,5.1619666616412964e-05,5.0720666877168696e-05,1.4419333638215903e-05
sphere,2,numpy,13,3,0.008627848671245452,0.14291516676811178,3.671033330950498e-05,5.4634666715476975e-05,1.3829666689465133e-05
sphere,2,numpy,14,3,0.008627848671245452,0.13323683380257953,4.0825333295894474e-05,5.482066687060675e-05,1.339966638624901e-05
sphere,2,numpy,15,3,0.008270863038320217,0.10874637924686938,5.253033335369158e-05,5.113499992148718e-05,1.3313000029787267e-05
sphere,2,numpy,16,3,0.007069772339687905,0.0926258276397937,3.617633289347092e-05,5.0642666489390344e-05,1.3514000784198288e-05
sphere,2,numpy,17,3,0.0034927167777108266,0.0755705466041035,3.8611333366134204e-05,7.082166666805279e-05,1.4102333504221557e-05
sphere,2,numpy,18,3,0.0014152271464076445,0.05483569016283988,4.332633307058131e-05,5.33579999076513e-05,1.4450666943351583e-05
sphere,2,numpy,19,3,0.0014152271464076445,0.051344002154447364,4.3856333225752074e-05,7.208066684446142e-05,2.2958333526427548e-05
sphere,2,numpy,20,3,0.0014152271464076445,0.044967029444828145,3.674800003257891e-05,5.427766670133375e-05,1.31056667669327e-05
sphere,10,sequential,0,3,50.19128439224901,89.75237772420542,2.3487666415652104e-05,0.0,7.983466730365762e-05
sphere,10,sequential,1,3,33.81605304072671,55.5198476958897,1.740533358921918e-05,0.0005611746667758174,2.0108999706280883e-05
sphere,10,sequential,2,3,17.074785896538923,30.547855065652698,1.6955999853962567e-05,0.0004316323332507939,2.047166678191085e-05
sphere,10,sequential,3,3,11.922323805107373,25.375644001047903,1.567766685184324e-05,0.00030210299973987276,1.647100028397593e-05
sphere,10,sequential,4,3,9.108542309297981,16.748738786497775,1.6306000058345187e-05,0.0003273536667620647,1.90766668310971e-05
sphere,10,sequential,5,3,8.592054688998159,13.226805623147536,1.583800046015919e-05,0.00034672999997079995,1.63583323834852e-05
sphere,10,sequential,6,3,4.347105014434445,10.157016598737039,1.5721333208299864e-05,0.0002779146664882622,1.6012999973706126e-05
sphere,10,sequential,7,3,3.035669931087639,8.166192413582511,0.000213774999792804,0.023824424333421728,6.467966704803985e-05
sphere,10,sequential,8,3,2.911931012958908,6.979181233849213,5.974999991546307e-05,0.0004670383332268102,1.855033315223409e-05
sphere,10,sequential,9,3,2.2848618313229654,6.285773419066616,1.537933288394318e-05,0.00037779766656361363,1.4988667317084037e-05
sphere,10,sequential,10,3,1.8746349330372503,5.150125922307205,6.209533300231367e-05,0.0003929030002230623,1.5563666541614413e-05
sphere,10,sequential,11,3,1.8746349330372503,4.512928311017023,2.4403999911252566e-05,0.0004677719998653629,0.00010632966677803779
sphere,10,sequential,12,3,1.8492114789865226,3.8432357077057913,2.518966690937911e-05,0.00017871399995783577,1.510600001590016e-05
sphere,10,sequential,13,3,1.5545796742500695,3.4265671979059875,1.4793666802385511e-05,0.0001779983334320908,1.3004666470806114e-05
sphere,10,sequential,14,3,1.4662032245033023,3.087018837562677,1.4465333454912374e-05,0.0003793649996926736,5.699066665935485e-05
sphere,10,sequential,15,3,1.15360469858308,2.542085614623438,0.0001744666666733489,0.0003811383333716852,1.639133309557413e-05
sphere,10,sequential,16,3,1.15360469858308,2.3973494955398116,2.7731333223831218e-05,0.0002468643333486398,0.00012450600055065783
sphere,10,sequential,17,3,0.9936569374352162,2.1859702557530443,7.084733351803152e-05,0.0014732116666588506,1.8379332990055747e-05
sphere,10,sequential,18,3,0.8649178623974937,1.8669150169908741,1.588266695762286e-05,0.00025427066672515747,1.6926666527676087e-05
sphere,10,sequential,19,3,0.849704488346612,1.8272442925050731,1.4831333222294537e-05,0.00018203733300955113,1.2598667126439977e-05
sphere,10,sequential,20,3,0.7464656601727215,1.6391805984526748,1.451633306714939e-05,0.00019436999991739867,1.3258333941242503e-05
sphere,10,thread,0,3,50.19128439224901,89.75237772420542,0.053438456333424256,0.0,4.58303332682893e-05
sphere,10,thread,1,3,33.81605304072671,55.5198476958897,0.09737503033375106,0.00028011800016732497,4.4395333134161774e-05
sphere,10,thread,2,3,17.074785896538923,30.547855065652698,0.07989876400006324,0.0005815853331417505,4.814333351532696e-05
sphere,10,thread,3,3,11.922323805107373,25.375644001047903,0.07781901066664432,0.001558339333011342,4.0749000315069374e-05
sphere,10,thread,4,3,9.108542309297981,16.748738786497775,0.05578968200006784,0.00019642466637985004,0.00012529300026168735
sphere,10,thread,5,3,8.592054688998159,13.226805623147536,0.07233425000019149,0.005591567666973181,4.678799935694163e-05
sphere,10,thread,6,3,4.347105014434445,10.157016598737039,0.05915009133332205,0.00020896166643069591,3.9039666868726876e-05
sphere,10,thread,7,3,3.035669931087639,8.166192413582511,0.10283039899968571,0.00046547733321252355,0.0004463630005678472
sphere,10,thread,8,3,2.911931012958908,6.979181233849213,0.0672541359999741,0.0001980500001081964,0.00027493066681927303
sphere,10,thread,9,3,2.2848618313229654,6.285773419066616,0.029609630666830828,0.0003041520000503321,7.711499953681293e-05
sphere,10,thread,10,3,1.8746349330372503,5.150125922307205,0.030744270333646757,0.002862604000256397,0.00019375433294044342
sphere,10,thread,11,3,1.8746349330372503,4.512928311017023,0.034343209666985786,0.00020058866660595717,3.7672666318637006e-05
sphere,10,thread,12,3,1.8492114789865226,3.8432357077057913,0.016246710666564468,0.0005170809999981429,3.9025999891843334e-05
sphere,10,thread,13,3,1.5545796742500695,3.4265671979059875,0.07830804366706919,0.00023631733347428963,3.879799987771548e-05
sphere,10,thread,14,3,1.4662032245033023,3.087018837562677,0.06708612833335792,0.00025759966623202973,3.8942667136628493e-05
sphere,10,thread,15,3,1.15360469858308,2.542085614623438,0.059909225999642025,0.00020203366663433067,3.859466717888912e-05
sphere,10,thread,16,3,1.15360469858308,2.3973494955398116,0.01645594266634968,0.0002925563333822841,3.4009667009134624e-05
sphere,10,thread,17,3,0.9936569374352162,2.1859702557530443,0.03434384400012883,0.0002562909997626169,3.8997666706563905e-05
sphere,10,thread,18,3,0.8649178623974937,1.8669150169908741,0.02210868233335835,0.00040387966661607305,0.00018981899969124547
sphere,10,thread,19,3,0.849704488346612,1.8272442925050731,0.020083117666824062,0.0012578806663441355,4.1607666692774124e-05
sphere,10,thread,20,3,0.7464656601727215,1.6391805984526748,0.06438574233319135,0.0002507190001779236,0.00014873899999656714
sphere,10,process,0,3,50.19128439224901,89.75237772420542,0.17042844333294246,0.0,0.00010536633332473382
sphere,10,process,1,3,33.81605304072671,55.5198476958897,0.08375150066694914,0.000293931333241441,0.00010377533302137938
sphere,10,process,2,3,17.074785896538923,30.547855065652698,0.0833416746666747,0.0002641269996577951,0.00010665533348704533
sphere,10,process,3,3,11.922323805107373,25.375644001047903,0.10946533266633196,0.0003290993333090834,0.00015411800025807074
sphere,10,process,4,3,9.108542309297981,16.748738786497775,0.18212997966656985,0.00045847766674948315,0.00012052166645541244
sphere,10,process,5,3,8.592054688998159,13.226805623147536,0.13531159533340542,0.00025970266688091215,0.00023074599994288292
sphere,10,process,6,3,4.347105014434445,10.157016598737039,0.07160269999985758,0.0008111063328518261,9.462466732657049e-05
sphere,10,process,7,3,3.035669931087639,8.166192413582511,0.09406142233334928,0.0002485066667456219,9.626666633266723e-05
sphere,10,process,8,3,2.911931012958908,6.979181233849213,0.08833708233335831,0.00023900433310094135,9.519200011709472e-05
sphere,10,process,9,3,2.2848618313229654,6.285773419066616,0.13786678833306118,0.0003769416665212096,0.00026674766741052736
sphere,10,process,10,3,1.8746349330372503,5.150125922307205,0.13058873466676837,0.007638489666836297,0.00011336233274050755
sphere,10,process,11,3,1.8746349330372503,4.512928311017023,0.08120891833308026,0.007332190000549114,0.00024288633297449755
sphere,10,process,12,3,1.8492114789865226,3.8432357077057913,0.08982814499995584,0.0004081550002107785,9.80969998636283e-05
sphere,10,process,13,3,1.5545796742500695,3.4265671979059875,0.17903889300002143,0.0005005510001865332,0.00010040833300687761
sphere,10,process,14,3,1.4662032245033023,3.087018837562677,0.08700792066671663,0.00025245666680954554,9.578566641721409e-05
sphere,10,process,15,3,1.15360469858308,2.542085614623438,0.10797264033347649,0.0002846590004992322,0.00010708133261990345
sphere,10,process,16,3,1.15360469858308,2.3973494955398116,0.09702784500010846,0.0003661699999308136,0.00018289766649104422
sphere,10,process,17,3,0.9936569374352162,2.1859702557530443,0.12634277933345098,0.00036735866675977985,9.120566634616505e-05
sphere,10,process,18,3,0.8649178623974937,1.8669150169908741,0.08648041299996596,0.0005518376671413231,0.00010303433312704631
sphere,10,process,19,3,0.849704488346612,1.8272442925050731,0.07845705333390167,0.0019031083335600367,8.756733222980984e-05
sphere,10,process,20,3,0.7464656601727215,1.6391805984526748,0.08712690733348911,0.00039746333338068024,0.0003539159997671959
sphere,10,asyncio,0,3,50.19128439224901,89.75237772420542,0.0023147250000571753,0.0,3.7805666882680576e-05
sphere,10,asyncio,1,3,33.81605304072671,55.5198476958897,0.0007791669998672054,0.0002849373331628158,2.363833361111271e-05
sphere,10,asyncio,2,3,17.074785896538923,30.547855065652698,0.0005988836668014604,0.00034154333328236436,2.1553000503142055e-05
sphere,10,asyncio,3,3,11.922323805107373,25.375644001047903,0.0007439153335629575,0.00020847033374593593,1.9483666013305385e-05
sphere,10,asyncio,4,3,9.108542309297981,16.748738786497775,0.001996500333007134,0.00020048999977007043,2.236700038338313e-05
sphere,10,asyncio,5,3,8.592054688998159,13.226805623147536,0.0023092446666244846,0.0002732276667908688,8.615966665577919e-05
sphere,10,asyncio,6,3,4.347105014434445,10.157016598737039,0.0018109190001875202,0.00026485799996104714,2.2573333202065744e-05
sphere,10,asyncio,7,3,3.035669931087639,8.166192413582511,0.023776389666939696,0.0005371703333973225,3.827133302062672e-05
sphere,10,asyncio,8,3,2.911931012958908,6.979181233849213,0.0011415739997270673,0.00038281133341418655,2.1719666923066445e-05
sphere,10,asyncio,9,3,2.2848618313229654,6.285773419066616,0.000830069000282189,0.0005262933333748757,1.926400000229478e-05
sphere,10,asyncio,10,3,1.8746349330372503,5.150125922307205,0.0009959333328879438,0.00019052399996629296,2.2083667317929212e-05
sphere,10,asyncio,11,3,1.8746349330372503,4.512928311017023,0.0014774223333612706,0.00042412933332040364,2.145033340639202e-05
sphere,10,asyncio,12,3,1.8492114789865226,3.8432357077057913,0.0008681953337751717,0.00018672133349658301,1.9657666295339975e-05
sphere,10,asyncio,13,3,1.5545796742500695,3.4265671979059875,0.004312498999752279,0.00018847833325708052,2.0057667218983017e-05
sphere,10,asyncio,14,3,1.4662032245033023,3.087018837562677,0.0014064179998361699,0.0006349776670807236,1.9998000122238107e-05
sphere,10,asyncio,15,3,1.15360469858308,2.542085614623438,0.001696734666438715,0.00025222866679541767,2.343600044696359e-05
sphere,10,asyncio,16,3,1.15360469858308,2.3973494955398116,0.0021532676664719475,0.00032683033320305793,1.966799997414152e-05
sphere,10,asyncio,17,3,0.9936569374352162,2.1859702557530443,0.0013183350001781946,0.00020259766673310273,2.2538999777073816e-05
sphere,10,asyncio,18,3,0.8649178623974937,1.8669150169908741,0.0010078049999719951,0.0007013406666374067,2.3756333272710133e-05
sphere,10,asyncio,19,3,0.849704488346612,1.8272442925050731,0.00099549266694036,0.0001940173330391796,1.7376333441158447e-05
sphere,10,asyncio,20,3,0.7464656601727215,1.6391805984526748,0.0017473549999825384,0.0004637909996745293,1.978833370230859e-05
sphere,10,numpy,0,3,50.19128439224901,89.75237772420542,0.00022158866674241531,0.0,4.374400001931159e-05
sphere,10,numpy,1,3,33.81605304072671,55.5198476958897,6.710233325672259e-05,0.00021003400009552328,3.271333328787781e-05
sphere,10,numpy,2,3,17.074785896538923,30.547855065652698,0.00010370500028026679,0.00021611866668536095,2.3222333159840975e-05
sphere,10,numpy,3,3,11.922323805107373,25.375644001047903,5.01790003302934e-05,0.00040602166670093237,1.9288666104936663e-05
sphere,10,numpy,4,3,9.108542309297981,16.748738786497775,4.843133319809567e-05,0.00018803866654100906,1.9596666788856965e-05
sphere,10,numpy,5,3,8.592054688998157,13.226805623147536,3.991100038547302e-05,0.0001880450002621122,1.5883999367360957e-05
sphere,10,numpy,6,3,4.347105014434445,10.157016598737039,4.770233317685779e-05,0.0003928440000890987,1.806533358224745e-05
sphere,10,numpy,7,3,3.035669931087639,8.16619241358251,0.00018777733324289633,0.0005093176663043172,5.1748000259976834e-05
sphere,10,numpy,8,3,2.911931012958908,6.979181233849213,5.192933349462692e-05,0.0003924363336409442,1.982366635881287e-05
sphere,10,numpy,9,3,2.284861831322965,6.285773419066616,4.1027999941434246e-05,0.00018696533334150445,1.536833315185504e-05
sphere,10,numpy,10,3,1.8746349330372503,5.150125922307205,3.938099992713736e-05,0.00019585366650668826,1.6707000213500578e-05
sphere,10,numpy,11,3,1.8746349330372503,4.512928311017023,3.6658666734486665e-05,0.0002079793330267421,1.3294000079137428e-05
sphere,10,numpy,12,3,1.8492114789865228,3.8432357077057913,3.863833353534574e-05,0.00026973566673405003,1.4761999712694282e-05
sphere,10,numpy,13,3,1.5545796742500697,3.4265671979059875,3.6293666804946646e-05,0.00025927500003793585,1.4955666604995107e-05
sphere,10,numpy,14,3,1.4662032245033023,3.087018837562677,3.793399961674974e-05,0.00022833666662336327,1.4466667077310072e-05
sphere,10,numpy,15,3,1.1536046985830801,2.5420856146234385,4.035233359900303e-05,0.0001867930001632582,1.6298999374460738e-05
sphere,10,numpy,16,3,1.1536046985830801,2.3973494955398116,0.00014625766713531144,0.0001842680003392161,2.2964999213096842e-05
sphere,10,numpy,17,3,0.9936569374352163,2.1859702557530447,9.539133316138759e-05,0.00041974933325642877,1.7521333575132303e-05
sphere,10,numpy,18,3,0.8649178623974937,1.8669150169908744,4.7232666474883445e-05,0.00018950399983926522,1.715166702827749e-05
sphere,10,numpy,19,3,0.849704488346612,1.8272442925050731,4.4954666918783914e-05,0.0002076633333369197,1.4677666210142585e-05
sphere,10,numpy,20,3,0.7464656601727215,1.6391805984526748,0.0014814549998239575,0.00022647700006928062,2.0512000143450376e-05
sphere,30,sequential,0,3,196.03645070176194,265.1693964711905,0.0007006600001962701,0.0,0.00013453799995962376
sphere,30,sequential,1,3,116.42598946053442,170.70475634168886,3.5378333147188336e-05,0.004588250333351122,3.553433361958014e-05
sphere,30,sequential,2,3,73.77330979564597,115.05043453240046,3.361033304827288e-05,0.0027687573334939466,2.9682000482959363e-05
sphere,30,sequential,3,3,71.93814964401076,99.17512182367922,3.33480002154829e-05,0.00295896166608145,2.7687333689148847e-05
sphere,30,sequential,4,3,69.3177546984341,93.82159368798125,7.472166695758158e-05,0.0006414916664046663,2.0093333356877945e-05
sphere,30,sequential,5,3,66.44822230484756,82.34190012156465,3.228966670576483e-05,0.0011449406665633433,2.3236000136724517e-05
sphere,30,sequential,6,3,53.547284288169614,75.2661267878645,4.0207999821480676e-05,0.0007957749997634286,2.242466689494904e-05
sphere,30,sequential,7,3,50.08500242538938,65.31860602056658,3.1659999876865186e-05,0.001785963999888433,7.185833358865541e-05
sphere,30,sequential,8,3,44.88917341125032,59.10622925506149,3.3181333492393605e-05,0.0007923850004469083,2.2682999466875724e-05
sphere,30,sequential,9,3,42.87667182604554,54.196529591373405,8.154833327959447e-05,0.003930520999650374,2.7429333385953214e-05
sphere,30,sequential,10,3,41.578925361715235,50.201594806113064,3.347666703727251e-05,0.0009982986663696163,0.00015567433304871278
sphere,30,sequential,11,3,39.15014500571424,47.94876657358778,0.0003464293334521547,0.0012453343330586601,2.6526000207619898e-05
sphere,30,sequential,12,3,38.006306718172794,45.04930413576184,3.336066674819449e-05,0.02778670766686749,7.64593329828737e-05
sphere,30,sequential,13,3,35.885057401303975,42.40538489929197,0.00040154366706701694,0.003560757666794719,0.0007470463330416047
sphere,30,sequential,14,3,31.689979720159087,40.679278496681356,3.233666666346835e-05,0.0016194233333711356,2.4431333258689847e-05
sphere,30,sequential,15,3,29.680673060610417,38.07662095807406,3.351466633224239e-05,0.002081545333567192,2.6296667177424144e-05
sphere,30,sequential,16,3,29.443970021799135,36.22445540684555,3.206999978525952e-05,0.0011656323331408203,2.1782000355112057e-05
sphere,30,sequential,17,3,27.60827560593516,34.2969612649156,3.1310666903057914e-05,0.0005551169997488614,2.0913333476831515e-05
sphere,30,sequential,18,3,25.892236915112676,31.532889550041315,2.9423999876598828e-05,0.0005457066663439036,1.546033339157778e-05
sphere,30,sequential,19,3,24.517988187383995,29.415046773553673,3.06230000812017e-05,0.0005285840000700167,3.0207000236259773e-05
sphere,30,sequential,20,3,24.517988187383995,28.538639524647774,3.1953333442894895e-05,0.0011225069999151553,2.161966646478201e-05
sphere,30,thread,0,3,196.03645070176194,265.1693964711905,0.011935116999666207,0.0,0.0003870370004127229
sphere,30,thread,1,3,116.42598946053442,170.70475634168886,0.036471246332742645,0.00209823199990448,5.647033412969904e-05
sphere,30,thread,2,3,73.77330979564597,115.05043453240046,0.05186151533325756,0.0014248666669421557,4.998133317712927e-05
sphere,30,thread,3,3,71.93814964401076,99.17512182367922,0.022406826667065616,0.0009558536664068621,0.002069159999943319
sphere,30,thread,4,3,69.3177546984341,93.82159368798125,0.04936406133341128,0.0016902276665859972,3.729866663585805e-05
sphere,30,thread,5,3,66.44822230484756,82.34190012156465,0.010639874666594551,0.0013191673333494691,4.096000035739659e-05
sphere,30,thread,6,3,53.547284288169614,75.2661267878645,0.09144109766657493,0.0006595399997119481,4.20273336203536e-05
sphere,30,thread,7,3,50.08500242538938,65.31860602056658,0.028103885333621292,0.00604110899985244,0.00015273700015920136
sphere,30,thread,8,3,44.88917341125032,59.10622925506149,0.023662576000181918,0.000543611333038522,4.003033366946814e-05
sphere,30,thread,9,3,42.87667182604554,54.196529591373405,0.019347205333360762,0.0006677219995860165,3.8859667256474495e-05
sphere,30,thread,10,3,41.578925361715235,50.201594806113064,0.012225084333294944,0.001549311666773671,0.00011005233318428509
sphere,30,thread,11,3,39.15014500571424,47.94876657358778,0.018974292333041376,0.0005684316665792721,0.00034604566705335554
sphere,30,thread,12,3,38.006306718172794,45.04930413576184,0.015421107333471204,0.00064323499979461,0.00019420666649239138
sphere,30,thread,13,3,35.885057401303975,42.40538489929197,0.011495753666774059,0.000886338666229373,3.820966685452731e-05
sphere,30,thread,14,3,31.689979720159087,40.679278496681356,0.030120279000281396,0.0006213033332945391,4.231233288010117e-05
sphere,30,thread,15,3,29.680673060610417,38.07662095807406,0.053853891333650004,0.0005529729999883178,4.562499998428393e-05
sphere,30,thread,16,3,29.443970021799135,36.22445540684555,0.01860661299997446,0.0006688969997412642,0.00012968333400446377
sphere,30,thread,17,3,27.60827560593516,34.2969612649156,0.013748364666450167,0.0005557263333078785,4.4393999814928975e-05
sphere,30,thread,18,3,25.892236915112676,31.532889550041315,0.049836613000176534,0.0007227293332713695,4.641766675680022e-05
sphere,30,thread,19,3,24.517988187383995,29.415046773553673,0.030479745333347335,0.0005463586667247,4.104400007539274e-05
sphere,30,thread,20,3,24.517988187383995,28.538639524647774,0.06980383233318814,0.0006949013331905007,3.781033349999537e-05
sphere,30,process,0,3,196.03645070176194,265.1693964711905,0.0899073526667659,0.0,0.001235684000069644
sphere,30,process,1,3,116.42598946053442,170.70475634168886,0.1328250106668444,0.001048265999997966,0.00025274766661217046
sphere,30,process,2,3,73.77330979564597,115.05043453240046,0.12539950066699626,0.0020632143332477426,0.00014451833309673626
sphere,30,process,3,3,71.93814964401076,99.17512182367922,0.1281613596668952,0.0015467340002336034,0.0001170973325012407
sphere,30,process,4,3,69.3177546984341,93.82159368798125,0.1243118013332302,0.000641601333275806,0.0001758296669625755
sphere,30,process,5,3,66.44822230484756,82.34190012156465,0.11293443399972602,0.0008129453332609652,0.00013034266733787567
sphere,30,process,6,3,53.547284288169614,75.2661267878645,0.07538883233307085,0.0008146803332541216,0.00017371366690592063
sphere,30,process,7,3,50.08500242538938,65.31860602056658,0.15702142366626504,0.0007597476663553001,0.0001486463340067227
sphere,30,process,8,3,44.88917341125032,59.10622925506149,0.07558554866651927,0.0014281643334470573,0.00012358099987371438
sphere,30,process,9,3,42.87667182604554,54.196529591373405,0.1092732766668026,0.0009230716668753303,0.0004059803331983858
sphere,30,process,10,3,41.578925361715235,50.201594806113064,0.13839682200008005,0.000911701999939396,0.00011141866677159366
sphere,30,process,11,3,39.15014500571424,47.94876657358778,0.10191595200012671,0.005062160666663355,0.0003194336665425605
sphere,30,process,12,3,38.006306718172794,45.04930413576184,0.07611505133354513,0.0006685076665841431,0.00020114299998870896
sphere,30,process,13,3,35.885057401303975,42.40538489929197,0.10632344266681078,0.0008620493332879656,0.0003778099999180995
sphere,30,process,14,3,31.689979720159087,40.679278496681356,0.10607963900019968,0.0008001086668324812,0.0004365819995655329
sphere,30,process,15,3,29.680673060610417,38.07662095807406,0.11256803299996439,0.0010493253336486912,0.0005590746659436263
sphere,30,process,16,3,29.443970021799135,36.22445540684555,0.08896041299976787,0.002785050000056799,0.00037753133377312526
sphere,30,process,17,3,27.60827560593516,34.2969612649156,0.07285712866632821,0.0021879813333119578,0.00012773266704850053
sphere,30,process,18,3,25.892236915112676,31.532889550041315,0.09548131599998062,0.004522685999897173,0.00012105800002852145
sphere,30,process,19,3,24.517988187383995,29.415046773553673,0.1229113373334864,0.0010248086667464424,0.0001881253332006357
sphere,30,process,20,3,24.517988187383995,28.538639524647774,0.18197017033374627,0.0035725759998967987,0.0017406369997843285
sphere,30,asyncio,0,3,196.03645070176194,265.1693964711905,0.004726877999928547,0.0,0.0015127556668327695
sphere,30,asyncio,1,3,116.42598946053442,170.70475634168886,0.0012765783333937482,0.0013949486665296718,0.00012504133337642998
sphere,30,asyncio,2,3,73.77330979564597,115.05043453240046,0.0008813716667646077,0.0010211366667742066,2.9213666493888013e-05
sphere,30,asyncio,3,3,71.93814964401076,99.17512182367922,0.0011119210003016633,0.00126430499979809,2.6169333068537526e-05
sphere,30,asyncio,4,3,69.3177546984341,93.82159368798125,0.0009130209997844455,0.0007242233335394607,0.00023511900053563295
sphere,30,asyncio,5,3,66.44822230484756,82.34190012156465,0.0008042906668682311,0.0006293050000749645,2.5872999685816467e-05
sphere,30,asyncio,6,3,53.547284288169614,75.2661267878645,0.000730054000086966,0.0028574513335115626,2.957566660673668e-05
sphere,30,asyncio,7,3,50.08500242538938,65.31860602056658,0.0014564993331684188,0.004065053333458006,3.502000042014212e-05
sphere,30,asyncio,8,3,44.88917341125032,59.10622925506149,0.0010403129999758676,0.0011671066664954803,3.8396333669273495e-05
sphere,30,asyncio,9,3,42.87667182604554,54.196529591373405,0.001688530000137689,0.001114910000069358,2.679766627503947e-05
sphere,30,asyncio,10,3,41.578925361715235,50.201594806113064,0.0010141220000150497,0.001397265333556182,2.4660666288885597e-05
sphere,30,asyncio,11,3,39.15014500571424,47.94876657358778,0.0022240393330624406,0.0010038183336291695,2.9973666945200723e-05
sphere,30,asyncio,12,3,38.006306718172794,45.04930413576184,0.000769939666800686,0.001111423666770861,2.623966641597993e-05
sphere,30,asyncio,13,3,35.885057401303975,42.40538489929197,0.0011206793330226599,0.002457901333400514,3.491133338684449e-05
sphere,30,asyncio,14,3,31.689979720159087,40.679278496681356,0.0047541066663446445,0.0009191810001235959,3.215100029289412e-05
sphere,30,asyncio,15,3,29.680673060610417,38.07662095807406,0.0011138146664961823,0.02524376933312548,3.618166738306172e-05
sphere,30,asyncio,16,3,29.443970021799135,36.22445540684555,0.0015855566665171257,0.002050753666784052,7.827233336380839e-05
sphere,30,asyncio,17,3,27.60827560593516,34.2969612649156,0.002716196333191571,0.0024616989997715186,3.494200063869357e-05
sphere,30,asyncio,18,3,25.892236915112676,31.532889550041315,0.004080537666898938,0.0007569853329793356,3.068933347094571e-05
sphere,30,asyncio,19,3,24.517988187383995,29.415046773553673,0.0006560163334749328,0.001867202999771204,2.571033322359047e-05
sphere,30,asyncio,20,3,24.517988187383995,28.538639524647774,0.00205212466668551,0.0006946933332680297,2.1360333751848277e-05
sphere,30,numpy,0,3,196.03645070176194,265.1693964711905,0.0002936596668708565,0.0,4.164266677738245e-05
sphere,30,numpy,1,3,116.42598946053444,170.70475634168886,8.102633334298541e-05,0.0006188506664936236,3.5726333408092614e-05
sphere,30,numpy,2,3,73.77330979564597,115.05043453240046,7.253099981123039e-05,0.0006711040001997995,2.3288333068194333e-05
sphere,30,numpy,3,3,71.93814964401078,99.17512182367925,7.17310000860986e-05,0.00071309633343238,2.2816332905980136e-05
sphere,30,numpy,4,3,69.31775469843411,93.82159368798125,6.918133294675499e-05,0.0006414356666937238,1.9552333469619043e-05
sphere,30,numpy,5,3,66.44822230484755,82.34190012156465,9.638866655829285e-05,0.00976620000043719,3.051933284344462e-05
sphere,30,numpy,6,3,53.547284288169614,75.2661267878645,8.580466662048518e-05,0.0011698540001816582,2.5126000158100698e-05
sphere,30,numpy,7,3,50.0850024253894,65.31860602056658,8.006766650699622e-05,0.0013560453332199056,2.552433337162559e-05
sphere,30,numpy,8,3,44.88917341125032,59.106229255061486,7.436599995950625e-05,0.0007805359997898146,2.9061000532237813e-05
sphere,30,numpy,9,3,42.87667182604554,54.196529591373405,7.403866675304016e-05,0.001367428000169942,2.306099941051798e-05
sphere,30,numpy,10,3,41.57892536171523,50.201594806113064,0.00013095133332778156,0.0009559160001420727,2.298499991108353e-05
sphere,30,numpy,11,3,39.15014500571424,47.94876657358778,9.084333305509062e-05,0.0018307999998796731,2.4128333582969692e-05
sphere,30,numpy,12,3,38.006306718172794,45.04930413576184,7.669333353987895e-05,0.0015597186669159175,2.9965332942083478e-05
sphere,30,numpy,13,3,35.885057401303975,42.40538489929197,6.555299993730539e-05,0.0005795310001606898,2.0978999600629322e-05
sphere,30,numpy,14,3,31.689979720159087,40.679278496681356,6.0293333566126726e-05,0.0006041580002905297,1.945733250371025e-05
sphere,30,numpy,15,3,29.680673060610417,38.07662095807406,7.850500029841594e-05,0.0008081159997648987,2.3887666732965347e-05
sphere,30,numpy,16,3,29.443970021799135,36.22445540684556,6.807333344719761e-05,0.0006864473331612923,2.0557333300530445e-05
sphere,30,numpy,17,3,27.60827560593516,34.2969612649156,6.282166638508595e-05,0.0005691609997787358,0.0017142046669202198
sphere,30,numpy,18,3,25.892236915112676,31.532889550041315,8.812500012330322e-05,0.010999516000083531,0.00010988800022460055
sphere,30,numpy,19,3,24.51798818738399,29.415046773553673,0.00011942766650463454,0.0009395756666587355,2.3597000411731035e-05
sphere,30,numpy,20,3,24.51798818738399,28.538639524647778,0.00011541633345283724,0.0015713120001237257,2.1032999939052388e-05
ackley,2,sequential,0,3,16.484607372494,20.282044914584535,0.00019589233337076925,0.0,4.039999991315805e-05
ackley,2,sequential,1,3,13.866574678687838,18.4010860053865,9.579399981400154e-05,0.0002693813333583724,2.3020333477082506e-05
ackley,2,sequential,2,3,8.535643395382442,14.798780612195392,0.00016494000040741716,6.330533354533448e-05,2.5896666253781102e-05
ackley,2,sequential,3,3,6.3225830866909165,12.932294064989478,8.818500009510899e-05,0.00014872433318184145,2.066999998836157e-05
ackley,2,sequential,4,3,6.176241213664734,10.940111201433304,3.761999960261164e-05,0.00014735533356239708,1.7144333469332196e-05
ackley,2,sequential,5,3,5.365439887764538,9.816649582598858,3.30346668609612e-05,5.470933350200843e-05,1.54323330813592e-05
ackley,2,sequential,6,3,4.804604944631197,8.754171601194,3.0315000306776103e-05,5.812800009152852e-05,0.0006069606664217039
ackley,2,sequential,7,3,3.8879421750630954,8.384004229865786,3.210233323140225e-05,5.244966663061253e-05,1.422033316581898e-05
ackley,2,sequential,8,3,3.8879421750630954,7.780402571208826,7.526233336344983e-05,5.097033348041199e-05,1.463966661200781e-05
ackley,2,sequential,9,3,3.1764183714806684,7.207233423446571,0.0002387490000425411,0.00014067766702889153,1.8586999431136064e-05
ackley,2,sequential,10,3,2.8445502867721353,6.750319039150554,3.090800025044397e-05,5.252766701839088e-05,1.2844666343880817e-05
ackley,2,sequential,11,3,2.5654261124096887,6.336020275716058,3.270999998979581e-05,0.00014575266686733812,1.5674666731986992e-05
ackley,2,sequential,12,3,2.5654261124096887,6.021143031602992,3.036833337925297e-05,4.952333347318927e-05,1.1755333616747521e-05
ackley,2,sequential,13,3,2.5654261124096887,5.700950194908447,3.002399989782134e-05,4.828066691212977e-05,1.1022999994262742e-05
ackley,2,sequential,14,3,2.0206730192500313,5.57141953710315,3.0319333442700252e-05,4.971966670079079e-05,1.181866658347038e-05
ackley,2,sequential,15,3,2.0206730192500313,5.416665553910385,2.8655666937993374e-05,4.758400003386972e-05,1.077799970516935e-05
ackley,2,sequential,16,3,1.5888031248341783,4.925339699644837,2.881733325921232e-05,4.674366694719841e-05,1.1818666280305479e-05
ackley,2,sequential,17,3,1.5888031248341783,4.698544661518151,2.9953666550378937e-05,4.782599989994196e-05,1.1792333680205047e-05
ackley,2,sequential,18,3,1.5424316861852987,4.477890029655093,2.944799992595411e-05,4.66819998716043e-05,1.0975333680107724e-05
ackley,2,sequential,19,3,1.5424316861852987,4.223891654215412,3.1740666599944234e-05,4.929533345906142e-05,1.1516000085975975e-05
ackley,2,sequential,20,3,1.0998689609821537,3.883962776244694,3.0434333590771228e-05,4.8429666397472225e-05,1.2322000050820256e-05
ackley,2,thread,0,3,16.484607372494,20.282044914584535,0.03827781366696096,0.0,0.00037834266640857095
ackley,2,thread,1,3,13.866574678687838,18.4010860053865,0.060667828667040645,6.840399995174569e-05,0.00011744533306530987
ackley,2,thread,2,3,8.535643395382442,14.798780612195392,0.017644007333425787,6.857466663253338e-05,3.719866678390341e-05
ackley,2,thread,3,3,6.3225830866909165,12.932294064989478,0.08193113566691561,0.00013662366654898506,4.522699994898479e-05
ackley,2,thread,4,3,6.176241213664734,10.940111201433304,0.03186798533321659,0.00012884099972628368,0.00011882900071213953
ackley,2,thread,5,3,5.365439887764538,9.816649582598858,0.04230812399994951,6.565066632902017e-05,3.37363335347618e-05
ackley,2,thread,6,3,4.804604944631197,8.754171601194,0.06801043533323536,6.580900026165182e-05,3.3804999778415855e-05
ackley,2,thread,7,3,3.8879421750630954,8.384004229865786,0.0353374056667235,6.702200001503418e-05,3.388533332326915e-05
ackley,2,thread,8,3,3.8879421750630954,7.780402571208826,0.034772573000130556,6.647766622336349e-05,2.9085666634879697e-05
ackley,2,thread,9,3,3.1764183714806684,7.207233423446571,0.015211308666645587,0.00026216466661329224,0.00014449566697294358
ackley,2,thread,10,3,2.8445502867721353,6.750319039150554,0.06669337866696878,6.108233295284056e-05,3.6324999806917425e-05
ackley,2,thread,11,3,2.5654261124096887,6.336020275716058,0.017987265999787876,6.647133310859014e-05,3.1202000476090085e-05
ackley,2,thread,12,3,2.5654261124096887,6.021143031602992,0.02573960333332555,6.601733366551343e-05,3.897733313351637e-05
ackley,2,thread,13,3,2.5654261124096887,5.700950194908447,0.03831275766666901,7.92453332299677e-05,3.446199995475278e-05
ackley,2,thread,14,3,2.0206730192500313,5.57141953710315,0.020595552333664575,0.00011900600020453567,3.0498332913945585e-05
ackley,2,thread,15,3,2.0206730192500313,5.416665553910385,0.10211164366652763,6.14320003175332e-05,0.00018841433332757637
ackley,2,thread,16,3,1.5888031248341783,4.925339699644837,0.018261940666585968,6.712300000799587e-05,3.5910000102982544e-05
ackley,2,thread,17,3,1.5888031248341783,4.698544661518151,0.0198158240000339,6.790099996578647e-05,3.307166692441873e-05
ackley,2,thread,18,3,1.5424316861852987,4.477890029655093,0.05207712633364281,6.678933338359154e-05,3.342599969376655e-05
ackley,2,thread,19,3,1.5424316861852987,4.223891654215412,0.04512522033352676,6.529166633602775e-05,3.021199972863542e-05
ackley,2,thread,20,3,1.0998689609821537,3.883962776244694,0.05128225533341416,6.412666637819105e-05,3.386900031424981e-05
ackley,2,process,0,3,16.484607372494,20.282044914584535,0.12320194366657233,0.0,9.175833353462319e-05
ackley,2,process,1,3,13.866574678687838,18.4010860053865,0.07339023633327695,9.944033323942374e-05,9.084466698065323e-05
ackley,2,process,2,3,8.535643395382442,14.798780612195392,0.10471686699990339,0.00011169166646141093,9.648433327432333e-05
ackley,2,process,3,3,6.3225830866909165,12.932294064989478,0.1321435259997088,0.0001101916665599371,8.985633333698691e-05
ackley,2,process,4,3,6.176241213664734,10.940111201433304,0.12587149566691855,0.00011520533371367492,9.74736658463371e-05
ackley,2,process,5,3,5.365439887764538,9.816649582598858,0.11169588966671047,0.00039819399989937665,0.002533916666834557
ackley,2,process,6,3,4.804604944631197,8.754171601194,0.09498684566612307,0.00011557833325544682,0.00026137133409065427
ackley,2,process,7,3,3.8879421750630954,8.384004229865786,0.12630601033318575,0.00040955833355837967,8.52933335409034e-05
ackley,2,process,8,3,3.8879421750630954,7.780402571208826,0.10081490533320903,0.00021100999977837395,0.00015895500018814346
ackley,2,process,9,3,3.1764183714806684,7.207233423446571,0.25716487600008503,0.00012299866709023868,0.0018671463324911504
ackley,2,process,10,3,2.8445502867721353,6.750319039150554,0.14674524033337852,0.0001198840000142809,0.00013940433351914786
ackley,2,process,11,3,2.5654261124096887,6.336020275716058,0.0690993456664728,0.00011517699992206569,0.00024880300012834294
ackley,2,process,12,3,2.5654261124096887,6.021143031602992,0.17247438266652657,0.00011163033317037237,7.834233353302504e-05
ackley,2,process,13,3,2.5654261124096887,5.700950194908447,0.21276764766662382,0.00025633966652094387,8.177766661295512e-05
ackley,2,process,14,3,2.0206730192500313,5.57141953710315,0.10205506433370222,0.00015239933327393373,7.678766633034684e-05
ackley,2,process,15,3,2.0206730192500313,5.416665553910385,0.09205386266694404,0.00012711000029715555,7.93129996357796e-05
ackley,2,process,16,3,1.5888031248341783,4.925339699644837,0.15655957733330675,0.00011913166660330414,0.00041892100004285265
ackley,2,process,17,3,1.5888031248341783,4.698544661518151,0.13832781499998723,0.00012550499983869182,7.565966643596767e-05
ackley,2,process,18,3,1.5424316861852987,4.477890029655093,0.12452714266722371,0.00011386966677188563,7.272866575173491e-05
ackley,2,process,19,3,1.5424316861852987,4.223891654215412,0.22218029066698364,0.00011778466644803605,8.039933345571626e-05
ackley,2,process,20,3,1.0998689609821537,3.883962776244694,0.22323085933324668,0.00013574300010077422,8.628633319555472e-05
ackley,2,asyncio,0,3,16.484607372494,20.282044914584535,0.00466324733345876,0.0,0.0004358353332160429
ackley,2,asyncio,1,3,13.866574678687838,18.4010860053865,0.0005782263333458104,6.214133342533994e-05,1.882733310291466e-05
ackley,2,asyncio,2,3,8.535643395382442,14.798780612195392,0.0005471793332011051,4.4361999850176893e-05,1.7071000002033543e-05
ackley,2,asyncio,3,3,6.3225830866909165,12.932294064989478,0.0009926926665381568,4.191166650950132e-05,1.4882000262635605e-05
ackley,2,asyncio,4,3,6.176241213664734,10.940111201433304,0.0006414183332405324,4.1395666509439856e-05,1.428500036126934e-05
ackley,2,asyncio,5,3,5.365439887764538,9.816649582598858,0.0004942230004113904,4.034533291511858e-05,1.403466649207985e-05
ackley,2,asyncio,6,3,4.804604944631197,8.754171601194,0.00132155333327925,4.265433320445785e-05,1.4247333638195414e-05
ackley,2,asyncio,7,3,3.8879421750630954,8.384004229865786,0.0009480943332770645,4.108166649530176e-05,1.45009998959722e-05
ackley,2,asyncio,8,3,3.8879421750630954,7.780402571208826,0.001234206666291963,0.00010303200027313626,1.3736666611900242e-05
ackley,2,asyncio,9,3,3.1764183714806684,7.207233423446571,0.0006598599999657987,4.097966666449793e-05,1.617633339871342e-05
ackley,2,asyncio,10,3,2.8445502867721353,6.750319039150554,0.0005398903331297333,4.21893331197983e-05,2.405533390022659e-05
ackley,2,asyncio,11,3,2.5654261124096887,6.336020275716058,0.016243259666528804,4.2520333408901934e-05,1.7644666513660923e-05
ackley,2,asyncio,12,3,2.5654261124096887,6.021143031602992,0.0005515153334272327,4.3930333049502224e-05,1.4033000297786202e-05
ackley,2,asyncio,13,3,2.5654261124096887,5.700950194908447,0.0005744509996172079,4.6222000188815095e-05,1.6088333419853978e-05
ackley,2,asyncio,14,3,2.0206730192500313,5.57141953710315,0.0005414430003535623,4.1794333204355404e-05,1.3457332594650021e-05
ackley,2,asyncio,15,3,2.0206730192500313,5.416665553910385,0.0006151689998053674,4.2490666904389705e-05,1.3921999804248722e-05
ackley,2,asyncio,16,3,1.5888031248341783,4.925339699644837,0.0008447619999666737,0.000339087333183367,1.6846000410926838e-05
ackley,2,asyncio,17,3,1.5888031248341783,4.698544661518151,0.0005616466669380316,4.318133323977236e-05,1.3869333391388258e-05
ackley,2,asyncio,18,3,1.5424316861852987,4.477890029655093,0.0005669799999547346,5.103366644713484e-05,2.4979667008058943e-05
ackley,2,asyncio,19,3,1.5424316861852987,4.223891654215412,0.00047979433323538007,4.140066660814531e-05,1.183500019881952e-05
ackley,2,asyncio,20,3,1.0998689609821537,3.883962776244694,0.0005047556666492407,5.073100025280534e-05,1.536866633008079e-05
ackley,2,numpy,0,3,16.484607372494,20.282044914584535,0.0008032133334078632,0.0,0.00203770566622552
ackley,2,numpy,1,3,13.866574678687838,18.4010860053865,0.009295341000021532,6.744899989522916e-05,3.76853331545135e-05
ackley,2,numpy,2,3,8.535643395382442,14.798780612195392,0.0002435809995707435,6.031266639183741e-05,2.405433406238444e-05
ackley,2,numpy,3,3,6.3225830866909165,12.932294064989478,0.00013167166677400624,5.9339333044287436e-05,2.0653000319725834e-05
ackley,2,numpy,4,3,6.176241213664734,10.940111201433304,0.0044810166664319695,5.6087999837473035e-05,2.7216666846167453e-05
ackley,2,numpy,5,3,5.365439887764538,9.816649582598858,0.0005690993330063066,5.7159666842684e-05,2.292533372383332e-05
ackley,2,numpy,6,3,4.804604944631197,8.754171601194,0.01058684100037984,6.157899982402644e-05,0.002777532333008518
ackley,2,numpy,7,3,3.8879421750630954,8.384004229865786,0.00013226899985359827,9.46006666708854e-05,2.047300040430855e-05
ackley,2,numpy,8,3,3.8879421750630954,7.780402571208826,0.00022294533331053876,5.096066646122684e-05,1.6599333624374896e-05
ackley,2,numpy,9,3,3.1764183714806684,7.207233423446571,0.0032547549999435432,4.981700052060963e-05,2.0868999551263794e-05
ackley,2,numpy,10,3,2.8445502867721353,6.750319039150554,0.00010914166675017138,5.274233323386094e-05,1.774433318738981e-05
ackley,2,numpy,11,3,2.5654261124096887,6.336020275716058,0.0024962946666467665,5.1341333346499596e-05,2.214566635908947e-05
ackley,2,numpy,12,3,2.5654261124096887,6.021143031602992,0.00013028799973350638,5.669366661701739e-05,1.992866721896765e-05
ackley,2,numpy,13,3,2.5654261124096887,5.700950194908447,0.00011795466677237225,5.56746663278318e-05,1.833000017844218e-05
ackley,2,numpy,14,3,2.0206730192500313,5.57141953710315,0.00012551999983164328,5.609566657464408e-05,1.8293333899540205e-05
ackley,2,numpy,15,3,2.0206730192500313,5.416665553910385,0.00010695599970252563,5.199133374844678e-05,1.5998333158980433e-05
ackley,2,numpy,16,3,1.5888031248341783,4.925339699644837,0.00011137266634856739,0.00014018400027756192,1.761699998799789e-05
ackley,2,numpy,17,3,1.5888031248341783,4.698544661518151,8.340999981252632e-05,4.778399973777899e-05,1.439433375101847e-05
ackley,2,numpy,18,3,1.5424316861852987,4.477890029655093,0.00012388533317183223,5.476500033789004e-05,1.8374666675905853e-05
ackley,2,numpy,19,3,1.5424316861852987,4.223891654215412,9.031433334409182e-05,5.204833360039629e-05,1.5097666315947814e-05
ackley,2,numpy,20,3,1.0998689609821537,3.883962776244694,8.054699992499081e-05,4.769133344476965e-05,1.556866664031986e-05
ackley,10,sequential,0,3,20.31176206057869,21.130022414660356,0.00028494400006214465,0.0,0.00011022566620037348
ackley,10,sequential,1,3,19.453564467789416,20.465746105271318,7.41976667389584e-05,0.0014204420000775524,3.0161666472849902e-05
ackley,10,sequential,2,3,18.05564217275978,19.257409788176354,6.993366666089666e-05,0.0005584853333857609,2.5486999826777417e-05
ackley,10,sequential,3,3,17.324918277674172,18.893625078906904,6.04806670404893e-05,0.00018111266672349302,1.4954666160823157e-05
ackley,10,sequential,4,3,16.36602807510145,17.990858552652288,5.8629999936480694e-05,0.00017192633337496469,1.520033341269785e-05
ackley,10,sequential,5,3,15.888849204657477,17.38997997006072,6.301300012031182e-05,0.00019973166642254606,1.7407000086677726e-05
ackley,10,sequential,6,3,14.88359927362948,16.699850023868258,6.325433332676766e-05,0.00018675800038181478,1.7729999854054768e-05
ackley,10,sequential,7,3,13.333475067797622,15.884977503975293,5.8865666687779594e-05,0.0001830013334256364,1.5441666922318593e-05
ackley,10,sequential,8,3,13.041827662320328,15.401220341428733,5.72273335516608e-05,0.00016944066646829015,1.2992666597710922e-05
ackley,10,sequential,9,3,12.560224944600082,14.806900770672621,5.9898333044354025e-05,0.00023686800038073366,1.4616666400494674e-05
ackley,10,sequential,10,3,12.241964121819668,14.214704909364501,0.00013194900020607747,0.00017117433314221367,1.097866667502482e-05
ackley,10,sequential,11,3,11.20310760449994,13.704772378327904,0.0001257170000220261,0.00023453899969657263,1.54330003473054e-05
ackley,10,sequential,12,3,10.395737017155628,12.959342508708014,6.152699976761748e-05,0.0003462416667995664,1.5951999860893313e-05
ackley,10,sequential,13,3,10.253947820309653,12.307573597083179,0.0001581390000258883,0.0006776956670364598,1.7460666337380342e-05
ackley,10,sequential,14,3,9.550270226304983,11.835651963847019,0.0001589519997651223,0.00045926633326113614,1.7447334054547053e-05
ackley,10,sequential,15,3,9.378388854106332,11.068653856125122,0.0002452176671188984,0.0005866186666025897,1.983499987545656e-05
ackley,10,sequential,16,3,9.378388854106332,10.917918005647245,0.00011482933344571696,0.0003108086666543386,1.6927333187292486e-05
ackley,10,sequential,17,3,8.892666322025732,10.559043244362655,0.00011102533335360931,0.000448716000088704,2.110566614040484e-05
ackley,10,sequential,18,3,8.460488182826099,10.216141311536846,0.0003288459999263675,0.00036727099965598126,6.844400013505947e-05
ackley,10,sequential,19,3,8.460488182826099,10.14174978254426,0.00030603833389856544,0.0003305423336617726,7.122833267203532e-05
ackley,10,sequential,20,3,8.040208007232055,9.90957931739628,0.00024715499997303897,0.0010556976667430717,7.400566695044593e-05
ackley,10,thread,0,3,20.31176206057869,21.130022414660356,0.01651854100024745,0.0,4.584966639716489e-05
ackley,10,thread,1,3,19.453564467789416,20.465746105271318,0.4688486593331618,0.00021664066662197,3.2780666818628866e-05
ackley,10,thread,2,3,18.05564217275978,19.257409788176354,0.04706311366680893,0.0010906470003343809,3.7720999595573325e-05
ackley,10,thread,3,3,17.324918277674172,18.893625078906904,0.024456761667048948,0.00020623299951694207,3.1712333414664805e-05
ackley,10,thread,4,3,16.36602807510145,17.990858552652288,0.0051224616666634875,0.00024754633310900925,6.258966671642459e-05
ackley,10,thread,5,3,15.888849204657477,17.38997997006072,0.05027661033333667,0.00019796066650693925,5.6194666891921465e-05
ackley,10,thread,6,3,14.88359927362948,16.699850023868258,0.06775013399995562,0.00021441399985633325,3.0314666825385455e-05
ackley,10,thread,7,3,13.333475067797622,15.884977503975293,0.03259547499995582,0.000424825666717273,3.2392333499349966e-05
ackley,10,thread,8,3,13.041827662320328,15.401220341428733,0.00183887166713248,0.00019632299972727196,2.6476666183346726e-05
ackley,10,thread,9,3,12.560224944600082,14.806900770672621,0.0019344116666009843,0.00020053766699372014,5.162833319142616e-05
ackley,10,thread,10,3,12.241964121819668,14.214704909364501,0.0022781920000246223,0.0006298483334224633,0.0006407319997379091
ackley,10,thread,11,3,11.20310760449994,13.704772378327904,0.000923644999905567,0.00021865500002604676,2.4900333604212694e-05
ackley,10,thread,12,3,10.395737017155628,12.959342508708014,0.0009249719999691782,0.0001978056667818843,3.8775333147592996e-05
ackley,10,thread,13,3,10.253947820309653,12.307573597083179,0.000969263333293687,0.00019595399984003356,2.3242333251497865e-05
ackley,10,thread,14,3,9.550270226304983,11.835651963847019,0.001393734999813508,0.00019516666664761337,4.972400013987984e-05
ackley,10,thread,15,3,9.378388854106332,11.068653856125122,0.0008736310004072342,0.00022128133332444122,2.2923666013715167e-05
ackley,10,thread,16,3,9.378388854106332,10.917918005647245,0.0009650113333918853,0.00021694366660085507,1.950633334975767e-05
ackley,10,thread,17,3,8.892666322025732,10.559043244362655,0.0009599773332714298,0.00019501200040394906,2.2392999805257812e-05
ackley,10,thread,18,3,8.460488182826099,10.216141311536846,0.0009038949998891136,0.0002406089997748495,3.581633366896616e-05
ackley,10,thread,19,3,8.460488182826099,10.14174978254426,0.0008555126663244058,0.00021288766674842918,1.9478333949033793e-05
ackley,10,thread,20,3,8.040208007232055,9.90957931739628,0.0009914519999559464,0.00021992966655185833,2.1712000185895402e-05
ackley,10,process,0,3,20.31176206057869,21.130022414660356,0.169016872000005,0.0,0.0004289973330742214
ackley,10,process,1,3,19.453564467789416,20.465746105271318,0.07490595366683313,0.0008160443330780254,0.00011846033339679707
ackley,10,process,2,3,18.05564217275978,19.257409788176354,0.23281818166651647,0.0005468720000862959,0.0002408646669209702
ackley,10,process,3,3,17.324918277674172,18.893625078906904,0.31796473166681,0.00036523899992365233,0.0004191389995564047
ackley,10,process,4,3,16.36602807510145,17.990858552652288,0.20742811599999791,0.004248951666340872,0.00013358400034727916
ackley,10,process,5,3,15.888849204657477,17.38997997006072,0.1689016593333387,0.00023745766672315463,0.0002163786669674058
ackley,10,process,6,3,14.88359927362948,16.699850023868258,0.15467652666666254,0.00035839900010614656,0.00011518266668038753
ackley,10,process,7,3,13.333475067797622,15.884977503975293,0.18134350999995755,0.006105837666837033,0.00011587833311447564
ackley,10,process,8,3,13.041827662320328,15.401220341428733,0.1589805549998952,0.002867460999671797,0.00010152833389535469
ackley,10,process,9,3,12.560224944600082,14.806900770672621,0.25311864833323244,0.00042171699988102773,0.0002541410000655257
ackley,10,process,10,3,12.241964121819668,14.214704909364501,0.11675331699977202,0.0004784260002755521,0.00025702133310308756
ackley,10,process,11,3,11.20310760449994,13.704772378327904,0.23468121299993072,0.0005391516666956401,0.0001491800000318714
ackley,10,process,12,3,10.395737017155628,12.959342508708014,0.1050549089998943,0.00020499966679684198,0.00041374299992943026
ackley,10,process,13,3,10.253947820309653,12.307573597083179,0.16563569999986308,0.00022391900013947938,0.00015370766656512083
ackley,10,process,14,3,9.550270226304983,11.835651963847019,0.19976904733296882,0.00020459166656413194,0.0002611173334419921
ackley,10,process,15,3,9.378388854106332,11.068653856125122,0.16883430199989866,0.037402442999943254,0.00034207966685547336
ackley,10,process,16,3,9.378388854106332,10.917918005647245,0.20055516166697393,0.0002894406667716491,0.00014143766657070955
ackley,10,process,17,3,8.892666322025732,10.559043244362655,0.14314981399972262,0.0014404716666831519,0.0006981253339593726
ackley,10,process,18,3,8.460488182826099,10.216141311536846,0.1362911443335785,0.00021760666610740978,0.00015164033356995787
ackley,10,process,19,3,8.460488182826099,10.14174978254426,0.10602932033361867,0.0015029960004540044,0.0001730726656508826
ackley,10,process,20,3,8.040208007232055,9.90957931739628,0.1533583323334824,0.00031227599993144395,0.00015327299964458993
ackley,10,asyncio,0,3,20.31176206057869,21.130022414660356,0.0026496046666579787,0.0,4.038000012466606e-05
ackley,10,asyncio,1,3,19.453564467789416,20.465746105271318,0.0009121103333503319,0.0018014253331178527,3.05533336965406e-05
ackley,10,asyncio,2,3,18.05564217275978,19.257409788176354,0.024738703333544738,0.00027322899980693666,3.3164999877044465e-05
ackley,10,asyncio,3,3,17.324918277674172,18.893625078906904,0.0028246409998852564,0.0002828926668977753,0.00015932666641068258
ackley,10,asyncio,4,3,16.36602807510145,17.990858552652288,0.00127483766664227,0.00027456599976479384,2.5533333428029437e-05
ackley,10,asyncio,5,3,15.888849204657477,17.38997997006072,0.002331654666098378,0.00020358433327298067,2.5261334182384115e-05
ackley,10,asyncio,6,3,14.88359927362948,16.699850023868258,0.002117997666573501,0.00042179700024765526,2.766933327317626e-05
ackley,10,asyncio,7,3,13.333475067797622,15.884977503975293,0.000972982667008182,0.00025980966681042145,2.5066999720972188e-05
ackley,10,asyncio,8,3,13.041827662320328,15.401220341428733,0.000942274999943038,0.00020221400003113862,9.769566683341206e-05
ackley,10,asyncio,9,3,12.560224944600082,14.806900770672621,0.0012443420000636252,0.00029328899987982976,2.254899967131981e-05
ackley,10,asyncio,10,3,12.241964121819668,14.214704909364501,0.0014237016666811542,0.00019263833322232435,0.000398710000202603
ackley,10,asyncio,11,3,11.20310760449994,13.704772378327904,0.0016988863332395947,0.0006581490003251625,0.00020651833316757498
ackley,10,asyncio,12,3,10.395737017155628,12.959342508708014,0.001862488999904599,0.0004476103334430566,0.0006635366665553496
ackley,10,asyncio,13,3,10.253947820309653,12.307573597083179,0.0012572283330882783,0.0003981910000826853,2.5277666888238553e-05
ackley,10,asyncio,14,3,9.550270226304983,11.835651963847019,0.001223240333274589,0.00024620066657613887,2.3828666599001735e-05
ackley,10,asyncio,15,3,9.378388854106332,11.068653856125122,0.0012260043334511768,0.0008770659997026087,2.4706000355460372e-05
ackley,10,asyncio,16,3,9.378388854106332,10.917918005647245,0.0015107493336472544,0.0002751036669603006,2.1735999325755984e-05
ackley,10,asyncio,17,3,8.892666322025732,10.559043244362655,0.0028250703335288563,0.0001853166665265841,2.6484000045456924e-05
ackley,10,asyncio,18,3,8.460488182826099,10.216141311536846,0.0013977603333235795,0.00043607800004489644,2.8267333315549575e-05
ackley,10,asyncio,19,3,8.460488182826099,10.14174978254426,0.004818903000341379,0.00038063166690941824,2.4496332722871255e-05
ackley,10,asyncio,20,3,8.040208007232055,9.90957931739628,0.000741678333421684,0.00018524933329899795,0.0010713219999161083
ackley,10,numpy,0,3,20.31176206057869,21.130022414660356,0.025033383333417685,0.0,0.00021354700008184105
ackley,10,numpy,1,3,19.453564467789416,20.465746105271318,0.0003862746665011703,0.0005918316664974554,2.957800006697653e-05
ackley,10,numpy,2,3,18.05564217275978,19.257409788176354,0.0005715623331828586,0.00018643633332734075,2.599566687422339e-05
ackley,10,numpy,3,3,17.324918277674172,18.893625078906904,0.00011490300009124137,0.00030198633339750813,0.00011316399983722174
ackley,10,numpy,4,3,16.36602807510145,17.990858552652288,0.000172295333565368,0.00018295433346793288,2.337166612657408e-05
ackley,10,numpy,5,3,15.888849204657477,17.38997997006072,0.0001071753331416403,0.00019094500021310523,1.9257333102965884e-05
ackley,10,numpy,6,3,14.88359927362948,16.699850023868258,0.0002629229996576517,0.00017498200031695887,2.2666333279630635e-05
ackley,10,numpy,7,3,13.333475067797622,15.884977503975293,0.00023427633338239198,0.00027881033323258936,0.00011831299980258336
ackley,10,numpy,8,3,13.041827662320328,15.401220341428733,0.0001432363336183092,0.0006055343331657544,2.1119666598679032e-05
ackley,10,numpy,9,3,12.560224944600082,14.806900770672621,0.0002740700001595542,0.0002821153332964362,1.9069666450377554e-05
ackley,10,numpy,10,3,12.241964121819668,14.214704909364505,0.00012247466656845063,0.00022723199981555808,1.769766731740674e-05
ackley,10,numpy,11,3,11.20310760449994,13.704772378327904,0.00010229733319041164,0.00032515333320285816,1.8337667218778126e-05
ackley,10,numpy,12,3,10.395737017155627,12.959342508708014,0.0002138699998492181,0.0001978833333851071,3.4077333718111426e-05
ackley,10,numpy,13,3,10.253947820309653,12.307573597083179,0.0002190823333876324,0.00019045633356048106,0.0001368856668098791
ackley,10,numpy,14,3,9.550270226304983,11.835651963847019,0.002654879000147048,0.0006596029998036101,9.383366644518294e-05
ackley,10,numpy,15,3,9.378388854106332,11.068653856125122,0.0004105696671103942,0.00033830866686912486,2.189899987570243e-05
ackley,10,numpy,16,3,9.378388854106332,10.917918005647245,0.00010292699971614638,0.00022789266677136766,1.6639333504523773e-05
ackley,10,numpy,17,3,8.892666322025732,10.559043244362655,0.00010969333349445758,0.00029252633339638123,1.9206333187563967e-05
ackley,10,numpy,18,3,8.460488182826099,10.216141311536846,0.00012396966667438392,0.00029363933329780895,2.8376666705298703e-05
ackley,10,numpy,19,3,8.460488182826099,10.14174978254426,9.559433328831801e-05,0.00017350233338220278,1.4405666964497263e-05
ackley,10,numpy,20,3,8.040208007232055,9.90957931739628,0.00010489733328237587,0.00028854999982286245,1.7984000199552003e-05
ackley,30,sequential,0,3,20.94344891275274,21.256554903416497,0.0006839953333231582,0.0,9.811433331681958e-05
ackley,30,sequential,1,3,20.013533388903262,20.69070061182414,0.00013854733333573677,0.0007434193336545528,2.6678332991044346e-05
ackley,30,sequential,2,3,18.546759031472998,19.893705785500856,0.0003474373334029224,0.001739031666753969,2.7104666514787823e-05
ackley,30,sequential,3,3,18.546759031472998,19.531453124013467,0.0001352546663232109,0.0013043050003034296,2.337266657074603e-05
ackley,30,sequential,4,3,18.30204465466956,19.339440102524946,0.00013042566691486476,0.0009985676670112298,2.08556660557709e-05
ackley,30,sequential,5,3,17.953786648118783,19.003143120560363,0.00012973266651291246,0.0007311363333428744,2.0261000220974285e-05
ackley,30,sequential,6,3,17.870173712537337,18.636104099217416,0.0002532539998962117,0.001603639999909016,2.56656670292917e-05
ackley,30,sequential,7,3,17.662354018743834,18.458056911714085,0.0004534110000046591,0.0011635283335635904,2.4312333152920473e-05
ackley,30,sequential,8,3,17.305961610310582,18.22673481421028,0.0001337923334479759,0.0010534663330569554,2.095366683837104e-05
ackley,30,sequential,9,3,16.930463510344495,17.801890041292438,0.00013576666666873885,0.0013564789996962645,2.350000067963265e-05
ackley,30,sequential,10,3,16.930463510344495,17.64169405421221,0.00024226799966224158,0.0012762326665930839,2.2244000319915358e-05
ackley,30,sequential,11,3,16.82036359519538,17.470411099657962,0.00013296933320816606,0.0016848466666488093,2.4104333836779308e-05
ackley,30,sequential,12,3,16.22128298236363,17.0742524125163,0.00012933366663977117,0.001275615333421835,2.271799985464895e-05
ackley,30,sequential,13,3,15.544297547658616,16.891757041468576,0.0001279366667101082,0.0007507416667067446,2.0205999741544172e-05
ackley,30,sequential,14,3,15.297957317839765,16.625584775089422,0.00013909900008002296,0.0009506090003317998,2.3250999523346156e-05
ackley,30,sequential,15,3,15.297957317839765,16.404535440583576,0.00019762100024915222,0.0011411563333846668,7.882066590051788e-05
ackley,30,sequential,16,3,15.297957317839765,16.285199853622487,0.0003590950000216253,0.0010186536665059975,1.935266694393552e-05
ackley,30,sequential,17,3,15.031137319680823,16.082762340866868,0.00012588466658295752,0.0008430470000651743,1.9735333504892576e-05
ackley,30,sequential,18,3,15.031137319680823,15.908406700552993,0.00012796433293260634,0.0012844463335568435,1.954433355422225e-05
ackley,30,sequential,19,3,15.023602187914877,15.754260886323573,0.00013773666675357768,0.0022117720000096597,2.445333332919593e-05
ackley,30,sequential,20,3,14.839609062316171,15.59291788441717,0.00012627533305931138,0.0008282213332980367,1.915533327216205e-05
ackley,30,thread,0,3,20.94344891275274,21.256554903416497,0.01765999366671167,0.0,5.837066661721716e-05
ackley,30,thread,1,3,20.013533388903262,20.69070061182414,0.04511749266688033,0.001001289333544264,7.445266631596799e-05
ackley,30,thread,2,3,18.546759031472998,19.893705785500856,0.05231538133345263,0.0006177749998338792,0.0001768073337492145
ackley,30,thread,3,3,18.546759031472998,19.531453124013467,0.05028996166644598,0.0007079886666664,8.806600029250451e-05
ackley,30,thread,4,3,18.30204465466956,19.339440102524946,0.03266178233328295,0.0005209250002735644,4.0468666763141904e-05
ackley,30,thread,5,3,17.953786648118783,19.003143120560363,0.02053599966651139,0.0019000813329815476,0.0008398076673377849
ackley,30,thread,6,3,17.870173712537337,18.636104099217416,0.03968383666688169,0.0005824469996393115,3.7961333267351925e-05
ackley,30,thread,7,3,17.662354018743834,18.458056911714085,0.028532390666744806,0.0005487550000301175,3.127666665629173e-05
ackley,30,thread,8,3,17.305961610310582,18.22673481421028,0.014136500666912374,0.0005923460003032233,3.358366636045199e-05
ackley,30,thread,9,3,16.930463510344495,17.801890041292438,0.02731303533346363,0.0005116606665372577,3.4684333210558783e-05
ackley,30,thread,10,3,16.930463510344495,17.64169405421221,0.02137207433346096,0.0005247576670323421,3.348366650849736e-05
ackley,30,thread,11,3,16.82036359519538,17.470411099657962,0.03291842500008594,0.0006266780001169536,3.8883666699499976e-05
ackley,30,thread,12,3,16.22128298236363,17.0742524125163,0.031822215000223274,0.0005525903331241958,3.772233352113593e-05
ackley,30,thread,13,3,15.544297547658616,16.891757041468576,0.048481160333115746,0.0005495879998610084,4.1592667306152485e-05
ackley,30,thread,14,3,15.297957317839765,16.625584775089422,0.03430179033330205,0.0006690170002912055,4.305933301414674e-05
ackley,30,thread,15,3,15.297957317839765,16.404535440583576,0.037021903666451784,0.0005513796668310533,3.687933288650432e-05
ackley,30,thread,16,3,15.297957317839765,16.285199853622487,0.012788886333206998,0.0005921929996475228,3.485233385921068e-05
ackley,30,thread,17,3,15.031137319680823,16.082762340866868,0.026949554999797936,0.0006762763335549001,4.745899968838785e-05
ackley,30,thread,18,3,15.031137319680823,15.908406700552993,0.062096776666900645,0.00809943333327586,4.146099975817682e-05
ackley,30,thread,19,3,15.023602187914877,15.754260886323573,0.02491670066653266,0.0009310303333525857,4.7972333656313516e-05
ackley,30,thread,20,3,14.839609062316171,15.59291788441717,0.02441008666695173,0.0006340633329576425,3.8512333655186616e-05
ackley,30,process,0,3,20.94344891275274,21.256554903416497,0.12438166733348528,0.0,0.003609228666391573
ackley,30,process,1,3,20.013533388903262,20.69070061182414,0.17521615499996793,0.004511291666555432,0.00018520800009961627
ackley,30,process,2,3,18.546759031472998,19.893705785500856,0.08616063433358552,0.0037928006668153103,0.00017372533299446027
ackley,30,process,3,3,18.546759031472998,19.531453124013467,0.1706199719998646,0.02353913733350055,0.00010610633307805983
ackley,30,process,4,3,18.30204465466956,19.339440102524946,0.13407446733314524,0.0018923976670824534,0.000528197666729587
ackley,30,process,5,3,17.953786648118783,19.003143120560363,0.08835779833346653,0.0005541649998122011,0.0001697416667714909
ackley,30,process,6,3,17.870173712537337,18.636104099217416,0.12067457066677889,0.0010830646666969794,0.0001170919998306393
ackley,30,process,7,3,17.662354018743834,18.458056911714085,0.19161490066653641,0.0024581140002434645,0.00013106333305283138
ackley,30,process,8,3,17.305961610310582,18.22673481421028,0.14573132899962124,0.0015483446668440592,0.00012469633353854684
ackley,30,process,9,3,16.930463510344495,17.801890041292438,0.09950300633348282,0.002197314666470144,0.00012783700033954423
ackley,30,process,10,3,16.930463510344495,17.64169405421221,0.09789196866646914,0.0026955783332596184,0.00017487266692720974
ackley,30,process,11,3,16.82036359519538,17.470411099657962,0.1757557696667694,0.0011673743332115312,0.00016452300042146817
ackley,30,process,12,3,16.22128298236363,17.0742524125163,0.06189062900011777,0.001586067333240256,0.0007942839999183585
ackley,30,process,13,3,15.544297547658616,16.891757041468576,0.10965006099953219,0.0005861046671877072,0.00011523699959070655
ackley,30,process,14,3,15.297957317839765,16.625584775089422,0.07324614366674116,0.002021872666470396,0.0010482623335216583
ackley,30,process,15,3,15.297957317839765,16.404535440583576,0.15012624200032101,0.0008321940000920828,0.00018298366618788955
ackley,30,process,16,3,15.297957317839765,16.285199853622487,0.21591940999981793,0.0014899739999236772,0.0004768690002189639
ackley,30,process,17,3,15.031137319680823,16.082762340866868,0.1663416160002574,0.004745620000600563,0.00032712633280122344
ackley,30,process,18,3,15.031137319680823,15.908406700552993,0.09334445799989528,0.0009338136666580491,0.00029639033315712976
ackley,30,process,19,3,15.023602187914877,15.754260886323573,0.12806695266651028,0.0005782893331343075,0.0002883836671874936
ackley,30,process,20,3,14.839609062316171,15.59291788441717,0.1748767159997442,0.0008381053330595023,0.0001557013338242541
ackley,30,asyncio,0,3,20.94344891275274,21.256554903416497,0.0021076246666780207,0.0,4.6598333331833906e-05
ackley,30,asyncio,1,3,20.013533388903262,20.69070061182414,0.0009799646668398054,0.0007943906663664772,3.165566704410594e-05
ackley,30,asyncio,2,3,18.546759031472998,19.893705785500856,0.000971107000016976,0.0006876249996518405,2.918966705086253e-05
ackley,30,asyncio,3,3,18.546759031472998,19.531453124013467,0.0009713173330965219,0.00070297166682091,2.2484667169919703e-05
ackley,30,asyncio,4,3,18.30204465466956,19.339440102524946,0.001250833333263775,0.006257636000251902,2.9010666366957594e-05
ackley,30,asyncio,5,3,17.953786648118783,19.003143120560363,0.0029201896665351037,0.0004912993335892679,2.5783000031272724e-05
ackley,30,asyncio,6,3,17.870173712537337,18.636104099217416,0.0036283129996566763,0.003161237666669573,3.2281666790368035e-05
ackley,30,asyncio,7,3,17.662354018743834,18.458056911714085,0.0017869200003891212,0.0008418436667246473,2.857899956628292e-05
ackley,30,asyncio,8,3,17.305961610310582,18.22673481421028,0.0007888176666407768,0.0006471793331002118,2.386500030600776e-05
ackley,30,asyncio,9,3,16.930463510344495,17.801890041292438,0.002225839333126108,0.0006907559997368177,2.940766717074439e-05
ackley,30,asyncio,10,3,16.930463510344495,17.64169405421221,0.001362866667174482,0.0015417293337425992,2.7799999164320372e-05
ackley,30,asyncio,11,3,16.82036359519538,17.470411099657962,0.0021226566665670057,0.000805474333295327,2.5384666514582932e-05
ackley,30,asyncio,12,3,16.22128298236363,17.0742524125163,0.0009223066663253121,0.00048805766649214394,2.704600077170956e-05
ackley,30,asyncio,13,3,15.544297547658616,16.891757041468576,0.0008886176662296444,0.0005905606667511165,2.4662667177229498e-05
ackley,30,asyncio,14,3,15.297957317839765,16.625584775089422,0.0027325156661390793,0.00455298733353023,3.4501333478450157e-05
ackley,30,asyncio,15,3,15.297957317839765,16.404535440583576,0.0075903780001074965,0.0030373206670143795,3.354899945406942e-05
ackley,30,asyncio,16,3,15.297957317839765,16.285199853622487,0.0011571386667128536,0.0006309953335706572,2.613266648647065e-05
ackley,30,asyncio,17,3,15.031137319680823,16.082762340866868,0.0014116563334027887,0.000583324333698935,2.7999666296333697e-05
ackley,30,asyncio,18,3,15.031137319680823,15.908406700552993,0.0010092790001484293,0.0004983906671138053,2.2278665710473433e-05
ackley,30,asyncio,19,3,15.023602187914877,15.754260886323573,0.0007576233335081876,0.0004707690001547841,2.048566633069034e-05
ackley,30,asyncio,20,3,14.839609062316171,15.59291788441717,0.0009283890000612397,0.0004854729998745218,2.3265333463011e-05
ackley,30,numpy,0,3,20.94344891275274,21.256554903416497,0.0005110926664807872,0.0,0.00020738000027146578
ackley,30,numpy,1,3,20.013533388903262,20.69070061182414,0.00016688533348011939,0.0011961393332361088,2.8041666458496668e-05
ackley,30,numpy,2,3,18.546759031472998,19.893705785500856,0.0015793773333522647,0.0012952230002459448,2.9552000038772046e-05
ackley,30,numpy,3,3,18.546759031472998,19.531453124013467,0.003870100666366246,0.0014830930000850155,3.153166683963112e-05
ackley,30,numpy,4,3,18.30204465466956,19.339440102524946,0.0005319773329877838,0.000598041333432775,2.8268666937947273e-05
ackley,30,numpy,5,3,17.953786648118783,19.003143120560363,0.00017442599983041873,0.000528243000189832,2.53616669093996e-05
ackley,30,numpy,6,3,17.870173712537337,18.636104099217416,0.00013409766658393588,0.0010530339995966642,2.2842000362288672e-05
ackley,30,numpy,7,3,17.662354018743834,18.458056911714085,0.0001249456666603995,0.0005141779999272936,2.0041333603633877e-05
ackley,30,numpy,8,3,17.305961610310582,18.22673481421028,0.00011669433357989571,0.0005562796665496231,1.9813999945957523e-05
ackley,30,numpy,9,3,16.930463510344495,17.801890041292435,0.00032087233375932556,0.0009516029998242933,2.868966657842975e-05
ackley,30,numpy,10,3,16.930463510344495,17.64169405421221,0.00040201266680621,0.0012762543328790343,2.410200037653946e-05
ackley,30,numpy,11,3,16.82036359519538,17.470411099657962,0.00022786266648229989,0.0007443603332527952,2.4178667141920112e-05
ackley,30,numpy,12,3,16.22128298236363,17.0742524125163,0.00017745666688521547,0.0007275880000937226,2.3410999650271453e-05
ackley,30,numpy,13,3,15.544297547658616,16.891757041468576,0.0001279293334543278,0.0007263889995859548,2.0912333942154266e-05
ackley,30,numpy,14,3,15.297957317839765,16.625584775089422,0.0001803666667304545,0.0006378020004073429,2.1941999572542652e-05
ackley,30,numpy,15,3,15.297957317839765,16.404535440583576,0.0002776306670663568,0.004930883333751505,2.4646999312002055e-05
ackley,30,numpy,16,3,15.297957317839765,16.285199853622487,0.00014739199984129905,0.0005147949999203169,2.0963000073000632e-05
ackley,30,numpy,17,3,15.031137319680823,16.082762340866868,0.00013521033361030277,0.0009546996667874433,2.8883332864400774e-05
ackley,30,numpy,18,3,15.031137319680823,15.908406700552993,0.00023631766695568027,0.0006232429999120844,2.112333337815168e-05
ackley,30,numpy,19,3,15.023602187914877,15.754260886323573,0.0014894913332076005,0.0022431150000556954,3.3157000264812574e-05
ackley,30,numpy,20,3,14.839609062316171,15.59291788441717,0.0002568783332511278,0.001299316333643219,2.6151666437120486e-05
rastrigin,2,sequential,0,3,19.187587686391392,36.889256355324676,4.26473334300681e-05,0.0,4.873899979429552e-05
rastrigin,2,sequential,1,3,11.829318862233329,27.27106255794944,2.9382333195826504e-05,0.00013304666693632802,2.341899986883315e-05
rastrigin,2,sequential,2,3,6.997408554163235,20.97731670813802,2.5659999967804954e-05,5.740000021129769e-05,0.00020251966664848928
rastrigin,2,sequential,3,3,4.491220924518582,16.942081735107646,2.315699991110402e-05,5.091266666568117e-05,1.5681999684602488e-05
rastrigin,2,sequential,4,3,4.145758936625267,13.067507241037355,2.2251333575695753e-05,5.0836666863081824e-05,1.4386332926126974e-05
rastrigin,2,sequential,5,3,3.4006566241621883,11.899566626766777,2.555866649345262e-05,5.732000014783504e-05,1.6974666929551557e-05
rastrigin,2,sequential,6,3,3.4006566241621883,9.622710466077907,3.476333343617929e-05,4.849766658783968e-05,1.2509333525182834e-05
rastrigin,2,sequential,7,3,1.8366693935969554,8.632942883926413,2.417999985482311e-05,6.80023334401388e-05,0.00013124233343357142
rastrigin,2,sequential,8,3,1.8366693935969554,8.065772547818238,2.36510001438243e-05,0.0001741003334245761,1.5921000037148286e-05
rastrigin,2,sequential,9,3,1.8366693935969554,7.40576495226826,2.3053333279676735e-05,5.105133338171678e-05,1.4336666633122755e-05
rastrigin,2,sequential,10,3,1.1018523298404048,7.024846858538303,2.1985666535329074e-05,4.9187666566770836e-05,1.389699991705129e-05
rastrigin,2,sequential,11,3,1.0675907839076082,6.599464300875087,1.893266683813029e-05,4.471033359247182e-05,1.0907999239861965e-05
rastrigin,2,sequential,12,3,0.920612970775089,6.280243809300766,3.2883999665500596e-05,4.238899964548182e-05,1.1582667260275533e-05
rastrigin,2,sequential,13,3,0.920612970775089,5.9553901221743075,1.8731999868274823e-05,4.646600033690144e-05,1.0107666336504431e-05
rastrigin,2,sequential,14,3,0.920612970775089,5.675484634234324,1.8256000051527128e-05,4.332599989235556e-05,8.999666836947048e-06
rastrigin,2,sequential,15,3,0.8349700648074977,5.286803271111127,2.2802666838591296e-05,7.072833310909725e-05,1.5456333433879383e-05
rastrigin,2,sequential,16,3,0.7719990385617793,4.943163472300555,2.2003666951301664e-05,4.62909999138598e-05,1.273133299643329e-05
rastrigin,2,sequential,17,3,0.7719990385617793,4.910027589375414,2.1941999875707552e-05,6.13456668361323e-05,1.2658999973306587e-05
rastrigin,2,sequential,18,3,0.7719990385617793,4.610473014517079,1.9407666513870936e-05,4.4398000075792275e-05,9.921333003148902e-06
rastrigin,2,sequential,19,3,0.6750269582650598,4.137745081843879,0.00010328900013215996,4.687833340237072e-05,1.4085666407481767e-05
rastrigin,2,sequential,20,3,0.6750269582650598,3.8498209804033485,2.0218333399194915e-05,4.519233334576711e-05,1.1626666491793003e-05
rastrigin,2,thread,0,3,19.187587686391392,36.889256355324676,0.027716919333518792,0.0,5.8354333305032924e-05
rastrigin,2,thread,1,3,11.829318862233329,27.27106255794944,0.06908385733337734,0.00011601233321319644,3.862633335908564e-05
rastrigin,2,thread,2,3,6.997408554163235,20.97731670813802,0.027138669000123627,0.0001803713333477693,8.176399993923648e-05
rastrigin,2,thread,3,3,4.491220924518582,16.942081735107646,0.03437991799971011,6.229233319269649e-05,8.320666741686485e-05
rastrigin,2,thread,4,3,4.145758936625267,13.067507241037355,0.05064303433330982,6.38129998454436e-05,3.63616669953141e-05
rastrigin,2,thread,5,3,3.4006566241621883,11.899566626766777,0.07975210133342141,7.938466660561971e-05,5.378366677177837e-05
rastrigin,2,thread,6,3,3.4006566241621883,9.622710466077907,0.11849219766675863,6.373699973967935e-05,3.3353666670639846e-05
rastrigin,2,thread,7,3,1.8366693935969554,8.632942883926413,0.04434299133299646,6.184066690669472e-05,3.16293332313459e-05
rastrigin,2,thread,8,3,1.8366693935969554,8.065772547818238,0.01568074299999959,6.182399980995494e-05,7.327533330681035e-05
rastrigin,2,thread,9,3,1.8366693935969554,7.40576495226826,0.04333959733321535,5.9113666793564335e-05,3.0109000059989437e-05
rastrigin,2,thread,10,3,1.1018523298404048,7.024846858538303,0.048091423333062266,0.0001475066665079794,3.6301334148447495e-05
rastrigin,2,thread,11,3,1.0675907839076082,6.599464300875087,0.0629813666667663,6.254600005680307e-05,8.166666642258254e-05
rastrigin,2,thread,12,3,0.920612970775089,6.280243809300766,0.020527230999808427,6.584633350333509e-05,3.144566683962088e-05
rastrigin,2,thread,13,3,0.920612970775089,5.9553901221743075,0.028316112333413912,6.071733362963035e-05,3.111499972874299e-05
rastrigin,2,thread,14,3,0.920612970775089,5.675484634234324,0.02475593399988914,6.084133353094027e-05,3.222966643079417e-05
rastrigin,2,thread,15,3,0.8349700648074977,5.286803271111127,0.01205211800000446,0.0036744310000358382,0.0001164706670048569
rastrigin,2,thread,16,3,0.7719990385617793,4.943163472300555,0.021029914333363802,6.090899963358728e-05,2.9895333682361525e-05
rastrigin,2,thread,17,3,0.7719990385617793,4.910027589375414,0.02988354466651799,0.00015997533319023205,4.3747666798784245e-05
rastrigin,2,thread,18,3,0.7719990385617793,4.610473014517079,0.03346079166688772,0.0003604803335595837,0.0001256903330310403
rastrigin,2,thread,19,3,0.6750269582650598,4.137745081843879,0.03595051599980555,0.00014217633361113258,0.00013835799988252498
rastrigin,2,thread,20,3,0.6750269582650598,3.8498209804033485,0.04029653766671496,0.00010887833347320945,0.00010957799986499595
rastrigin,2,process,0,3,19.187587686391392,36.889256355324676,0.18243478899997476,0.0,0.00035658166689245263
rastrigin,2,process,1,3,11.829318862233329,27.27106255794944,0.09215834333311552,0.00017985600000732424,9.759200020198477e-05
rastrigin,2,process,2,3,6.997408554163235,20.97731670813802,0.09433746833322705,0.00010270566660134743,9.684433340832281e-05
rastrigin,2,process,3,3,4.491220924518582,16.942081735107646,0.15757558800002394,0.0005276753333115872,8.836133323105362e-05
rastrigin,2,process,4,3,4.145758936625267,13.067507241037355,0.14189767133363299,9.720599973661592e-05,9.615500008900806e-05
rastrigin,2,process,5,3,3.4006566241621883,11.899566626766777,0.13161880166686993,0.00011557366694129693,9.264999910859235e-05
rastrigin,2,process,6,3,3.4006566241621883,9.622710466077907,0.2250237203334109,0.0008083226663681368,0.0002801583335288645
rastrigin,2,process,7,3,1.8366693935969554,8.632942883926413,0.13963606166665463,0.00010539833359265079,0.00020969500019418774
rastrigin,2,process,8,3,1.8366693935969554,8.065772547818238,0.1899852373332275,0.0006470989998585234,8.485066731130549e-05
rastrigin,2,process,9,3,1.8366693935969554,7.40576495226826,0.19132410066655817,0.0001159216665958714,8.655866743841519e-05
rastrigin,2,process,10,3,1.1018523298404048,7.024846858538303,0.21294342766668706,0.00017403033295219453,0.0004968760003976058
rastrigin,2,process,11,3,1.0675907839076082,6.599464300875087,0.10441347166670312,0.00018134499987354502,8.589500036274937e-05
rastrigin,2,process,12,3,0.920612970775089,6.280243809300766,0.1429629126666138,9.772299987768444e-05,9.796700032893568e-05
rastrigin,2,process,13,3,0.920612970775089,5.9553901221743075,0.166267482666323,0.0002141276666710231,0.00019550000039695684
rastrigin,2,process,14,3,0.920612970775089,5.675484634234324,0.15729311866683324,0.00021617899983539246,0.00019894333339228373
rastrigin,2,process,15,3,0.8349700648074977,5.286803271111127,0.10502713100049732,0.0002110170001590935,8.548633256092823e-05
rastrigin,2,process,16,3,0.7719990385617793,4.943163472300555,0.1056081196672191,9.651233328137702e-05,0.00017984999916128194
rastrigin,2,process,17,3,0.7719990385617793,4.910027589375414,0.10621665399958147,0.0001877383332005896,0.00015373600065989498
rastrigin,2,process,18,3,0.7719990385617793,4.610473014517079,0.2462233409999802,0.00014708066676879147,0.0001778056663776321
rastrigin,2,process,19,3,0.6750269582650598,4.137745081843879,0.13574060300015844,0.0001629176667847787,9.270499958802247e-05
rastrigin,2,process,20,3,0.6750269582650598,3.8498209804033485,0.1673720063330014,0.00010729233357172537,0.0001686936669405744
rastrigin,2,asyncio,0,3,19.187587686391392,36.889256355324676,0.0009685643332583519,0.0,3.6932333387085237e-05
rastrigin,2,asyncio,1,3,11.829318862233329,27.27106255794944,0.0012469843331928132,0.0002767226666643789,8.965233337221434e-05
rastrigin,2,asyncio,2,3,6.997408554163235,20.97731670813802,0.0006134726666762921,5.055633270482455e-05,1.8020334209722932e-05
rastrigin,2,asyncio,3,3,4.491220924518582,16.942081735107646,0.0005872029999712444,4.8764666341109354e-05,1.713800035455885e-05
rastrigin,2,asyncio,4,3,4.145758936625267,13.067507241037355,0.0005591733336890078,4.736199995628946e-05,1.6276332947503153e-05
rastrigin,2,asyncio,5,3,3.4006566241621883,11.899566626766777,0.005270094333354791,6.138266659642493e-05,2.4989666902304936e-05
rastrigin,2,asyncio,6,3,3.4006566241621883,9.622710466077907,0.0013870896664229804,0.00012592766658296264,2.274066688793634e-05
rastrigin,2,asyncio,7,3,1.8366693935969554,8.632942883926413,0.0011052106665374595,0.0007578516667005412,2.38056663874886e-05
rastrigin,2,asyncio,8,3,1.8366693935969554,8.065772547818238,0.0013370493334150524,0.0043062549999982975,0.000282854333515085
rastrigin,2,asyncio,9,3,1.8366693935969554,7.40576495226826,0.008464283999880232,7.789300040409823e-05,2.737333306868095e-05
rastrigin,2,asyncio,10,3,1.1018523298404048,7.024846858538303,0.01847777833336295,5.8806333375590235e-05,2.352633327973308e-05
rastrigin,2,asyncio,11,3,1.0675907839076082,6.599464300875087,0.003064266666721475,0.007560395333105892,3.107666695238246e-05
rastrigin,2,asyncio,12,3,0.920612970775089,6.280243809300766,0.002730030666498351,0.00016177700005452303,4.487333383925337e-05
rastrigin,2,asyncio,13,3,0.920612970775089,5.9553901221743075,0.014263145333340313,6.276266655428724e-05,2.5144333752299037e-05
rastrigin,2,asyncio,14,3,0.920612970775089,5.675484634234324,0.015781730333401356,7.735400019252363e-05,3.700866667107524e-05
rastrigin,2,asyncio,15,3,0.8349700648074977,5.286803271111127,0.004818385000059304,0.00011741133342487349,2.8530333111120854e-05
rastrigin,2,asyncio,16,3,0.7719990385617793,4.943163472300555,0.006039081333256036,7.245866678810368e-05,2.7160000172443688e-05
rastrigin,2,asyncio,17,3,0.7719990385617793,4.910027589375414,0.005958057666854681,0.00018799233324292194,2.2763666493119672e-05
rastrigin,2,asyncio,18,3,0.7719990385617793,4.610473014517079,0.0006360623334937069,5.658366656765187e-05,1.780766676044247e-05
rastrigin,2,asyncio,19,3,0.6750269582650598,4.137745081843879,0.000612292666422339,4.878200009746555e-05,1.7645667260997772e-05
rastrigin,2,asyncio,20,3,0.6750269582650598,3.8498209804033485,0.0006923966666363413,4.617666642540522e-05,1.3885333828511648e-05
rastrigin,2,numpy,0,3,19.187587686391392,36.889256355324676,0.00015807800021624038,0.0,3.37999996797104e-05
rastrigin,2,numpy,1,3,11.829318862233329,27.27106255794944,0.000133076666619066,4.672766681323992e-05,1.8188000164324574e-05
rastrigin,2,numpy,2,3,6.997408554163235,20.97731670813802,0.0002380686667796302,4.2857666812778916e-05,0.0006067063332011458
rastrigin,2,numpy,3,3,4.491220924518582,16.942081735107646,0.00010865166708147929,0.00010398133296500116,0.004981980999521814
rastrigin,2,numpy,4,3,4.145758936625267,13.067507241037355,5.778733308640464e-05,4.211466663643174e-05,1.3988333497157631e-05
rastrigin,2,numpy,5,3,3.4006566241621883,11.899566626766777,0.0009415333336922534,3.8638000357119985e-05,1.490299958580484e-05
rastrigin,2,numpy,6,3,3.4006566241621883,9.622710466077907,7.033066685835365e-05,4.924200008341965e-05,0.0001024336664462074
rastrigin,2,numpy,7,3,1.8366693935969554,8.632942883926413,0.00018621733336961674,0.00047617900024003273,1.655966601295707e-05
rastrigin,2,numpy,8,3,1.8366693935969554,8.065772547818238,9.929433357077262e-05,0.0002575870000024831,9.590466621981857e-05
rastrigin,2,numpy,9,3,1.8366693935969554,7.40576495226826,0.00020451666629620982,3.9460666812374257e-05,1.3653666428581346e-05
rastrigin,2,numpy,10,3,1.1018523298404048,7.024846858538303,0.0001067106665383714,3.812166687566787e-05,0.00011984700025398827
rastrigin,2,numpy,11,3,1.0675907839076082,6.599464300875087,5.0246000076488904e-05,4.1895000019091334e-05,1.277999975476026e-05
rastrigin,2,numpy,12,3,0.920612970775089,6.280243809300766,0.0001185816669628063,3.385600030014757e-05,1.1233332770643756e-05
rastrigin,2,numpy,13,3,0.920612970775089,5.9553901221743075,4.462100029437958e-05,3.7388333415340945e-05,1.0961666400059281e-05
rastrigin,2,numpy,14,3,0.920612970775089,5.675484634234324,3.1027333534439094e-05,3.3594666698869936e-05,8.79099934536498e-06
rastrigin,2,numpy,15,3,0.8349700648074977,5.286803271111127,4.6347666284418665e-05,5.078466680667285e-05,1.2601666639966425e-05
rastrigin,2,numpy,16,3,0.7719990385617793,4.943163472300555,3.175600037745122e-05,3.4101000286076065e-05,9.085333052401742e-06
rastrigin,2,numpy,17,3,0.7719990385617793,4.910027589375414,4.584399994200794e-05,4.0474666396524604e-05,1.0806000621717734e-05
rastrigin,2,numpy,18,3,0.7719990385617793,4.610473014517079,3.188166707938459e-05,3.747833337304959e-05,8.752666265839556e-06
rastrigin,2,numpy,19,3,0.6750269582650598,4.137745081843879,2.8626666789932642e-05,3.634433354212282e-05,9.669666421056414e-06
rastrigin,2,numpy,20,3,0.6750269582650598,3.8498209804033485,2.9600666797099013e-05,3.485133341503873e-05,9.075666336381497e-06
rastrigin,10,sequential,0,3,138.28758783350483,185.41261573516553,5.404400023204895e-05,0.0,3.24909997289069e-05
rastrigin,10,sequential,1,3,110.81119816656918,146.78307956504145,4.62916662703113e-05,0.0002687840002787804,1.935333330038702e-05
rastrigin,10,sequential,2,3,86.48912309086519,125.76765408317287,4.438999985723058e-05,0.0001571776665514335,1.6942666661634576e-05
rastrigin,10,sequential,3,3,86.48912309086519,121.19085148561423,4.3324666876287665e-05,0.00015345200032849485,1.3432666188843237e-05
rastrigin,10,sequential,4,3,84.39209039768987,117.3510580366217,5.5548333269446935e-05,0.00021818866692531932,1.4102999860673057e-05
rastrigin,10,sequential,5,3,84.39209039768987,113.10453311780981,4.343933293663819e-05,0.00015562933367618825,1.3656666548437594e-05
rastrigin,10,sequential,6,3,84.39209039768987,108.45678963415237,4.1743666770344134e-05,0.0003077480002199688,1.2773333158596264e-05
rastrigin,10,sequential,7,3,75.75663041557998,105.86570827315433,4.209399988515846e-05,0.00020829566650112005,1.3909333574702032e-05
rastrigin,10,sequential,8,3,75.75663041557998,103.9863469220977,4.17206668619959e-05,0.00014112499987580426,1.113433336286107e-05
rastrigin,10,sequential,9,3,75.22373887775808,100.8531584049656,4.304533346536724e-05,0.0011042203332181089,1.484066676008903e-05
rastrigin,10,sequential,10,3,75.22373887775808,99.40965650352071,0.0001627040001039859,0.00015667966666417973,1.3272999846473491e-05
rastrigin,10,sequential,11,3,70.96545972882683,96.88641086446813,4.469799993482108e-05,0.00014820933332278705,1.2876666914962698e-05
rastrigin,10,sequential,12,3,70.96545972882683,96.8391159411026,4.393899992768032e-05,0.0023807406663157358,1.2942667126480956e-05
rastrigin,10,sequential,13,3,70.96545972882683,96.1969431055004,0.00030418533333431697,0.00014600866658535475,1.2629666647020107e-05
rastrigin,10,sequential,14,3,70.96545972882683,95.42721444982156,0.00029409900040870224,0.00014731366657845987,1.234399951499654e-05
rastrigin,10,sequential,15,3,66.73295828436319,92.9311447468739,4.286366674932651e-05,0.0001553176668191251,1.192666635082181e-05
rastrigin,10,sequential,16,3,66.73295828436319,92.34955645060342,7.543633334231951e-05,0.00021188100011689434,1.1854999380981704e-05
rastrigin,10,sequential,17,3,66.73295828436319,90.5339241309262,4.202800027997e-05,0.00014520500008075032,1.1547666266172504e-05
rastrigin,10,sequential,18,3,62.99081627897308,88.67772019843551,4.549566680604281e-05,0.00017134700010501547,1.4774665942240972e-05
rastrigin,10,sequential,19,3,62.99081627897308,88.30057150658347,0.0002606663329061121,0.00016016733297874453,1.6791666894278023e-05
rastrigin,10,sequential,20,3,57.42444828612795,87.18149430791526,4.249366641791615e-05,0.0001504399997429573,1.2215667084092274e-05
rastrigin,10,thread,0,3,138.28758783350483,185.41261573516553,0.030044518666727527,0.0,4.0434999997766376e-05
rastrigin,10,thread,1,3,110.81119816656918,146.78307956504145,0.04509839666661719,0.0005503530001078616,4.764566680629893e-05
rastrigin,10,thread,2,3,86.48912309086519,125.76765408317287,0.03214162733335494,0.00045733599987822043,7.153933317264698e-05
rastrigin,10,thread,3,3,86.48912309086519,121.19085148561423,0.03533143666694135,0.00017148233352296907,3.056533296330599e-05
rastrigin,10,thread,4,3,84.39209039768987,117.3510580366217,0.04776276533266355,0.0002758369998142977,2.8358001145534217e-05
rastrigin,10,thread,5,3,84.39209039768987,113.10453311780981,0.060439319666632706,0.0003416699998221399,3.076733355555916e-05
rastrigin,10,thread,6,3,84.39209039768987,108.45678963415237,0.01262201833318007,0.00018372866694941573,2.498633330105804e-05
rastrigin,10,thread,7,3,75.75663041557998,105.86570827315433,0.020774763666546885,0.00023962466699837628,2.7381332680912845e-05
rastrigin,10,thread,8,3,75.75663041557998,103.9863469220977,0.03445076700002877,0.0005192136668483727,3.016133299145925e-05
rastrigin,10,thread,9,3,75.22373887775808,100.8531584049656,0.06896127199979674,0.0003401713335430638,3.177966664225096e-05
rastrigin,10,thread,10,3,75.22373887775808,99.40965650352071,0.030062993666736777,0.00018292000004294096,5.1094333684886806e-05
rastrigin,10,thread,11,3,70.96545972882683,96.88641086446813,0.027783898999890273,0.001498095666950879,3.3152333344332874e-05
rastrigin,10,thread,12,3,70.96545972882683,96.8391159411026,0.019634201666728284,0.00015723499988477366,2.8111000271261826e-05
rastrigin,10,thread,13,3,70.96545972882683,96.1969431055004,0.04906054066699047,0.0001605870002094889,2.7161999848127987e-05
rastrigin,10,thread,14,3,70.96545972882683,95.42721444982156,0.025325454999801877,0.0002860023335718627,2.9445333287488513e-05
rastrigin,10,thread,15,3,66.73295828436319,92.9311447468739,0.09555188966654289,0.00024173200017685303,3.790399993401176e-05
rastrigin,10,thread,16,3,66.73295828436319,92.34955645060342,0.0780884136665918,0.0002813879997726569,3.508566715026973e-05
rastrigin,10,thread,17,3,66.73295828436319,90.5339241309262,0.027254720333075966,0.00017501799963307954,8.186233450639217e-05
rastrigin,10,thread,18,3,62.99081627897308,88.67772019843551,0.023640318333188286,0.00014916366641652226,6.12546667374166e-05
rastrigin,10,thread,19,3,62.99081627897308,88.30057150658347,0.036511273000238965,0.0002094176667621165,0.0001554989997506103
rastrigin,10,thread,20,3,57.42444828612795,87.18149430791526,0.02576286300003024,0.00015376099994076262,3.046299995427641e-05
rastrigin,10,process,0,3,138.28758783350483,185.41261573516553,0.08742489600020538,0.0,0.00017670299985184101
rastrigin,10,process,1,3,110.81119816656918,146.78307956504145,0.05445258533351686,0.00019645933328623263,8.093799988273531e-05
rastrigin,10,process,2,3,86.48912309086519,125.76765408317287,0.053695918666865815,0.00018410866656874228,0.0006361639995399552
rastrigin,10,process,3,3,86.48912309086519,121.19085148561423,0.12008309333335394,0.000602578333200654,7.659200006552662e-05
rastrigin,10,process,4,3,84.39209039768987,117.3510580366217,0.0871606350001457,0.0009272090001104516,0.00017042166655301116
rastrigin,10,process,5,3,84.39209039768987,113.10453311780981,0.11797262066678134,0.00019446633329304555,0.0001303476665270864
rastrigin,10,process,6,3,84.39209039768987,108.45678963415237,0.12379463866636797,0.0001980319999953887,0.0008668276671717953
rastrigin,10,process,7,3,75.75663041557998,105.86570827315433,0.11211514900029822,0.00020773933313951906,8.185033342063737e-05
rastrigin,10,process,8,3,75.75663041557998,103.9863469220977,0.11306529800003773,0.009513011666361612,7.67613337302464e-05
rastrigin,10,process,9,3,75.22373887775808,100.8531584049656,0.15658167799999015,0.0004497729999760243,0.00015570366667816415
rastrigin,10,process,10,3,75.22373887775808,99.40965650352071,0.14880005866659,0.0003505650001898175,7.175533331367963e-05
rastrigin,10,process,11,3,70.96545972882683,96.88641086446813,0.04984159366661819,0.00020407166690953696,0.00013709833334966484
rastrigin,10,process,12,3,70.96545972882683,96.8391159411026,0.07422661799985993,0.0018349916663282784,9.301100029309357e-05
rastrigin,10,process,13,3,70.96545972882683,96.1969431055004,0.12259854233343503,0.00021467266621281547,0.0007599206671026574
rastrigin,10,process,14,3,70.96545972882683,95.42721444982156,0.1299481993334363,0.0003634913337009493,0.00027955466612183955
rastrigin,10,process,15,3,66.73295828436319,92.9311447468739,0.12951959800011537,0.0009246350003498568,8.170566646488926e-05
rastrigin,10,process,16,3,66.73295828436319,92.34955645060342,0.08974579033323,0.00020628933331560498,6.896633355305919e-05
rastrigin,10,process,17,3,66.73295828436319,90.5339241309262,0.11157222566635028,0.00041331633353062597,0.00012831733329221606
rastrigin,10,process,18,3,62.99081627897308,88.67772019843551,0.08498096033326874,0.00030112699945069227,7.83140003477456e-05
rastrigin,10,process,19,3,62.99081627897308,88.30057150658347,0.13169552733294645,0.000797210000200721,7.729533323678577e-05
rastrigin,10,process,20,3,57.42444828612795,87.18149430791526,0.08059412766669993,0.00045381966689698555,7.868800003052456e-05
rastrigin,10,asyncio,0,3,138.28758783350483,185.41261573516553,0.0008917056669209463,0.0,3.313733304821653e-05
rastrigin,10,asyncio,1,3,110.81119816656918,146.78307956504145,0.0008962166669637858,0.00016305399973740956,6.752466682276766e-05
rastrigin,10,asyncio,2,3,86.48912309086519,125.76765408317287,0.0005061193329917538,0.0001449846665006286,1.6388000100657035e-05
rastrigin,10,asyncio,3,3,86.48912309086519,121.19085148561423,0.0006680166664712791,0.00014490033330124183,4.182166655179268e-05
rastrigin,10,asyncio,4,3,84.39209039768987,117.3510580366217,0.0005334023335308302,0.0002170920003360758,1.6214332996848196e-05
rastrigin,10,asyncio,5,3,84.39209039768987,113.10453311780981,0.01218692399985836,0.00017040966667991597,1.8631333356703788e-05
rastrigin,10,asyncio,6,3,84.39209039768987,108.45678963415237,0.0005990219997329405,0.0001686596666938082,1.556966708449181e-05
rastrigin,10,asyncio,7,3,75.75663041557998,105.86570827315433,0.0007287763334412981,0.00014205133296248582,1.6559666922451772e-05
rastrigin,10,asyncio,8,3,75.75663041557998,103.9863469220977,0.0005360853335029484,0.00014075799996741503,1.3536332820270522e-05
rastrigin,10,asyncio,9,3,75.22373887775808,100.8531584049656,0.0005055219999121618,0.00014324733304723244,1.453200062921193e-05
rastrigin,10,asyncio,10,3,75.22373887775808,99.40965650352071,0.0005192279998785428,0.0001434533332940191,1.301266668936781e-05
rastrigin,10,asyncio,11,3,70.96545972882683,96.88641086446813,0.0005419109999517483,0.00013969466666215644,1.45779998395786e-05
rastrigin,10,asyncio,12,3,70.96545972882683,96.8391159411026,0.0005698159999762235,0.00013960099992497513,1.2861666618846357e-05
rastrigin,10,asyncio,13,3,70.96545972882683,96.1969431055004,0.00048560699997324264,0.00016066633331017025,1.243800033989828e-05
rastrigin,10,asyncio,14,3,70.96545972882683,95.42721444982156,0.0005271856665179561,0.00014197399984065365,1.3413667147688102e-05
rastrigin,10,asyncio,15,3,66.73295828436319,92.9311447468739,0.0004946763331948508,0.00014443566669797292,1.421966650620258e-05
rastrigin,10,asyncio,16,3,66.73295828436319,92.34955645060342,0.0005407523334118499,0.00017357566654633652,1.3344333031758046e-05
rastrigin,10,asyncio,17,3,66.73295828436319,90.5339241309262,0.0004946223331595926,0.00014130333299059808,1.3643000784213655e-05
rastrigin,10,asyncio,18,3,62.99081627897308,88.67772019843551,0.000545744999423429,0.00014040300023528593,1.3499333363142796e-05
rastrigin,10,asyncio,19,3,62.99081627897308,88.30057150658347,0.0005046273333088417,0.00014231500032716818,1.2081999557267409e-05
rastrigin,10,asyncio,20,3,57.42444828612795,87.18149430791526,0.000534190000204641,0.00013885033331462182,1.3407666907975605e-05
rastrigin,10,numpy,0,3,138.28758783350483,185.41261573516553,0.0001806043328542728,0.0,3.23396670864895e-05
rastrigin,10,numpy,1,3,110.81119816656918,146.78307956504145,0.00016763966656678045,0.0003479836665671125,2.5865000376749474e-05
rastrigin,10,numpy,2,3,86.48912309086519,125.76765408317287,0.00026833300004606525,0.0002037223333293999,2.039533319475595e-05
rastrigin,10,numpy,3,3,86.48912309086519,121.19085148561423,7.16473332431633e-05,0.0003479253333959302,1.6069666647429887e-05
rastrigin,10,numpy,4,3,84.39209039768987,117.3510580366217,6.489733338336616e-05,0.0001767316665185111,1.4845667161959378e-05
rastrigin,10,numpy,5,3,84.39209039768987,113.10453311780981,0.002884087666946774,0.00013606366640791143,0.0012358470000132609
rastrigin,10,numpy,6,3,84.39209039768987,108.45678963415236,8.188499972069015e-05,0.00015273033356303736,1.5502999910192255e-05
rastrigin,10,numpy,7,3,75.75663041557998,105.86570827315433,6.961966694992346e-05,0.00030088366656855214,1.8619999840060093e-05
rastrigin,10,numpy,8,3,75.75663041557998,103.9863469220977,0.00011833433321347304,0.00020795766674079155,1.5209333469101693e-05
rastrigin,10,numpy,9,3,75.22373887775808,100.8531584049656,0.00010936866662329218,0.00020586066663478655,1.5519000044150744e-05
rastrigin,10,numpy,10,3,75.22373887775808,99.40965650352071,7.244033319390535e-05,0.00019095900006504962,1.3761000142646177e-05
rastrigin,10,numpy,11,3,70.96545972882683,96.88641086446813,6.070766661044521e-05,0.00020026233323733322,1.4482667211268563e-05
rastrigin,10,numpy,12,3,70.96545972882683,96.8391159411026,5.559466626436915e-05,0.00018346099993019985,1.1891667175708184e-05
rastrigin,10,numpy,13,3,70.96545972882683,96.1969431055004,5.5204666750796605e-05,0.00019925800006603822,1.2154332883559013e-05
rastrigin,10,numpy,14,3,70.96545972882683,95.42721444982156,6.670366686497194e-05,0.0001924659997409132,1.417499970557401e-05
rastrigin,10,numpy,15,3,66.73295828436319,92.9311447468739,6.711766703422957e-05,0.0002553456664221206,1.5179000001808163e-05
rastrigin,10,numpy,16,3,66.73295828436319,92.34955645060342,6.022266643412877e-05,0.00018538100024064383,1.2862999938079156e-05
rastrigin,10,numpy,17,3,66.73295828436319,90.5339241309262,5.875699995764686e-05,0.00019069466695024553,1.3162333440656463e-05
rastrigin,10,numpy,18,3,62.990816278973064,88.67772019843551,5.611633332591737e-05,0.00018597033340483904,1.2742333031686334e-05
rastrigin,10,numpy,19,3,62.990816278973064,88.30057150658347,6.137566712520008e-05,0.0002656070000739419,1.274799979000818e-05
rastrigin,10,numpy,20,3,57.42444828612795,87.18149430791526,0.00011468933341044855,0.00013629966694376586,1.4278332855610643e-05
rastrigin,30,sequential,0,3,469.38190734728624,555.031651153611,0.00010713966670058046,0.0,4.0731333380487435e-05
rastrigin,30,sequential,1,3,370.97119926048134,452.86743457764277,0.00029713300045841606,0.0003902950002157013,2.0116665837122127e-05
rastrigin,30,sequential,2,3,349.7974081512512,399.0197550913094,0.00043379833338500856,0.0014078946666510699,5.8831000084561914e-05
rastrigin,30,sequential,3,3,333.4727720459417,384.9554923051678,0.00010779300009744475,0.0004000556664323085,1.5674000072370593e-05
rastrigin,30,sequential,4,3,322.391332466548,374.60976120508013,0.00010082700009661494,0.0013356123333020757,1.639366685897888e-05
rastrigin,30,sequential,5,3,322.391332466548,371.70077316864473,9.52280003427101e-05,0.0004730626669697813,1.147366583609255e-05
rastrigin,30,sequential,6,3,322.391332466548,370.2859703690108,9.630766696015296e-05,0.0005692753329640254,1.2269999691246388e-05
rastrigin,30,sequential,7,3,319.6566223303714,367.2331239502119,9.784266664307022e-05,0.0005441039999520095,1.3144333631013675e-05
rastrigin,30,sequential,8,3,319.6566223303714,358.4914550217136,9.592266693895606e-05,0.0004886826664005639,1.2265333377096491e-05
rastrigin,30,sequential,9,3,306.41000641274513,354.5098234853531,9.738766675582156e-05,0.0004791490000570775,1.2735666132357437e-05
rastrigin,30,sequential,10,3,294.6515709962735,345.2951810436427,0.00010512433376182646,0.000479702666477048,1.3765666153631173e-05
rastrigin,30,sequential,11,3,294.6515709962735,338.7113523908284,0.00020474300011604404,0.0004720693335305744,4.1911999687727075e-05
rastrigin,30,sequential,12,3,294.6515709962735,336.2951370321622,9.781166651616029e-05,0.00037513966647869285,1.1159333856388306e-05
rastrigin,30,sequential,13,3,294.6515709962735,334.52713354810663,0.0001110379998863209,0.00042458399972626165,1.230066724626037e-05
rastrigin,30,sequential,14,3,293.22769480302526,328.7603088289033,9.603100018769813e-05,0.00040949533376988256,1.1420665941841435e-05
rastrigin,30,sequential,15,3,286.8553689959553,324.0582831752494,0.00010067733364849119,0.000457523333352583,1.4722666795326708e-05
rastrigin,30,sequential,16,3,286.8553689959553,322.4266887926581,9.991066690417938e-05,0.0005990519997188434,1.563100007236547e-05
rastrigin,30,sequential,17,3,285.16467664461953,320.89244283122883,9.803200009628199e-05,0.0004833129999800197,1.3965332982479595e-05
rastrigin,30,sequential,18,3,284.45354292256343,315.1288761937971,9.89553333662722e-05,0.0004412426669659908,1.6024666062245767e-05
rastrigin,30,sequential,19,3,276.4504748365071,311.34001599076504,9.821466665016487e-05,0.0004304463330602933,1.2716000431585902e-05
rastrigin,30,sequential,20,3,276.4504748365071,310.22717274649295,0.0003066623330596485,0.0010944030003277778,4.93239998225666e-05
rastrigin,30,thread,0,3,469.38190734728624,555.031651153611,0.07381297766672408,0.0,5.9813333185350835e-05
rastrigin,30,thread,1,3,370.97119926048134,452.86743457764277,0.04559355166657042,0.0024339743334470163,0.00012280433323515658
rastrigin,30,thread,2,3,349.7974081512512,399.0197550913094,0.06982679233351519,0.00047665466657538974,4.544766701049715e-05
rastrigin,30,thread,3,3,333.4727720459417,384.9554923051678,0.02640963233322206,0.0030604509999344978,3.78466669038365e-05
rastrigin,30,thread,4,3,322.391332466548,374.60976120508013,0.08667232133332921,0.000560523666536028,3.670566699535508e-05
rastrigin,30,thread,5,3,322.391332466548,371.70077316864473,0.0066464983331873855,0.0005691286666357579,2.828666674759006e-05
rastrigin,30,thread,6,3,322.391332466548,370.2859703690108,0.06935422299981535,0.0006593719999727909,3.0441000490100123e-05
rastrigin,30,thread,7,3,319.6566223303714,367.2331239502119,0.08502935399974376,0.005850322333268802,0.0001647240005695494
rastrigin,30,thread,8,3,319.6566223303714,358.4914550217136,0.04775904600046488,0.0018973030000779545,3.763866607187083e-05
rastrigin,30,thread,9,3,306.41000641274513,354.5098234853531,0.01039060299990524,0.0018470283333347954,9.877700025147836e-05
rastrigin,30,thread,10,3,294.6515709962735,345.2951810436427,0.0651809703337373,0.0005229680000411463,4.090699955365077e-05
rastrigin,30,thread,11,3,294.6515709962735,338.7113523908284,0.013859118333130027,0.0004437903335201554,6.303733304472796e-05
rastrigin,30,thread,12,3,294.6515709962735,336.2951370321622,0.021330763333329134,0.0005224976663763906,3.622800068114884e-05
rastrigin,30,thread,13,3,294.6515709962735,334.52713354810663,0.02459468500001094,0.000811945666706985,6.286066642739267e-05
rastrigin,30,thread,14,3,293.22769480302526,328.7603088289033,0.02088379833367071,0.000583435000104752,3.59719994473077e-05
rastrigin,30,thread,15,3,286.8553689959553,324.0582831752494,0.011216808666783132,0.0006828019998768772,3.29583329706414e-05
rastrigin,30,thread,16,3,286.8553689959553,322.4266887926581,0.04445483199985271,0.0007576396665172069,3.34980004481622e-05
rastrigin,30,thread,17,3,285.16467664461953,320.89244283122883,0.01214197333320044,0.023301310333408765,3.922466718601451e-05
rastrigin,30,thread,18,3,284.45354292256343,315.1288761937971,0.03779989133333098,0.0007261416667461162,3.8174000110302586e-05
rastrigin,30,thread,19,3,276.4504748365071,311.34001599076504,0.020463363333571277,0.0008566466664584974,3.568166630429914e-05
rastrigin,30,thread,20,3,276.4504748365071,310.22717274649295,0.01838349633362668,0.0005099640002299566,3.128199963005803e-05
rastrigin,30,process,0,3,469.38190734728624,555.031651153611,0.11858047600010953,0.0,0.00015776333354248587
rastrigin,30,process,1,3,370.97119926048134,452.86743457764277,0.06193072400007319,0.00047835666676595184,0.00045987766649583744
rastrigin,30,process,2,3,349.7974081512512,399.0197550913094,0.08778121533305239,0.000472705999527534,0.00016047933422669303
rastrigin,30,process,3,3,333.4727720459417,384.9554923051678,0.06407563133355627,0.0007530986664884646,9.362133338678784e-05
rastrigin,30,process,4,3,322.391332466548,374.60976120508013,0.10059290600020176,0.0009414803331916725,0.0006372863329791775
rastrigin,30,process,5,3,322.391332466548,371.70077316864473,0.13630957900022622,0.0032053953333767518,8.123366630267508e-05
rastrigin,30,process,6,3,322.391332466548,370.2859703690108,0.1906102343330834,0.0004942649999672236,0.00020623200028542973
rastrigin,30,process,7,3,319.6566223303714,367.2331239502119,0.12561373899976994,0.002120471000428855,0.0001508993333724599
rastrigin,30,process,8,3,319.6566223303714,358.4914550217136,0.15311958366692124,0.005622126666821714,9.800499932074065e-05
rastrigin,30,process,9,3,306.41000641274513,354.5098234853531,0.1319018973332883,0.0007067270001546907,9.339566652973492e-05
rastrigin,30,process,10,3,294.6515709962735,345.2951810436427,0.19449843933337738,0.0008312603331432911,0.00029707333366483607
rastrigin,30,process,11,3,294.6515709962735,338.7113523908284,0.167752945666507,0.0011554670002927498,9.652299953207451e-05
rastrigin,30,process,12,3,294.6515709962735,336.2951370321622,0.12278278566645895,0.0019267546664802164,9.64726674889486e-05
rastrigin,30,process,13,3,294.6515709962735,334.52713354810663,0.09838922666707124,0.0023899873334206254,8.898999961578132e-05
rastrigin,30,process,14,3,293.22769480302526,328.7603088289033,0.08187713366684572,0.000452321666671196,0.00024781966658338206
rastrigin,30,process,15,3,286.8553689959553,324.0582831752494,0.09503147833311232,0.0005998460001137573,9.860633326752577e-05
rastrigin,30,process,16,3,286.8553689959553,322.4266887926581,0.09681814399997772,0.001006016666300032,0.00017830400065577123
rastrigin,30,process,17,3,285.16467664461953,320.89244283122883,0.10819330733344638,0.000670538333603569,0.0005431219997262815
rastrigin,30,process,18,3,284.45354292256343,315.1288761937971,0.12060620566656628,0.0005467506668234515,0.00012337799974678396
rastrigin,30,process,19,3,276.4504748365071,311.34001599076504,0.14657847133336568,0.0004744903332417986,0.00017906533321365714
rastrigin,30,process,20,3,276.4504748365071,310.22717274649295,0.11457935933322005,0.0018428733334682572,0.00014503966637372892
rastrigin,30,asyncio,0,3,469.38190734728624,555.031651153611,0.0023578393332475875,0.0,3.981366686881908e-05
rastrigin,30,asyncio,1,3,370.97119926048134,452.86743457764277,0.002565998333011521,0.0027128870002949648,2.678066660640373e-05
rastrigin,30,asyncio,2,3,349.7974081512512,399.0197550913094,0.0008304503332207483,0.001895643333530946,2.140233330768145e-05
rastrigin,30,asyncio,3,3,333.4727720459417,384.9554923051678,0.0007809623333135581,0.001248724333284675,2.042566666204948e-05
rastrigin,30,asyncio,4,3,322.391332466548,374.60976120508013,0.0018388249997466726,0.0005519526666830643,2.0826333335814223e-05
rastrigin,30,asyncio,5,3,322.391332466548,371.70077316864473,0.0009662800002843142,0.00134796966661573,2.9146666444527607e-05
rastrigin,30,asyncio,6,3,322.391332466548,370.2859703690108,0.0006121853336177688,0.00040703400009078905,1.6596666076414596e-05
rastrigin,30,asyncio,7,3,319.6566223303714,367.2331239502119,0.002168517666783979,0.0016863386666348863,3.385099989827722e-05
rastrigin,30,asyncio,8,3,319.6566223303714,358.4914550217136,0.0025602586668658964,0.00041084499995728646,1.944966667603391e-05
rastrigin,30,asyncio,9,3,306.41000641274513,354.5098234853531,0.001095454999813228,0.0003958219995183754,1.591533388515624e-05
rastrigin,30,asyncio,10,3,294.6515709962735,345.2951810436427,0.0012085283333362895,0.001402668666438937,3.164966680439344e-05
rastrigin,30,asyncio,11,3,294.6515709962735,338.7113523908284,0.0005792013334939838,0.0003937660000398561,1.4061333483065633e-05
rastrigin,30,asyncio,12,3,294.6515709962735,336.2951370321622,0.0005607379998764372,0.0004177503330235292,1.4326000079260362e-05
rastrigin,30,asyncio,13,3,294.6515709962735,334.52713354810663,0.000586857332867415,0.000553969333244216,1.4932334427915825e-05
rastrigin,30,asyncio,14,3,293.22769480302526,328.7603088289033,0.0023373146662682607,0.00044156066663466237,1.5949667006983265e-05
rastrigin,30,asyncio,15,3,286.8553689959553,324.0582831752494,0.0006792873333931008,0.0006242976666423298,1.6526999994918395e-05
rastrigin,30,asyncio,16,3,286.8553689959553,322.4266887926581,0.0008461896668450208,0.0003936073335353285,1.3998666569629373e-05
rastrigin,30,asyncio,17,3,285.16467664461953,320.89244283122883,0.0006019839999377533,0.00039693066658704385,1.4899333412661994e-05
rastrigin,30,asyncio,18,3,284.45354292256343,315.1288761937971,0.0005423003334120343,0.0003920036666992625,1.5260000206277862e-05
rastrigin,30,asyncio,19,3,276.4504748365071,311.34001599076504,0.0005726143332746384,0.0005872153336288951,1.6331666605159018e-05
rastrigin,30,asyncio,20,3,276.4504748365071,310.22717274649295,0.0008134726664745054,0.0003835166665642949,1.5433999881982647e-05
rastrigin,30,numpy,0,3,469.38190734728624,555.031651153611,0.0013833356667115975,0.0,0.0003454003329655582
rastrigin,30,numpy,1,3,370.97119926048134,452.86743457764277,9.949266647405845e-05,0.00043642100020709523,2.2484333385364152e-05
rastrigin,30,numpy,2,3,349.7974081512512,399.0197550913094,8.642133343528258e-05,0.0004301840002275033,1.9641332679990835e-05
rastrigin,30,numpy,3,3,333.4727720459417,384.9554923051678,0.00010047833378242406,0.00045849366658027674,1.895033286321753e-05
rastrigin,30,numpy,4,3,322.391332466548,374.60976120508013,9.308499981367883e-05,0.0006584869997823262,1.9468667233013548e-05
rastrigin,30,numpy,5,3,322.391332466548,371.70077316864473,0.00018466800005019954,0.0004097553334455976,1.6823333377639454e-05
rastrigin,30,numpy,6,3,322.391332466548,370.2859703690108,8.959366671964138e-05,0.0003838096669520989,1.4244333215174265e-05
rastrigin,30,numpy,7,3,319.6566223303714,367.2331239502119,0.00023110500023904024,0.006862879999971483,2.233033319498645e-05
rastrigin,30,numpy,8,3,319.6566223303714,358.4914550217136,0.00027341700024408055,0.002523193666699323,2.181933299046553e-05
rastrigin,30,numpy,9,3,306.41000641274513,354.5098234853531,0.00010328600061863351,0.0005361479998100549,1.9069666450377554e-05
rastrigin,30,numpy,10,3,294.6515709962735,345.2951810436426,0.00010797733314878617,0.0005371399999300289,2.1554000340984203e-05
rastrigin,30,numpy,11,3,294.6515709962735,338.7113523908284,9.686266639619134e-05,0.0006287659998633899,1.8170667317463085e-05
rastrigin,30,numpy,12,3,294.6515709962735,336.2951370321622,9.963133379642386e-05,0.00044266733342131676,1.72113326091979e-05
rastrigin,30,numpy,13,3,294.6515709962735,334.52713354810663,8.929433321706408e-05,0.0013759363334126344,1.603500004421221e-05
rastrigin,30,numpy,14,3,293.22769480302526,328.7603088289033,9.255833356291987e-05,0.010998441000083403,1.879566631638833e-05
rastrigin,30,numpy,15,3,286.8553689959553,324.0582831752494,7.983466700049273e-05,0.00040174233314852853,1.5261999881962158e-05
rastrigin,30,numpy,16,3,286.8553689959553,322.4266887926581,7.733700022072298e-05,0.0004926786665843489,1.4685000072252782e-05
rastrigin,30,numpy,17,3,285.16467664461953,320.89244283122883,7.978933354024775e-05,0.0003984883333032485,1.3619666484980067e-05
rastrigin,30,numpy,18,3,284.45354292256343,315.1288761937971,7.186700016366861e-05,0.0003792359999958232,1.4991999705671333e-05
rastrigin,30,numpy,19,3,276.4504748365071,311.34001599076504,7.144966669632898e-05,0.0005928356667936896,1.4602333370324535e-05
rastrigin,30,numpy,20,3,276.4504748365071,310.22717274649295,6.532599976101967e-05,0.0003854989997004547,1.1842333757764814e-05
rosenbrock,2,sequential,0,3,21.007325079045504,629.2040706539277,3.8236999898799695e-05,0.0,0.0003298170001168425
rosenbrock,2,sequential,1,3,1.815271971193919,143.36977411333268,3.6370666445388146e-05,0.0003026963331649313,3.1812333569784336e-05
rosenbrock,2,sequential,2,3,0.6061396738561334,23.907484169813785,2.7103000017329275e-05,6.114099990857842e-05,2.1209333378161926e-05
rosenbrock,2,sequential,3,3,0.44708720700893173,15.57393760556505,2.9006333231033448e-05,6.150800012013254e-05,2.030333295503321e-05
rosenbrock,2,sequential,4,3,0.3360333501360502,9.592527079309967,0.0003640276666677285,5.73846667369556e-05,2.456499957285511e-05
rosenbrock,2,sequential,5,3,0.3360333501360502,4.596885542822705,0.00010328300019561236,6.411866646279425e-05,2.2883666739896096e-05
rosenbrock,2,sequential,6,3,0.3360333501360502,3.2085583420840216,2.934199983428698e-05,5.9115000112797134e-05,1.5374333088402636e-05
rosenbrock,2,sequential,7,3,0.10870006694257939,2.9429662671161356,2.680333333652622e-05,5.796900010561027e-05,0.00022026433301410483
rosenbrock,2,sequential,8,3,0.10870006694257939,1.9061896964684737,2.5844333625476185e-05,5.2292333142152834e-05,3.88576666712955e-05
rosenbrock,2,sequential,9,3,0.10870006694257939,1.676992303279407,4.39716668552137e-05,6.0450333876360673e-05,1.9112999022278625e-05
rosenbrock,2,sequential,10,3,0.10870006694257939,1.4103274781370103,2.97766667548179e-05,6.043599993669583e-05,2.0437333356918923e-05
rosenbrock,2,sequential,11,3,0.10727640495740108,1.1054528626205276,0.0002512159999241703,5.549833319188716e-05,2.132333338522585e-05
rosenbrock,2,sequential,12,3,0.051949046662603825,1.067324729921203,2.750966662764161e-05,5.2688999858219177e-05,1.952799993887311e-05
rosenbrock,2,sequential,13,3,0.051949046662603825,0.9009600454740071,2.3994333181083977e-05,9.840133316174615e-05,1.6737666859019857e-05
rosenbrock,2,sequential,14,3,0.047896318972114015,0.618540939902256,2.4558666458081763e-05,5.0207999872024324e-05,1.5748667162066948e-05
rosenbrock,2,sequential,15,3,0.046001800080393694,0.5745044131959679,2.6546333174337633e-05,0.00014159633368156696,1.887399988239243e-05
rosenbrock,2,sequential,16,3,0.046001800080393694,0.4880239477661858,2.743466666288441e-05,5.732200012668424e-05,1.7187333469337318e-05
rosenbrock,2,sequential,17,3,0.044892788832690905,0.4222453498261582,2.082766695821192e-05,4.474333369823095e-05,1.3873665920982603e-05
rosenbrock,2,sequential,18,3,0.044892788832690905,0.3931268963327952,3.21803333160157e-05,6.6311000106604e-05,1.3712333384319209e-05
rosenbrock,2,sequential,19,3,0.044892788832690905,0.36839706250933774,2.1989999974418122e-05,4.7946333324944135e-05,1.3281999902877336e-05
rosenbrock,2,sequential,20,3,0.037925615867156676,0.345496871894084,3.0048000553506427e-05,4.5469333902777485e-05,1.3678332531223228e-05
rosenbrock,2,thread,0,3,21.007325079045504,629.2040706539277,0.02848301266688698,0.0,4.162033292232081e-05
rosenbrock,2,thread,1,3,1.815271971193919,143.36977411333268,0.01016468933357828,5.0426666348357685e-05,3.051800013054162e-05
rosenbrock,2,thread,2,3,0.6061396738561334,23.907484169813785,0.009367820666739135,4.926033337445309e-05,2.7967999812972266e-05
rosenbrock,2,thread,3,3,0.44708720700893173,15.57393760556505,0.02596015299999029,4.7291666912011955e-05,2.943233297022137e-05
rosenbrock,2,thread,4,3,0.3360333501360502,9.592527079309967,0.03231121366661682,4.792366659482165e-05,2.6129333491553552e-05
rosenbrock,2,thread,5,3,0.3360333501360502,4.596885542822705,0.020335797333245864,4.897733348722492e-05,0.00010550933347985847
rosenbrock,2,thread,6,3,0.3360333501360502,3.2085583420840216,0.022968116333383175,0.00012510333302392004,3.418066686814806e-05
rosenbrock,2,thread,7,3,0.10870006694257939,2.9429662671161356,0.01907478233351867,4.831799985064814e-05,2.9532333428505808e-05
rosenbrock,2,thread,8,3,0.10870006694257939,1.9061896964684737,0.016531658666281146,5.277900011909272e-05,0.00027258766688949737
rosenbrock,2,thread,9,3,0.10870006694257939,1.676992303279407,0.015846534666707157,4.687299982227463e-05,2.4367667113741238e-05
rosenbrock,2,thread,10,3,0.10870006694257939,1.4103274781370103,0.013202134333369031,4.394733302130286e-05,2.2099666845557902e-05
rosenbrock,2,thread,11,3,0.10727640495740108,1.1054528626205276,0.03172111199971065,6.367833369343619e-05,2.5903333456274897e-05
rosenbrock,2,thread,12,3,0.051949046662603825,1.067324729921203,0.008103993333255252,4.472233346556701e-05,2.350966678932309e-05
rosenbrock,2,thread,13,3,0.051949046662603825,0.9009600454740071,0.01682524599982571,9.757766686864973e-05,2.351466688802854e-05
rosenbrock,2,thread,14,3,0.047896318972114015,0.618540939902256,0.10070098399955896,4.464566670018636e-05,2.765233360454052e-05
rosenbrock,2,thread,15,3,0.046001800080393694,0.5745044131959679,0.023862770333228884,6.467166652631325e-05,2.996600020802968e-05
rosenbrock,2,thread,16,3,0.046001800080393694,0.4880239477661858,0.08596847733315371,5.4321666539181024e-05,2.881566706491867e-05
rosenbrock,2,thread,17,3,0.044892788832690905,0.4222453498261582,0.10542382233294727,0.00012844433331338223,3.973400028674708e-05
rosenbrock,2,thread,18,3,0.044892788832690905,0.3931268963327952,0.015654179667156615,0.00010482200013939291,2.7056332328356802e-05
rosenbrock,2,thread,19,3,0.044892788832690905,0.36839706250933774,0.03207629866665229,0.0004153546666808931,3.303100008148855e-05
rosenbrock,2,thread,20,3,0.037925615867156676,0.345496871894084,0.049533894333459706,0.00030104633333394304,2.6854666733318783e-05
rosenbrock,2,process,0,3,21.007325079045504,629.2040706539277,0.03782173566651181,0.0,7.630433325781875e-05
rosenbrock,2,process,1,3,1.815271971193919,143.36977411333268,0.11372333166703659,6.843033285501103e-05,7.012833308787474e-05
rosenbrock,2,process,2,3,0.6061396738561334,23.907484169813785,0.11869057166677521,7.898266661262217e-05,0.00012567333336240458
rosenbrock,2,process,3,3,0.44708720700893173,15.57393760556505,0.12435574999987391,0.00037040833346206153,0.0017359150003054917
rosenbrock,2,process,4,3,0.3360333501360502,9.592527079309967,0.11305210366663232,0.00012345633331278805,6.468000022626559e-05
rosenbrock,2,process,5,3,0.3360333501360502,4.596885542822705,0.11357914900023995,0.00014224266669771168,0.00016049533314799191
rosenbrock,2,process,6,3,0.3360333501360502,3.2085583420840216,0.11407126466656337,0.0003240986664726127,0.000134855000396783
rosenbrock,2,process,7,3,0.10870006694257939,2.9429662671161356,0.12061398966670822,7.592666649240225e-05,7.723533326498e-05
rosenbrock,2,process,8,3,0.10870006694257939,1.9061896964684737,0.1759048136667237,0.0008175153331346033,6.370000028255163e-05
rosenbrock,2,process,9,3,0.10870006694257939,1.676992303279407,0.1022723593335589,0.00013041333325721402,0.00010487066659455498
rosenbrock,2,process,10,3,0.10870006694257939,1.4103274781370103,0.0899814620000446,7.739166630926775e-05,0.00023730166685709264
rosenbrock,2,process,11,3,0.10727640495740108,1.1054528626205276,0.116368324666837,0.00011682866685684228,0.00013125666646374157
rosenbrock,2,process,12,3,0.051949046662603825,1.067324729921203,0.20119392633326547,9.369999982785278e-05,6.341866719594691e-05
rosenbrock,2,process,13,3,0.051949046662603825,0.9009600454740071,0.1859069339995282,0.0007598049999918052,6.118533383414615e-05
rosenbrock,2,process,14,3,0.047896318972114015,0.618540939902256,0.13676827966658797,8.29740004822573e-05,5.5309332916901134e-05
rosenbrock,2,process,15,3,0.046001800080393694,0.5745044131959679,0.09458728966637864,0.0021531606662392733,6.215400086754623e-05
rosenbrock,2,process,16,3,0.046001800080393694,0.4880239477661858,0.13114845866706068,7.617866685905028e-05,5.521299893492445e-05
rosenbrock,2,process,17,3,0.044892788832690905,0.4222453498261582,0.10668883533283709,0.00028721366652462166,7.085200074167612e-05
rosenbrock,2,process,18,3,0.044892788832690905,0.3931268963327952,0.14074591466699835,7.122100032574963e-05,5.3614665982119426e-05
rosenbrock,2,process,19,3,0.044892788832690905,0.36839706250933774,0.16688797899981486,7.977599974158996e-05,0.00012912966728132838
rosenbrock,2,process,20,3,0.037925615867156676,0.345496871894084,0.10702786900037609,0.0004935280000305889,6.386733305892751e-05
rosenbrock,2,asyncio,0,3,21.007325079045504,629.2040706539277,0.0012965346662288841,0.0,2.8965000334816676e-05
rosenbrock,2,asyncio,1,3,1.815271971193919,143.36977411333268,0.0005604333334000936,5.7235333467057593e-05,2.009599969217864e-05
rosenbrock,2,asyncio,2,3,0.6061396738561334,23.907484169813785,0.0005906116666665184,4.016099986377716e-05,1.5996999839747634e-05
rosenbrock,2,asyncio,3,3,0.44708720700893173,15.57393760556505,0.0010584516667222488,0.00014044599962896123,1.5129667190194596e-05
rosenbrock,2,asyncio,4,3,0.3360333501360502,9.592527079309967,0.0012265453333384357,3.808700027245019e-05,1.2969999564423537e-05
rosenbrock,2,asyncio,5,3,0.3360333501360502,4.596885542822705,0.0005144183335990723,3.6986000244117655e-05,1.2026999381002193e-05
rosenbrock,2,asyncio,6,3,0.3360333501360502,3.2085583420840216,0.0004363879997981712,8.842266652209219e-05,1.1763000050753666e-05
rosenbrock,2,asyncio,7,3,0.10870006694257939,2.9429662671161356,0.000486217000191876,3.585833292163443e-05,1.2563000079050349e-05
rosenbrock,2,asyncio,8,3,0.10870006694257939,1.9061896964684737,0.00044145266656414606,3.498666683299234e-05,1.1434666703280527e-05
rosenbrock,2,asyncio,9,3,0.10870006694257939,1.676992303279407,0.0004235373335177428,3.569766674142253e-05,1.1106999409093987e-05
rosenbrock,2,asyncio,10,3,0.10870006694257939,1.4103274781370103,0.0004950680001153766,3.601533353503328e-05,1.2356666047708131e-05
rosenbrock,2,asyncio,11,3,0.10727640495740108,1.1054528626205276,0.00043588166651413,3.630699999727464e-05,1.2369333186749524e-05
rosenbrock,2,asyncio,12,3,0.051949046662603825,1.067324729921203,0.0004547579998567623,0.0001600813332818992,1.414500002283603e-05
rosenbrock,2,asyncio,13,3,0.051949046662603825,0.9009600454740071,0.0004289670002132577,3.641333326716752e-05,1.1286999930841072e-05
rosenbrock,2,asyncio,14,3,0.047896318972114015,0.618540939902256,0.0004398883329486125,3.547499970106097e-05,1.167900063592242e-05
rosenbrock,2,asyncio,15,3,0.046001800080393694,0.5745044131959679,0.0021480296666898844,3.5153666734307386e-05,8.849533302660954e-05
rosenbrock,2,asyncio,16,3,0.046001800080393694,0.4880239477661858,0.00046764033292371704,3.6293333323556e-05,1.1088667027555251e-05
rosenbrock,2,asyncio,17,3,0.044892788832690905,0.4222453498261582,0.00042214833350347664,3.525533338688547e-05,1.1244332805896798e-05
rosenbrock,2,asyncio,18,3,0.044892788832690905,0.3931268963327952,0.0004202246667167249,3.495033312598631e-05,1.0832667006373716e-05
rosenbrock,2,asyncio,19,3,0.044892788832690905,0.36839706250933774,0.00046086333350103814,3.5357666395915054e-05,1.1183666780804439e-05
rosenbrock,2,asyncio,20,3,0.037925615867156676,0.345496871894084,0.00043032733325768885,3.577166686833758e-05,1.1467666809039656e-05
rosenbrock,2,numpy,0,3,21.007325079045504,629.2040706539277,0.00027667166644581204,0.0,5.3594666799957245e-05
rosenbrock,2,numpy,1,3,1.815271971193919,143.36977411333268,9.257499944700005e-05,4.939599997063245e-05,1.9858667656080797e-05
rosenbrock,2,numpy,2,3,0.6061396738561334,23.907484169813785,5.8711666800566796e-05,4.052533343686567e-05,1.4487999881869959e-05
rosenbrock,2,numpy,3,3,0.44708720700893173,15.57393760556505,6.0262333439216796e-05,6.050233332643984e-05,1.3580999620899092e-05
rosenbrock,2,numpy,4,3,0.3360333501360502,9.592527079309967,8.197533315978944e-05,0.0012120513332168532,1.9639667092026986e-05
rosenbrock,2,numpy,5,3,0.3360333501360502,4.596885542822705,5.736866690616201e-05,4.232466653775191e-05,1.284133334896372e-05
rosenbrock,2,numpy,6,3,0.3360333501360502,3.2085583420840216,4.583733304267904e-05,3.828766663597586e-05,1.0445000043546315e-05
rosenbrock,2,numpy,7,3,0.10870006694257939,2.9429662671161356,4.79146662352529e-05,3.649599996909577e-05,1.2132666900773378e-05
rosenbrock,2,numpy,8,3,0.10870006694257939,1.9061896964684737,0.00012073600009898655,0.00015866566627664724,1.6326333631392725e-05
rosenbrock,2,numpy,9,3,0.10870006694257939,1.676992303279407,0.0001541866671080546,4.2358666784518086e-05,1.5527332834608387e-05
rosenbrock,2,numpy,10,3,0.10870006694257939,1.4103274781370103,0.00011025833343107176,3.830566614245375e-05,1.341800028361225e-05
rosenbrock,2,numpy,11,3,0.10727640495740108,1.1054528626205276,6.0855000204658914e-05,3.871299971554739e-05,1.309100025537191e-05
rosenbrock,2,numpy,12,3,0.051949046662603825,1.067324729921203,4.8892333325056825e-05,3.7705333549335286e-05,1.2893999761824185e-05
rosenbrock,2,numpy,13,3,0.051949046662603825,0.9009600454740071,4.440599999118907e-05,3.712833313329611e-05,1.0119666815929426e-05
rosenbrock,2,numpy,14,3,0.047896318972114015,0.618540939902256,4.965899976620373e-05,3.8545333760945745e-05,1.1016666576324496e-05
rosenbrock,2,numpy,15,3,0.046001800080393694,0.5745044131959679,0.00017788300010579405,0.0002532016669647419,0.00010106099944096059
rosenbrock,2,numpy,16,3,0.046001800080393694,0.4880239477661858,0.00024771133333463996,0.00011085966646836216,3.670300035688948e-05
rosenbrock,2,numpy,17,3,0.044892788832690905,0.4222453498261582,5.1339000189424645e-05,3.754833323910134e-05,1.2990999797087474e-05
rosenbrock,2,numpy,18,3,0.044892788832690905,0.3931268963327952,5.275600021074448e-05,3.7154000286439746e-05,1.1079332883430956e-05
rosenbrock,2,numpy,19,3,0.044892788832690905,0.36839706250933774,4.268200003328578e-05,3.688633326722387e-05,1.0417000036492633e-05
rosenbrock,2,numpy,20,3,0.037925615867156676,0.345496871894084,0.00022671000018211393,3.616899994085543e-05,3.661966638901504e-05
rosenbrock,10,sequential,0,3,1349.5125866714407,4803.655924269832,0.00010141566690435866,0.0,0.0005483219999102099
rosenbrock,10,sequential,1,3,813.5720821835694,2057.7477655871294,5.0322999716930404e-05,0.00014248833334325658,1.667333375128995e-05
rosenbrock,10,sequential,2,3,424.61622468574643,882.5901814265832,4.5648999730474316e-05,0.00012976466678082943,1.3360333468881436e-05
rosenbrock,10,sequential,3,3,314.8701591904791,593.1605850419259,0.025186686333654507,0.00012456766641359232,2.026799969219913e-05
rosenbrock,10,sequential,4,3,222.06670335136275,477.11084389708213,0.00011526033328361034,0.0004916243336386591,1.6617332827687885e-05
rosenbrock,10,sequential,5,3,156.25313755537047,332.3693133787796,0.00021996400028001517,0.0006508043337210742,1.7885665935561217e-05
rosenbrock,10,sequential,6,3,136.57365353484352,229.3530754093928,4.685299973061774e-05,0.0002635456667121616,0.0001840953336795792
rosenbrock,10,sequential,7,3,127.47500545197015,203.04674740995344,4.663166691898368e-05,0.000135910333180315,1.1610666660999414e-05
rosenbrock,10,sequential,8,3,98.32713780013471,173.62116529770665,4.495633371940736e-05,0.00013266400037537096,1.003133244618463e-05
rosenbrock,10,sequential,9,3,82.73426212051771,143.40198910676497,4.408033328218153e-05,0.00018352966647701882,1.1591333532123826e-05
rosenbrock,10,sequential,10,3,77.87792883915019,124.14591065844711,0.0001315836667951468,0.0006647889998324293,1.2784333497014208e-05
rosenbrock,10,sequential,11,3,77.7937088239786,113.80810367848149,4.547000025922898e-05,0.0001853406665759394,1.0795666336586388e-05
rosenbrock,10,sequential,12,3,77.7937088239786,110.26745736510831,4.3227333359633725e-05,0.00012157099990872666,8.54766706955464e-06
rosenbrock,10,sequential,13,3,48.980839183189346,93.58475619414143,4.42769996880088e-05,0.00019199300004402176,1.129000035386222e-05
rosenbrock,10,sequential,14,3,43.672637612046,82.39312272504365,4.604233345162356e-05,0.0001339163336524507,1.390833282736518e-05
rosenbrock,10,sequential,15,3,35.05794355337449,74.91056680830316,4.384766665073888e-05,0.00017424133360085156,1.1425666343711782e-05
rosenbrock,10,sequential,16,3,34.31121697204241,63.68073563519433,4.496566665087206e-05,0.0038642536668097214,1.2880999747721944e-05
rosenbrock,10,sequential,17,3,31.63372195661604,58.96981660308168,4.4149000132165384e-05,0.00013582333334246263,1.063933329229864e-05
rosenbrock,10,sequential,18,3,26.5094584630873,51.597091849507166,4.920266625655737e-05,0.0006546186665824886,1.8479000573279336e-05
rosenbrock,10,sequential,19,3,26.5094584630873,48.96876351789273,8.831000013742596e-05,0.00017342266680013077,1.1965333214902785e-05
rosenbrock,10,sequential,20,3,22.304445421945648,42.74935898679748,5.736266666644951e-05,0.003841033999985181,2.0215666760729317e-05
rosenbrock,10,thread,0,3,1349.5125866714407,4803.655924269832,0.051025554333136824,0.0,4.688733345877457e-05
rosenbrock,10,thread,1,3,813.5720821835694,2057.7477655871294,0.03642084899972057,0.0004981403332446158,7.118266754938911e-05
rosenbrock,10,thread,2,3,424.61622468574643,882.5901814265832,0.05310236566644259,0.0008283463333403537,4.4750000294394944e-05
rosenbrock,10,thread,3,3,314.8701591904791,593.1605850419259,0.05260648633369177,0.0002754626666501281,3.20236658808426e-05
rosenbrock,10,thread,4,3,222.06670335136275,477.11084389708213,0.036058346333447844,0.000341387666897693,3.077366636716761e-05
rosenbrock,10,thread,5,3,156.25313755537047,332.3693133787796,0.06334335366652037,0.00015210699984891107,3.6209000427334104e-05
rosenbrock,10,thread,6,3,136.57365353484352,229.3530754093928,0.020057983333269174,0.000249812666879734,3.143866706523113e-05
rosenbrock,10,thread,7,3,127.47500545197015,203.04674740995344,0.07107040966699667,0.00030418033353877644,3.1926665845579315e-05
rosenbrock,10,thread,8,3,98.32713780013471,173.62116529770665,0.020309576000120916,0.0002004623332444074,2.954600010222445e-05
rosenbrock,10,thread,9,3,82.73426212051771,143.40198910676497,0.05921640500006712,0.00027875466639670776,3.412100007456805e-05
rosenbrock,10,thread,10,3,77.87792883915019,124.14591065844711,0.07301195200003956,0.0009761123328644317,3.4083000173268374e-05
rosenbrock,10,thread,11,3,77.7937088239786,113.80810367848149,0.06795066466687179,0.0002507206666753821,3.3522999729029834e-05
rosenbrock,10,thread,12,3,77.7937088239786,110.26745736510831,0.06989946600000015,0.00014581566695900014,3.123433301273811e-05
rosenbrock,10,thread,13,3,48.980839183189346,93.58475619414143,0.021238589333127795,0.00046263100011856295,3.7379333358937096e-05
rosenbrock,10,thread,14,3,43.672637612046,82.39312272504365,0.15554457700000057,0.0003529973331145205,6.398933389088295e-05
rosenbrock,10,thread,15,3,35.05794355337449,74.91056680830316,0.04391402500004915,0.00045773166645327973,3.019233311836918e-05
rosenbrock,10,thread,16,3,34.31121697204241,63.68073563519433,0.07965090833295108,0.0001430756668317675,9.777600007510046e-05
rosenbrock,10,thread,17,3,31.63372195661604,58.96981660308168,0.05740105933364248,0.000218206667038127,3.34933329213527e-05
rosenbrock,10,thread,18,3,26.5094584630873,51.597091849507166,0.08779176866664784,0.00014784933318878757,3.866066678407757e-05
rosenbrock,10,thread,19,3,26.5094584630873,48.96876351789273,0.06116959066639538,0.0001824549999582814,6.40526665544409e-05
rosenbrock,10,thread,20,3,22.304445421945648,42.74935898679748,0.04811081500004851,0.0013252003333642886,3.3430333132855594e-05
rosenbrock,10,process,0,3,1349.5125866714407,4803.655924269832,0.19236516699978287,0.0,0.00029321433369962807
rosenbrock,10,process,1,3,813.5720821835694,2057.7477655871294,0.1545412833335528,0.0006309616665021167,0.00011244899997109314
rosenbrock,10,process,2,3,424.61622468574643,882.5901814265832,0.117457453999729,0.00031116233337039983,0.0001029866668128913
rosenbrock,10,process,3,3,314.8701591904791,593.1605850419259,0.09213611433309173,0.00020104133333613086,0.0001690413334169231
rosenbrock,10,process,4,3,222.06670335136275,477.11084389708213,0.1311057113331723,0.0012041253333639663,0.00042068200006421347
rosenbrock,10,process,5,3,156.25313755537047,332.3693133787796,0.1587571416666833,0.00040047466639710666,0.000573579333225401
rosenbrock,10,process,6,3,136.57365353484352,229.3530754093928,0.08428718900025463,0.000379570332976679,0.00014681733318866463
rosenbrock,10,process,7,3,127.47500545197015,203.04674740995344,0.10967364400039514,0.0005336063331924379,0.00036596833281995106
rosenbrock,10,process,8,3,98.32713780013471,173.62116529770665,0.18976152300031876,0.00019431799986098972,0.00035968433318582055
rosenbrock,10,process,9,3,82.73426212051771,143.40198910676497,0.3195207099997788,0.0003603766666249915,0.0001736196666873487
rosenbrock,10,process,10,3,77.87792883915019,124.14591065844711,0.1704133166667816,0.00017841399979564207,9.760966683340182e-05
rosenbrock,10,process,11,3,77.7937088239786,113.80810367848149,0.1739917949998926,0.0002725099999831097,0.00019320633358195968
rosenbrock,10,process,12,3,77.7937088239786,110.26745736510831,0.10899274733310449,0.0002661626667759265,0.00011538433318492025
rosenbrock,10,process,13,3,48.980839183189346,93.58475619414143,0.10165357933298462,0.0003882970004269737,0.00010503966677788412
rosenbrock,10,process,14,3,43.672637612046,82.39312272504365,0.08907270299975305,0.00019937133341348576,9.621533354220446e-05
rosenbrock,10,process,15,3,35.05794355337449,74.91056680830316,0.11662721100007427,0.0003155436667536075,9.29019997784053e-05
rosenbrock,10,process,16,3,34.31121697204241,63.68073563519433,0.14011399833331475,0.00036686533348984085,9.443333328817971e-05
rosenbrock,10,process,17,3,31.63372195661604,58.96981660308168,0.1628736666665039,0.00018324466661094144,9.265333331616905e-05
rosenbrock,10,process,18,3,26.5094584630873,51.597091849507166,0.20393965766682717,0.00020769833342152802,0.00017557333346000328
rosenbrock,10,process,19,3,26.5094584630873,48.96876351789273,0.1420929813333108,0.0002547106666194547,9.064666695242825e-05
rosenbrock,10,process,20,3,22.304445421945648,42.74935898679748,0.1718568830001459,0.0002170040000540515,0.00010269600018849208
rosenbrock,10,asyncio,0,3,1349.5125866714407,4803.655924269832,0.0051976193332545035,0.0,4.071133328883055e-05
rosenbrock,10,asyncio,1,3,813.5720821835694,2057.7477655871294,0.004609664000175447,0.00021517666694611157,2.568199973514614e-05
rosenbrock,10,asyncio,2,3,424.61622468574643,882.5901814265832,0.012314582666173616,0.0026232469996709065,2.9150000955269206e-05
rosenbrock,10,asyncio,3,3,314.8701591904791,593.1605850419259,0.0006089183331520568,0.00016219000008277362,1.8651666929751325e-05
rosenbrock,10,asyncio,4,3,222.06670335136275,477.11084389708213,0.0005227470001045731,0.00019491399992451383,1.5907000185203895e-05
rosenbrock,10,asyncio,5,3,156.25313755537047,332.3693133787796,0.0006958189997021691,0.0007381463331815515,1.857566652082217e-05
rosenbrock,10,asyncio,6,3,136.57365353484352,229.3530754093928,0.0010015293334314872,0.00014459199974226067,9.07206667761784e-05
rosenbrock,10,asyncio,7,3,127.47500545197015,203.04674740995344,0.0005985093333341259,0.000151684666282866,7.192366714055727e-05
rosenbrock,10,asyncio,8,3,98.32713780013471,173.62116529770665,0.0010627899998022865,0.0001527713335841933,1.561333313778353e-05
rosenbrock,10,asyncio,9,3,82.73426212051771,143.40198910676497,0.0074881423333863495,0.00020114433361110665,2.9508666557376273e-05
rosenbrock,10,asyncio,10,3,77.87792883915019,124.14591065844711,0.0006733286663802573,0.0001506246665788543,1.974700050292692e-05
rosenbrock,10,asyncio,11,3,77.7937088239786,113.80810367848149,0.0008201576668701213,0.00015344533373233085,1.6272999649421156e-05
rosenbrock,10,asyncio,12,3,77.7937088239786,110.26745736510831,0.0009673240001575323,0.0001412753335898742,1.637833308147189e-05
rosenbrock,10,asyncio,13,3,48.980839183189346,93.58475619414143,0.0007557709999067205,0.00013738666712015402,1.623666624558003e-05
rosenbrock,10,asyncio,14,3,43.672637612046,82.39312272504365,0.0006192329998763549,0.0001360703327009105,1.751400092568171e-05
rosenbrock,10,asyncio,15,3,35.05794355337449,74.91056680830316,0.000534672333439327,0.00013462500010064105,1.528799960700174e-05
rosenbrock,10,asyncio,16,3,34.31121697204241,63.68073563519433,0.0006447499999922002,0.00013480933345514737,1.4250666329947611e-05
rosenbrock,10,asyncio,17,3,31.63372195661604,58.96981660308168,0.02235088566643147,0.0001351849999385498,6.560366697764645e-05
rosenbrock,10,asyncio,18,3,26.5094584630873,51.597091849507166,0.0029251606665638974,0.0002638870003769019,2.4978333385661244e-05
rosenbrock,10,asyncio,19,3,26.5094584630873,48.96876351789273,0.0008983883332499923,0.00014055466635909397,1.6280000636470504e-05
rosenbrock,10,asyncio,20,3,22.304445421945648,42.74935898679748,0.000756641999638911,0.00013783899976260727,1.8051000552077312e-05
rosenbrock,10,numpy,0,3,1349.5125866714407,4803.655924269832,0.00020165066659198297,0.0,3.083199984151482e-05
rosenbrock,10,numpy,1,3,813.5720821835694,2057.7477655871294,7.252933331377183e-05,0.00014838366647988246,6.954800028324826e-05
rosenbrock,10,numpy,2,3,424.61622468574643,882.5901814265831,6.668566675216425e-05,0.00015053099984167298,0.00013204700038234782
rosenbrock,10,numpy,3,3,314.8701591904791,593.1605850419259,0.00016379600007591458,0.00019347066669676374,1.7604999811737798e-05
rosenbrock,10,numpy,4,3,222.06670335136275,477.11084389708213,0.0001005066666645386,0.0001868839996556441,1.523066657682648e-05
rosenbrock,10,numpy,5,3,156.25313755537047,332.3693133787796,6.0296666864208724e-05,0.00013871633321590102,1.5069000255607534e-05
rosenbrock,10,numpy,6,3,136.57365353484352,229.3530754093928,4.7884333071124274e-05,0.00014659766657132423,1.2741666978399735e-05
rosenbrock,10,numpy,7,3,127.47500545197015,203.04674740995344,5.208733333953811e-05,0.0001345136667320427,1.3301666513143573e-05
rosenbrock,10,numpy,8,3,98.32713780013471,173.62116529770665,5.5655333198956214e-05,0.0001332266665485804,1.2709000050866356e-05
rosenbrock,10,numpy,9,3,82.73426212051771,143.40198910676497,5.565733317780541e-05,0.00013353966642171144,1.3964000572741497e-05
rosenbrock,10,numpy,10,3,77.87792883915019,124.14591065844711,6.849566671007778e-05,0.00013432499963528244,1.5195333617157303e-05
rosenbrock,10,numpy,11,3,77.7937088239786,113.80810367848149,5.430466687054528e-05,0.00020496766652892498,1.302766668231925e-05
rosenbrock,10,numpy,12,3,77.7937088239786,110.26745736510831,5.853866665953925e-05,0.00025898966669046786,1.3170333356053257e-05
rosenbrock,10,numpy,13,3,48.980839183189346,93.58475619414143,5.6012666694490086e-05,0.00013339099981142985,2.304400034821204e-05
rosenbrock,10,numpy,14,3,43.672637612046,82.39312272504365,5.794933319217913e-05,0.00013210366675290666,1.3999666710636424e-05
rosenbrock,10,numpy,15,3,35.05794355337449,74.91056680830316,5.872233335442919e-05,0.0001345723333846157,1.3362666929121284e-05
rosenbrock,10,numpy,16,3,34.3112169720424,63.68073563519433,6.070566663159601e-05,0.00013532799979050955,5.8694000472314656e-05
rosenbrock,10,numpy,17,3,31.633721956616032,58.96981660308168,6.23486666881945e-05,0.00020187366681057028,1.4687333229327729e-05
rosenbrock,10,numpy,18,3,26.5094584630873,51.597091849507166,5.532466639124323e-05,0.00013398433323648837,1.4619000467064325e-05
rosenbrock,10,numpy,19,3,26.5094584630873,48.96876351789273,5.2764666785757676e-05,0.00018821400014227643,1.2133999613676375e-05
rosenbrock,10,numpy,20,3,22.304445421945648,42.74935898679748,0.00012053433359445383,0.001049526999850059,1.9177666217728984e-05
rosenbrock,30,sequential,0,3,10331.279087986315,15616.909949912166,0.00015414966674143216,0.0,3.715933326020604e-05
rosenbrock,30,sequential,1,3,4616.320826065905,8365.946419427528,0.0001407256665212723,0.00041927333343968104,1.9703332933810696e-05
rosenbrock,30,sequential,2,3,2128.273821970705,4762.791532888382,0.0006158296670643418,0.0013986886666922753,6.693633289008478e-05
rosenbrock,30,sequential,3,3,1717.4469385659077,3676.681800441402,0.0005485166666403529,0.0013434646668126031,5.463566655331912e-05
rosenbrock,30,sequential,4,3,1676.1980594391082,3089.5819508185364,0.00015237999984189324,0.0005902153334318427,1.8325332954797584e-05
rosenbrock,30,sequential,5,3,1573.545408180801,2599.348623075659,0.0001498106666986132,0.0004042883335083995,1.4892332728777546e-05
rosenbrock,30,sequential,6,3,1485.7779209907585,2111.587324245689,0.00013629600016429322,0.000401695333190825,1.3591333299700636e-05
rosenbrock,30,sequential,7,3,1460.6345137703568,1942.3126564638721,0.0001332479999594701,0.00038638266687485157,1.1703999613625152e-05
rosenbrock,30,sequential,8,3,1218.3743933350995,1816.995575573563,0.000137035000382942,0.0004021579998152447,2.1014332863463398e-05
rosenbrock,30,sequential,9,3,1134.7207109075105,1543.3352895841338,0.00013511533325072378,0.0003852499997568278,1.3426666555460542e-05
rosenbrock,30,sequential,10,3,1040.7687498412258,1420.1633771494046,0.00013791466638698088,0.00037986500016510644,1.0682332989138862e-05
rosenbrock,30,sequential,11,3,899.0622971097981,1274.665249324595,0.0005248833328247807,0.0004931346669157696,6.258533327733555e-05
rosenbrock,30,sequential,12,3,850.770285148643,1185.9118915517026,0.0001491640002010778,0.0010616389996963942,1.774133337069846e-05
rosenbrock,30,sequential,13,3,848.7955326730847,1126.7733589507752,0.00015355466681891508,0.0004066336665952501,1.2879999909879794e-05
rosenbrock,30,sequential,14,3,758.3236005394142,1054.478953896437,0.0001351609998891945,0.0003987613332962307,1.2879333250263395e-05
rosenbrock,30,sequential,15,3,738.30381185118,975.4274859506346,0.00013715866680286126,0.0003932206670166731,1.8496332510646123e-05
rosenbrock,30,sequential,16,3,738.30381185118,928.6919546931307,0.0001384746665280545,0.0003882199998770375,1.0572667027493784e-05
rosenbrock,30,sequential,17,3,619.7539887635093,863.1937839077218,0.0001379290003266457,0.0004033539998999913,1.3790666343993507e-05
rosenbrock,30,sequential,18,3,619.7539887635093,814.6256995556746,0.00013704066683809893,0.00037692333292701125,1.0171667175503293e-05
rosenbrock,30,sequential,19,3,576.5726593674548,778.8660794455944,0.00014595366640908955,0.00038265999986227445,1.1349000487825833e-05
rosenbrock,30,sequential,20,3,510.14083347755815,719.3088763361158,0.00013694233318043794,0.00040391033295842743,1.18636665623247e-05
rosenbrock,30,thread,0,3,10331.279087986315,15616.909949912166,0.06262609966688615,0.0,0.00025689933318062685
rosenbrock,30,thread,1,3,4616.320826065905,8365.946419427528,0.01966228566652717,0.0004297103332646657,4.0239333429781254e-05
rosenbrock,30,thread,2,3,2128.273821970705,4762.791532888382,0.014777894999800386,0.0005056180004127478,3.617499957423812e-05
rosenbrock,30,thread,3,3,1717.4469385659077,3676.681800441402,0.02227498466678905,0.0008738960001816546,3.2341666762173794e-05
rosenbrock,30,thread,4,3,1676.1980594391082,3089.5819508185364,0.0208323816665749,0.0014583436665513243,0.00013017666697123786
rosenbrock,30,thread,5,3,1573.545408180801,2599.348623075659,0.045713067333053914,0.0004953846667679803,3.828000020196972e-05
rosenbrock,30,thread,6,3,1485.7779209907585,2111.587324245689,0.07019527400007064,0.0015956806664689793,3.8793333260400686e-05
rosenbrock,30,thread,7,3,1460.6345137703568,1942.3126564638721,0.09893886299990602,0.0004880276665062411,3.7279000328756716e-05
rosenbrock,30,thread,8,3,1218.3743933350995,1816.995575573563,0.031030462333546893,0.0017155370002607622,3.73753330980738e-05
rosenbrock,30,thread,9,3,1134.7207109075105,1543.3352895841338,0.014432946000245769,0.00045537100019525195,3.72186659660656e-05
rosenbrock,30,thread,10,3,1040.7687498412258,1420.1633771494046,0.07780064666652227,0.02781662300003518,0.00011854499977440962
rosenbrock,30,thread,11,3,899.0622971097981,1274.665249324595,0.1856984663336334,0.0004442643333580539,4.815333250007825e-05
rosenbrock,30,thread,12,3,850.770285148643,1185.9118915517026,0.054508700000042154,0.0029865509998974935,4.060700030095177e-05
rosenbrock,30,thread,13,3,848.7955326730847,1126.7733589507752,0.0837235053331824,0.0013410743331405683,4.504133357841056e-05
rosenbrock,30,thread,14,3,758.3236005394142,1054.478953896437,0.06380454100023296,0.0010055783335095232,0.00012583266622338365
rosenbrock,30,thread,15,3,738.30381185118,975.4274859506346,0.09733379166694552,0.0011553533334639117,0.0053990189996208455
rosenbrock,30,thread,16,3,738.30381185118,928.6919546931307,0.08896647533371531,0.0016620203332422534,4.049800008942839e-05
rosenbrock,30,thread,17,3,619.7539887635093,863.1937839077218,0.03999331499987117,0.0006277063336407688,0.00021347199981391896
rosenbrock,30,thread,18,3,619.7539887635093,814.6256995556746,0.04385977433321386,0.0004505239997646034,3.925400020913609e-05
rosenbrock,30,thread,19,3,576.5726593674548,778.8660794455944,0.035495091666840985,0.0006522133335238323,4.719299977296032e-05
rosenbrock,30,thread,20,3,510.14083347755815,719.3088763361158,0.05626881466650957,0.0005016019998341411,4.001433353550965e-05
rosenbrock,30,process,0,3,10331.279087986315,15616.909949912166,0.13533935000001898,0.0,0.00043687299997448764
rosenbrock,30,process,1,3,4616.320826065905,8365.946419427528,0.14339485466704596,0.0007459016666568156,0.00010310699993472856
rosenbrock,30,process,2,3,2128.273821970705,4762.791532888382,0.0821547453333551,0.00048790100026963046,0.00011005866629905843
rosenbrock,30,process,3,3,1717.4469385659077,3676.681800441402,0.10302704433312708,0.0006746823331316895,9.310866698797327e-05
rosenbrock,30,process,4,3,1676.1980594391082,3089.5819508185364,0.08660460766714095,0.0006997303335083416,8.911066652217414e-05
rosenbrock,30,process,5,3,1573.545408180801,2599.348623075659,0.06960286166637768,0.0006090796669013798,0.0001887016672602234
rosenbrock,30,process,6,3,1485.7779209907585,2111.587324245689,0.11981212033303261,0.0004542626666079741,0.0001654196670036375
rosenbrock,30,process,7,3,1460.6345137703568,1942.3126564638721,0.12886777033357552,0.0014899536666537945,9.937466620613122e-05
rosenbrock,30,process,8,3,1218.3743933350995,1816.995575573563,0.1346472100003666,0.0036253626664498975,0.00019354333320128111
rosenbrock,30,process,9,3,1134.7207109075105,1543.3352895841338,0.07875320266703056,0.0008754633336138795,0.0001107299995055655
rosenbrock,30,process,10,3,1040.7687498412258,1420.1633771494046,0.14033463300044483,0.007054843666386053,9.125533294233416e-05
rosenbrock,30,process,11,3,899.0622971097981,1274.665249324595,0.09661933400002454,0.0030851966663855515,0.00012463533372889893
rosenbrock,30,process,12,3,850.770285148643,1185.9118915517026,0.08384907899987108,0.00042802366654844565,8.937700022215722e-05
rosenbrock,30,process,13,3,848.7955326730847,1126.7733589507752,0.18888218366676787,0.0004351653333287686,0.00010148466632623847
rosenbrock,30,process,14,3,758.3236005394142,1054.478953896437,0.11390014399997501,0.0025754456664799363,0.00010595300015362834
rosenbrock,30,process,15,3,738.30381185118,975.4274859506346,0.16397514333311847,0.0013137299999167833,0.0001951013333988764
rosenbrock,30,process,16,3,738.30381185118,928.6919546931307,0.08970789800029404,0.001447857666486622,0.00024888433320787345
rosenbrock,30,process,17,3,619.7539887635093,863.1937839077218,0.11548490866668241,0.0005277246667295307,0.0015044463331529794
rosenbrock,30,process,18,3,619.7539887635093,814.6256995556746,0.08822310433333769,0.0005613443330124331,8.985333352029556e-05
rosenbrock,30,process,19,3,576.5726593674548,778.8660794455944,0.11118565066650869,0.003433277666772483,0.0001625493332539918
rosenbrock,30,process,20,3,510.14083347755815,719.3088763361158,0.11922828533352003,0.0007731533335875914,0.0001939409997551896
rosenbrock,30,asyncio,0,3,10331.279087986315,15616.909949912166,0.003002556666615419,0.0,4.545766660157824e-05
rosenbrock,30,asyncio,1,3,4616.320826065905,8365.946419427528,0.0026645056662649345,0.0008097503335496489,2.988800012341623e-05
rosenbrock,30,asyncio,2,3,2128.273821970705,4762.791532888382,0.0021075023332741694,0.000450065333401047,2.6990666507723898e-05
rosenbrock,30,asyncio,3,3,1717.4469385659077,3676.681800441402,0.002788936666244505,0.0005715843335565296,2.544733373118409e-05
rosenbrock,30,asyncio,4,3,1676.1980594391082,3089.5819508185364,0.0007487653332039675,0.008042215333261993,2.3800000538661454e-05
rosenbrock,30,asyncio,5,3,1573.545408180801,2599.348623075659,0.0006361203328803337,0.0004042443333673873,1.943400032663097e-05
rosenbrock,30,asyncio,6,3,1485.7779209907585,2111.587324245689,0.0009640973333565247,0.00039467433301372995,1.835966698611931e-05
rosenbrock,30,asyncio,7,3,1460.6345137703568,1942.3126564638721,0.0007641923330083955,0.00045115900017359917,1.9005000164421897e-05
rosenbrock,30,asyncio,8,3,1218.3743933350995,1816.995575573563,0.000994121333254346,0.0004125546665818547,2.0156333448539954e-05
rosenbrock,30,asyncio,9,3,1134.7207109075105,1543.3352895841338,0.0007758686663995226,0.0004932146669792322,0.00010136866634032533
rosenbrock,30,asyncio,10,3,1040.7687498412258,1420.1633771494046,0.0006932409999838759,0.0008408016668302783,2.0774666457631003e-05
rosenbrock,30,asyncio,11,3,899.0622971097981,1274.665249324595,0.0011745696668488865,0.0008034846666002219,2.2810333272597443e-05
rosenbrock,30,asyncio,12,3,850.770285148643,1185.9118915517026,0.0010020896670539514,0.0008985909998955321,2.0073999924837455e-05
rosenbrock,30,asyncio,13,3,848.7955326730847,1126.7733589507752,0.00194509966665161,0.0008968583330594507,2.206933337826437e-05
rosenbrock,30,asyncio,14,3,758.3236005394142,1054.478953896437,0.0006385070000760606,0.0007595293333603573,1.9796333011375584e-05
rosenbrock,30,asyncio,15,3,738.30381185118,975.4274859506346,0.0009187503334639283,0.0006238300002223696,2.5717999657596618e-05
rosenbrock,30,asyncio,16,3,738.30381185118,928.6919546931307,0.0008333920001556786,0.0003968190000402198,1.8365332834946457e-05
rosenbrock,30,asyncio,17,3,619.7539887635093,863.1937839077218,0.0006893729999622641,0.0004481826666354512,2.2083333230208762e-05
rosenbrock,30,asyncio,18,3,619.7539887635093,814.6256995556746,0.02710420766682849,0.003966411333446255,3.2486666289817855e-05
rosenbrock,30,asyncio,19,3,576.5726593674548,778.8660794455944,0.0023235556667107935,0.0005375509996762654,0.00022222000006877352
rosenbrock,30,asyncio,20,3,510.14083347755815,719.3088763361158,0.004107076999995722,0.0028374346666169004,3.585566658633373e-05
rosenbrock,30,numpy,0,3,10331.279087986315,15616.909949912166,0.00017824333341801926,0.0,4.432266693280932e-05
rosenbrock,30,numpy,1,3,4616.320826065905,8365.946419427528,0.00011066700002023329,0.0004695423334245182,2.4122999699708696e-05
rosenbrock,30,numpy,2,3,2128.273821970705,4762.791532888382,9.566733327422601e-05,0.0014570196669107343,6.64410002476264e-05
rosenbrock,30,numpy,3,3,1717.4469385659077,3676.681800441403,0.0001350793336314382,0.0015004520000729826,2.1183666528183192e-05
rosenbrock,30,numpy,4,3,1676.1980594391082,3089.5819508185364,0.0005146743336202538,0.001240354999936244,2.135666606288093e-05
rosenbrock,30,numpy,5,3,1573.545408180801,2599.348623075659,8.00153332723615e-05,0.0005854920000274433,1.811666667587512e-05
rosenbrock,30,numpy,6,3,1485.7779209907585,2111.587324245689,7.875566673950136e-05,0.0005345116669559502,1.74489996425109e-05
rosenbrock,30,numpy,7,3,1460.6345137703568,1942.3126564638721,7.504700018519846e-05,0.0005672750003213878,1.6296333039160043e-05
rosenbrock,30,numpy,8,3,1218.3743933350995,1816.9955755735634,8.269000015085719e-05,0.0006696296665419746,1.7172333173220977e-05
rosenbrock,30,numpy,9,3,1134.7207109075105,1543.3352895841338,6.550600028276676e-05,0.0004405449999467237,1.7457666520688992e-05
rosenbrock,30,numpy,10,3,1040.7687498412258,1420.1633771494046,0.0001282613332781087,0.0010532113331767807,1.9676667155484513e-05
rosenbrock,30,numpy,11,3,899.0622971097982,1274.665249324595,7.04093332994186e-05,0.0004943419999108301,1.6710333814747475e-05
rosenbrock,30,numpy,12,3,850.770285148643,1185.9118915517029,0.0001750920000631595,0.0005055576663532216,1.7996333554037847e-05
rosenbrock,30,numpy,13,3,848.7955326730847,1126.7733589507752,6.78456666112955e-05,0.00043914266643696465,1.4544333680532873e-05
rosenbrock,30,numpy,14,3,758.3236005394142,1054.4789538964371,6.213566666701809e-05,0.00039175566689664265,1.423466619598912e-05
rosenbrock,30,numpy,15,3,738.30381185118,975.4274859506346,7.039066683015942e-05,0.0005082793334925858,1.5826666640350595e-05
rosenbrock,30,numpy,16,3,738.30381185118,928.6919546931307,5.859266699796232e-05,0.00037816533343478415,1.1679999261104967e-05
rosenbrock,30,numpy,17,3,619.7539887635093,863.1937839077218,6.280166689975886e-05,0.0003788746665425909,1.4831999881910937e-05
rosenbrock,30,numpy,18,3,619.7539887635093,814.6256995556746,5.954000001414291e-05,0.00037456700010807253,1.2280666245108781e-05
rosenbrock,30,numpy,19,3,576.5726593674549,778.8660794455944,7.59973333212353e-05,0.0005227033334449516,1.6792333553894423e-05
rosenbrock,30,numpy,20,3,510.14083347755815,719.3088763361158,0.00011836966677947203,0.0005480103333563117,1.724199986104698e-05
