objective,dimensions,mode,flight_number,sample_count,treasure_crumbs_mean,average_crumbs_mean,evaluation_seconds_mean,update_seconds_mean,overhead_seconds_mean
sphere,2,asyncio,0,5,1.5450084904301729,17.994582591636036,0.0037892369993642204,0.0,0.00012357640007394367
sphere,2,asyncio,1,5,0.8789337407222819,7.135462814005356,0.0035147762002452508,0.0021563580001384254,3.734579986485187e-05
sphere,2,asyncio,2,5,0.26873735093647855,2.1060191625464073,0.0016336524000507779,9.308480002800934e-05,3.333240019856021e-05
sphere,2,asyncio,3,5,0.1347790683641966,1.3389725225939926,0.002239896200262592,0.00029044100010651165,2.8912999550811946e-05
sphere,2,asyncio,4,5,0.1347790683641966,0.8713867255687078,0.0012353995996818412,0.00018101239984389395,4.957540040777531e-05
sphere,2,asyncio,5,5,0.08654558242796409,0.5706012107469438,0.0025012205998791613,0.00013946899998700245,3.201260042260401e-05
sphere,2,asyncio,6,5,0.05177560009000256,0.41455541977547616,0.004018875399560784,0.00020542319980449976,2.7754000257118605e-05
sphere,2,asyncio,7,5,0.04250901587260934,0.3365001918748386,0.0008441895999567351,6.725879939040169e-05,2.261060071759857e-05
sphere,2,asyncio,8,5,0.023866902877487547,0.25300618381924844,0.0011007679993781494,0.00016299220005748792,2.44858005316928e-05
sphere,2,asyncio,9,5,0.023866902877487547,0.24159450321565337,0.00089392219997535,6.308339980023447e-05,1.9671599875437096e-05
sphere,2,asyncio,10,5,0.02324620137348695,0.21752402967201104,0.000794180199955008,0.00014192999988154041,2.2249200628721156e-05
sphere,2,asyncio,11,5,0.021043119899047634,0.19168785604326014,0.000624799800789333,6.548640012624674e-05,2.2213999181985854e-05
sphere,2,asyncio,12,5,0.010587153139094033,0.16538062704768483,0.0013782890000584302,0.0001383849998092046,2.4555600248277187e-05
sphere,2,asyncio,13,5,0.007151416649900722,0.12492941362537506,0.001932255400242866,0.0008609912001702469,3.2236198967439124e-05
sphere,2,asyncio,14,5,0.007151416649900722,0.11559314847386941,0.0010361885997554054,7.107259989425074e-05,2.3558000611956233e-05
sphere,2,asyncio,15,5,0.0055339343689444105,0.09288561336633606,0.0031177883993223077,6.80969995300984e-05,0.00013146080091246403
sphere,2,asyncio,16,5,0.004813279949765023,0.08213247390384118,0.0035292559998197246,0.00016543159981665667,2.4745399787207135e-05
sphere,2,asyncio,17,5,0.0024036201573397918,0.06947268386211367,0.0019633052001154284,6.277040010900236e-05,2.336979960091412e-05
sphere,2,asyncio,18,5,0.001095826022811323,0.05344367713462326,0.0012403175998770167,6.401940008800011e-05,2.369739995629061e-05
sphere,2,asyncio,19,5,0.001095826022811323,0.05022266862037904,0.0016531987999769625,0.00011843339962069876,2.1747800201410427e-05
sphere,2,asyncio,20,5,0.0010264288835378362,0.045903111805881594,0.004508675599936396,6.964519961911719e-05,2.5024000933626667e-05
sphere,2,numpy,0,5,1.5450084904301729,17.994582591636036,0.0001526816005934961,0.0,3.871759909088723e-05
sphere,2,numpy,1,5,0.8789337407222819,7.135462814005356,8.820000002742744e-05,0.00016642700029478874,2.7593599224928766e-05
sphere,2,numpy,2,5,0.26873735093647855,2.1060191625464073,6.569179968209937e-05,6.147159947431647e-05,6.149640103103593e-05
sphere,2,numpy,3,5,0.1347790683641966,1.3389725225939926,4.7679400086053644e-05,6.141739977465477e-05,1.729099931253586e-05
sphere,2,numpy,4,5,0.1347790683641966,0.8713867255687078,6.890980002935976e-05,5.19673998496728e-05,5.9277400214341466e-05
sphere,2,numpy,5,5,0.08654558242796409,0.5706012107469438,5.679220012098085e-05,0.0005115423999086488,1.9851200340781362e-05
sphere,2,numpy,6,5,0.05177560009000256,0.41455541977547616,8.708179993845988e-05,0.00017618540005059913,3.783419997489545e-05
sphere,2,numpy,7,5,0.04250901587260934,0.3365001918748386,6.221760013431776e-05,5.607519997283816e-05,6.371879935613833e-05
sphere,2,numpy,8,5,0.023866902877487547,0.25300618381924844,0.00011201359993719961,5.3394999849842864e-05,5.224580017966218e-05
sphere,2,numpy,9,5,0.023866902877487547,0.24159450321565337,6.177179966471158e-05,5.704880022676662e-05,1.7111799752456137e-05
sphere,2,numpy,10,5,0.02324620137348695,0.21752402967201104,4.814379972231109e-05,0.00013041679958405438,1.498320052633062e-05
sphere,2,numpy,11,5,0.021043119899047634,0.19168785604326014,8.149839959514793e-05,0.00011568959962460212,2.6720001187641174e-05
sphere,2,numpy,12,5,0.010587153139094033,0.16538062704768483,4.6328800090122967e-05,5.18908000231022e-05,1.6424399655079468e-05
sphere,2,numpy,13,5,0.007151416649900722,0.12492941362537506,0.0007750929999019718,0.00011832880045403726,2.280839944432955e-05
sphere,2,numpy,14,5,0.007151416649900722,0.11559314847386941,5.924240031163208e-05,0.00010894799961533864,1.7202600429300218e-05
sphere,2,numpy,15,5,0.0055339343689444105,0.09288561336633606,7.484699999622535e-05,5.67295999644557e-05,0.00037760079940198923
sphere,2,numpy,16,5,0.004813279949765023,0.08213247390384118,6.0922599732293745e-05,0.00013441720002447255,1.961759990081191e-05
sphere,2,numpy,17,5,0.0024036201573397918,0.06947268386211367,6.786160083720461e-05,0.00017820019966166,0.00029293379993760026
sphere,2,numpy,18,5,0.001095826022811323,0.05344367713462326,0.00017623219973756933,6.202940057846718e-05,2.287620045535732e-05
sphere,2,numpy,19,5,0.001095826022811323,0.05022266862037904,0.00013060140008747112,0.00011477259977255017,1.7180400391225703e-05
sphere,2,numpy,20,5,0.0010264288835378362,0.045903111805881594,7.953020030981861e-05,5.5922200408531354e-05,2.650179885677062e-05
sphere,2,process,0,5,1.5450084904301729,17.994582591636036,0.16745354880004015,0.0,0.0004174828005488962
sphere,2,process,1,5,0.8789337407222819,7.135462814005356,0.12527519699979167,0.000147104800271336,0.00011142660005134531
sphere,2,process,2,5,0.26873735093647855,2.1060191625464073,0.1066652729998168,0.00014938259992050006,0.00010677180071070325
sphere,2,process,3,5,0.1347790683641966,1.3389725225939926,0.11483794919986394,0.00024940699950093403,0.0001038116002746392
sphere,2,process,4,5,0.1347790683641966,0.8713867255687078,0.09818660540004202,0.00014669539923488627,0.0003127449999738019
sphere,2,process,5,5,0.08654558242796409,0.5706012107469438,0.14875778679997892,0.001388161200156901,0.00011929899956157897
sphere,2,process,6,5,0.05177560009000256,0.41455541977547616,0.1508270045997051,0.00189208099982352,0.000409739400856779
sphere,2,process,7,5,0.04250901587260934,0.3365001918748386,0.10596810079950955,0.00012667899936786854,0.0004050142011692515
sphere,2,process,8,5,0.023866902877487547,0.25300618381924844,0.1564948913997796,0.0010193493999395287,0.00010342740060877986
sphere,2,process,9,5,0.023866902877487547,0.24159450321565337,0.17657433020031021,0.00023241260059876369,0.00022947679899516517
sphere,2,process,10,5,0.02324620137348695,0.21752402967201104,0.15795523039996623,0.0018207246001111343,9.209599993482697e-05
sphere,2,process,11,5,0.021043119899047634,0.19168785604326014,0.12817680640036996,0.00011574479904084001,0.0001856266004324425
sphere,2,process,12,5,0.010587153139094033,0.16538062704768483,0.09341449079947779,0.00018783480009005872,0.00013381460048549342
sphere,2,process,13,5,0.007151416649900722,0.12492941362537506,0.09082172620001075,0.0001088721997803077,8.3603600069182e-05
sphere,2,process,14,5,0.007151416649900722,0.11559314847386941,0.12140623379964381,0.00016298099981213455,8.220400050049648e-05
sphere,2,process,15,5,0.0055339343689444105,0.09288561336633606,0.15748623280014726,0.00024880919991119297,0.00010521959957259242
sphere,2,process,16,5,0.004813279949765023,0.08213247390384118,0.14965352979997987,0.0001812048001738731,0.000150337800005218
sphere,2,process,17,5,0.0024036201573397918,0.06947268386211367,0.10593245639975066,0.0001366733995382674,0.00038101640020613556
sphere,2,process,18,5,0.001095826022811323,0.05344367713462326,0.13587329920010233,0.00010808719998749439,0.0002895314002671512
sphere,2,process,19,5,0.001095826022811323,0.05022266862037904,0.11925573939952301,0.0003925156001059804,0.00011503180030558724
sphere,2,process,20,5,0.0010264288835378362,0.045903111805881594,0.15519713120011147,0.0002847623996785842,0.00013045140076428652
sphere,2,sequential,0,5,1.5450084904301729,17.994582591636036,1.922939991345629e-05,0.0,3.756019941647537e-05
sphere,2,sequential,1,5,0.8789337407222819,7.135462814005356,8.6764999650768e-05,6.847580007161014e-05,2.5508400358376094e-05
sphere,2,sequential,2,5,0.26873735093647855,2.1060191625464073,1.3112999658915214e-05,8.935879995988216e-05,2.0791199494851754e-05
sphere,2,sequential,3,5,0.1347790683641966,1.3389725225939926,1.2988000162295065e-05,7.04288002452813e-05,1.9194199921912514e-05
sphere,2,sequential,4,5,0.1347790683641966,0.8713867255687078,1.2176600284874439e-05,9.312520014645998e-05,1.6694999794708564e-05
sphere,2,sequential,5,5,0.08654558242796409,0.5706012107469438,1.6758399942773396e-05,5.410880003182683e-05,1.6557400158490054e-05
sphere,2,sequential,6,5,0.05177560009000256,0.41455541977547616,1.084160030586645e-05,5.439340056909714e-05,1.5244598762365058e-05
sphere,2,sequential,7,5,0.04250901587260934,0.3365001918748386,1.1588600318646059e-05,5.29038006789051e-05,0.00012365639850031585
sphere,2,sequential,8,5,0.023866902877487547,0.25300618381924844,9.849799971561879e-06,7.804279957781545e-05,1.2677000268013216e-05
sphere,2,sequential,9,5,0.023866902877487547,0.24159450321565337,1.0537199705140665e-05,0.00011590100002649706,1.3609599773189984e-05
sphere,2,sequential,10,5,0.02324620137348695,0.21752402967201104,1.2144400170654989e-05,5.695320032828022e-05,2.1606599329970776e-05
sphere,2,sequential,11,5,0.021043119899047634,0.19168785604326014,1.0863799980143085e-05,5.2381199930096044e-05,1.3967600534670054e-05
sphere,2,sequential,12,5,0.010587153139094033,0.16538062704768483,1.3805800335831009e-05,0.0007226169997011312,2.036059922829736e-05
sphere,2,sequential,13,5,0.007151416649900722,0.12492941362537506,1.096519990824163e-05,5.20504003361566e-05,4.3650599764077924e-05
sphere,2,sequential,14,5,0.007151416649900722,0.11559314847386941,1.145979986176826e-05,5.1869799426640385e-05,8.7876400721143e-05
sphere,2,sequential,15,5,0.0055339343689444105,0.09288561336633606,1.1760800407500938e-05,5.302079953253269e-05,1.526140003988985e-05
sphere,2,sequential,16,5,0.004813279949765023,0.08213247390384118,1.0978600039379672e-05,4.959240031894296e-05,1.4089599426370114e-05
sphere,2,sequential,17,5,0.0024036201573397918,0.06947268386211367,1.1084999641752802e-05,5.162839988770429e-05,1.5023200467112474e-05
sphere,2,sequential,18,5,0.001095826022811323,0.05344367713462326,1.3047600077698007e-05,9.415800050192047e-05,1.840639924921561e-05
sphere,2,sequential,19,5,0.001095826022811323,0.05022266862037904,1.712259982014075e-05,5.435939965536818e-05,1.444120061933063e-05
sphere,2,sequential,20,5,0.0010264288835378362,0.045903111805881594,9.89420004771091e-06,4.862099995079916e-05,1.2074199912603944e-05
sphere,2,thread,0,5,1.5450084904301729,17.994582591636036,0.00946343040013744,0.0,5.265239997243043e-05
sphere,2,thread,1,5,0.8789337407222819,7.135462814005356,0.006273287599833565,0.00013946399994893,4.257859982317314e-05
sphere,2,thread,2,5,0.26873735093647855,2.1060191625464073,0.006062553200172261,0.00015148519960348495,4.4943800457986074e-05
sphere,2,thread,3,5,0.1347790683641966,1.3389725225939926,0.008648711199566606,7.807740003045183e-05,4.010699994978495e-05
sphere,2,thread,4,5,0.1347790683641966,0.8713867255687078,0.007189279999874998,7.057700022414793e-05,3.988899989053607e-05
sphere,2,thread,5,5,0.08654558242796409,0.5706012107469438,0.007612546000018483,7.760799999232404e-05,3.983860005973838e-05
sphere,2,thread,6,5,0.05177560009000256,0.41455541977547616,0.009605911799735623,8.122059953166171e-05,3.911500025424175e-05
sphere,2,thread,7,5,0.04250901587260934,0.3365001918748386,0.008268740000130493,0.0001016234000417171,3.87289997888729e-05
sphere,2,thread,8,5,0.023866902877487547,0.25300618381924844,0.00941683579912933,0.00010199959979217965,3.928540136257652e-05
sphere,2,thread,9,5,0.023866902877487547,0.24159450321565337,0.01093647380002949,0.00013604860032501165,3.892859967891127e-05
sphere,2,thread,10,5,0.02324620137348695,0.21752402967201104,0.00961101700013387,6.971040020289365e-05,3.920319941244088e-05
sphere,2,thread,11,5,0.021043119899047634,0.19168785604326014,0.01162652800012438,7.792499964125455e-05,3.294060079497285e-05
sphere,2,thread,12,5,0.010587153139094033,0.16538062704768483,0.011799404799603508,6.977560005907434e-05,6.761060067219659e-05
sphere,2,thread,13,5,0.007151416649900722,0.12492941362537506,0.00659712640044745,0.0001412265992257744,3.089420024480205e-05
sphere,2,thread,14,5,0.007151416649900722,0.11559314847386941,0.009723787399707362,6.829040066804736e-05,3.61861995770596e-05
sphere,2,thread,15,5,0.0055339343689444105,0.09288561336633606,0.008574418400166905,6.900100015627686e-05,5.262079939711839e-05
sphere,2,thread,16,5,0.004813279949765023,0.08213247390384118,0.015506637199723627,6.942319996596779e-05,3.900560077454429e-05
sphere,2,thread,17,5,0.0024036201573397918,0.06947268386211367,0.014603705199988326,0.0006682723997073481,3.900359988620039e-05
sphere,2,thread,18,5,0.001095826022811323,0.05344367713462326,0.011659987800157978,7.101500013959595e-05,4.039439991174731e-05
sphere,2,thread,19,5,0.001095826022811323,0.05022266862037904,0.01113798719998158,8.113320036500227e-05,3.6421799086383545e-05
sphere,2,thread,20,5,0.0010264288835378362,0.045903111805881594,0.01200216920042294,0.0001267249997908948,3.911960011464544e-05
sphere,10,asyncio,0,5,43.1389305688293,88.61539153796068,0.0015827145998628112,0.0,4.148399966652505e-05
sphere,10,asyncio,1,5,30.174338616682025,50.999793817391584,0.0016036935998272384,0.0003465190002316376,3.086700016865507e-05
sphere,10,asyncio,2,5,15.499678189237013,28.871503102402517,0.001048802800505655,0.000521764999939478,3.093960003752727e-05
sphere,10,asyncio,3,5,11.78400425058363,24.461555956823243,0.0009373219996632543,0.0003851127999951132,2.5040200853254646e-05
sphere,10,asyncio,4,5,9.837866062020456,17.348984450422893,0.0007979319998412393,0.0006989859997702297,2.7994201082037763e-05
sphere,10,asyncio,5,5,8.270858946918846,13.651286883918555,0.0010140149996004765,0.00047744279945618475,5.947979989286978e-05
sphere,10,asyncio,6,5,5.333676272730433,10.732486923012296,0.0009217898001224967,0.0002310901996679604,2.4389600002905355e-05
sphere,10,asyncio,7,5,4.05149833833383,8.98189191824119,0.0007943212000100175,0.0002578678002464585,2.51089997618692e-05
sphere,10,asyncio,8,5,3.8809650268622784,7.449717084528993,0.0007775277994369389,0.00025407979992451144,2.3291000979952513e-05
sphere,10,asyncio,9,5,3.3141347879048753,6.652809436254842,0.0009282922001148108,0.00022142160014482215,2.301500026078429e-05
sphere,10,asyncio,10,5,1.9644547655253117,5.267047877306974,0.0011191655998118223,0.00021256559994071723,2.630320050229784e-05
sphere,10,asyncio,11,5,1.9644547655253117,4.57078856898925,0.0007195124002464581,0.00041179740001098255,2.1856999228475616e-05
sphere,10,asyncio,12,5,1.717861173936318,3.752369698721238,0.0007756110000627814,0.00035806019986921455,2.2635799905401654e-05
sphere,10,asyncio,13,5,1.5410820910944465,3.31384755488859,0.0008863536000717432,0.000901360599527834,2.4150000535883008e-05
sphere,10,asyncio,14,5,1.425090044647879,3.0088454476927784,0.001042519000475295,0.00024950520019046963,2.2246198932407422e-05
sphere,10,asyncio,15,5,1.199600997451267,2.5209544430850443,0.0012904705999972066,0.0002757088004727848,2.6294199415133335e-05
sphere,10,asyncio,16,5,0.9570061097471088,2.32136677169088,0.001249023000127636,0.00027017780048481653,2.309199953742791e-05
sphere,10,asyncio,17,5,0.7914148906337634,2.0348705678737877,0.0007351820000621956,0.00024036720024014357,2.2603399702347816e-05
sphere,10,asyncio,18,5,0.7141714456111299,1.668350110985676,0.0008976658005849458,0.0003058667996810982,2.308719958818983e-05
sphere,10,asyncio,19,5,0.7050434211806008,1.6097598218155877,0.0006646026005910244,0.0002870070002245484,1.9653799245133997e-05
sphere,10,asyncio,20,5,0.6431001242762665,1.4535673449209063,0.0011524675999680766,0.0007811110001057387,6.690979971608612e-05
sphere,10,numpy,0,5,43.1389305688293,88.61539153796068,0.00016186620014195795,0.0,7.455079976352863e-05
sphere,10,numpy,1,5,30.174338616682025,50.999793817391584,8.80190000316361e-05,0.0003133607995550847,2.6407200493849814e-05
sphere,10,numpy,2,5,15.499678189237013,28.871503102402517,6.787720012653153e-05,0.0003628301990829641,2.471120133122895e-05
sphere,10,numpy,3,5,11.784004250583632,24.461555956823243,6.27796005574055e-05,0.0004043411998281954,2.2216999423108063e-05
sphere,10,numpy,4,5,9.837866062020456,17.348984450422893,5.273740025586448e-05,0.0003509333997499198,2.1166399892535993e-05
sphere,10,numpy,5,5,8.270858946918846,13.651286883918555,6.467820021498483e-05,0.0005216864003159572,2.1516799824894407e-05
sphere,10,numpy,6,5,5.333676272730433,10.732486923012297,5.4740999985369854e-05,0.0003432747998886043,2.0280000171624124e-05
sphere,10,numpy,7,5,4.051498338333829,8.98189191824119,4.5282800056156705e-05,0.00032528900046600027,1.893539920274634e-05
sphere,10,numpy,8,5,3.8809650268622784,7.449717084528993,6.122099985077512e-05,0.0002171159998397343,2.0524400679278187e-05
sphere,10,numpy,9,5,3.3141347879048753,6.652809436254842,4.821879992960021e-05,0.0002630385999509599,1.8282400196767413e-05
sphere,10,numpy,10,5,1.9644547655253117,5.267047877306974,5.322160031937528e-05,0.00026690380000218286,2.565120012150146e-05
sphere,10,numpy,11,5,1.9644547655253117,4.57078856898925,4.7329800145234914e-05,0.0002482107996911509,1.7003199900500476e-05
sphere,10,numpy,12,5,1.7178611739363183,3.752369698721238,5.706480005756021e-05,0.0002598604005470406,1.9660399266285823e-05
sphere,10,numpy,13,5,1.5410820910944465,3.31384755488859,4.6543199277948585e-05,0.00021868620024179108,1.7396399925928563e-05
sphere,10,numpy,14,5,1.425090044647879,3.0088454476927784,0.0023937369995110204,0.00035370520017750093,5.1983000230393375e-05
sphere,10,numpy,15,5,1.199600997451267,2.5209544430850443,0.00014181879960233345,0.000857082600123249,5.6702400979702364e-05
sphere,10,numpy,16,5,0.9570061097471088,2.32136677169088,4.743760000565089e-05,0.0002050631999736652,1.647160061111208e-05
sphere,10,numpy,17,5,0.7914148906337635,2.034870567873788,5.216240024310537e-05,0.0002087182001559995,1.772859977791086e-05
sphere,10,numpy,18,5,0.7141714456111299,1.6683501109856764,0.00010171100038860458,0.0004024190002382966,2.1139199088793247e-05
sphere,10,numpy,19,5,0.7050434211806008,1.6097598218155877,9.061919990926981e-05,0.0002799417998176068,1.79276004928397e-05
sphere,10,numpy,20,5,0.6431001242762665,1.4535673449209061,4.6718199882889166e-05,0.000206342800083803,5.694579958799295e-05
sphere,10,process,0,5,43.1389305688293,88.61539153796068,0.05113524160005909,0.0,0.00021050780014775228
sphere,10,process,1,5,30.174338616682025,50.999793817391584,0.06127941440026916,0.0004996245999791427,0.0001597376001882367
sphere,10,process,2,5,15.499678189237013,28.871503102402517,0.05380273899936583,0.0003032585998880677,0.00016844640049384907
sphere,10,process,3,5,11.78400425058363,24.461555956823243,0.06710625239938964,0.0004610616004356416,0.00012828860017179977
sphere,10,process,4,5,9.837866062020456,17.348984450422893,0.07382241000050271,0.0003411100002267631,0.00011707999910868239
sphere,10,process,5,5,8.270858946918846,13.651286883918555,0.07365408660007233,0.0006014665992552182,0.0004641576004360104
sphere,10,process,6,5,5.333676272730433,10.732486923012296,0.06644653880030091,0.000752789199759718,0.0001863721998233814
sphere,10,process,7,5,4.05149833833383,8.98189191824119,0.05573664959993039,0.0008327179999469081,0.0001265680002688896
sphere,10,process,8,5,3.8809650268622784,7.449717084528993,0.05771220599999651,0.0005338214003131724,0.00026696019995142706
sphere,10,process,9,5,3.3141347879048753,6.652809436254842,0.055626997599756575,0.000345627400020021,0.00022499900005641394
sphere,10,process,10,5,1.9644547655253117,5.267047877306974,0.0640483511997445,0.0005570240002271021,0.00012523559998953716
sphere,10,process,11,5,1.9644547655253117,4.57078856898925,0.06787609700004396,0.00036433959976420736,0.00010044360060419421
sphere,10,process,12,5,1.717861173936318,3.752369698721238,0.06069557939918013,0.0003571387998817954,0.0003350540013343561
sphere,10,process,13,5,1.5410820910944465,3.31384755488859,0.07243270280014258,0.0004134236001846148,0.00030240759951993823
sphere,10,process,14,5,1.425090044647879,3.0088454476927784,0.05449762060015928,0.00039711640019959307,0.00044958919897908345
sphere,10,process,15,5,1.199600997451267,2.5209544430850443,0.054418865399929926,0.0004312671993830008,0.0006237280005734647
sphere,10,process,16,5,0.9570061097471088,2.32136677169088,0.05505167080009414,0.0006471486001828452,0.00011449059966253116
sphere,10,process,17,5,0.7914148906337634,2.0348705678737877,0.05421889919962268,0.0004617113998392597,0.00012078140061930754
sphere,10,process,18,5,0.7141714456111299,1.668350110985676,0.05961605780030368,0.00034150360006606205,0.00019217059925722424
sphere,10,process,19,5,0.7050434211806008,1.6097598218155877,0.054624532800153246,0.0002955143998406129,0.00024413520004600285
sphere,10,process,20,5,0.6431001242762665,1.4535673449209063,0.04777484800033562,0.0004204123997624265,0.00027135299933434
sphere,10,sequential,0,5,43.1389305688293,88.61539153796068,6.338680032058619e-05,0.0,0.00011347999934514519
sphere,10,sequential,1,5,30.174338616682025,50.999793817391584,2.0141600907663813e-05,0.0003222340004867874,2.4791798932710662e-05
sphere,10,sequential,2,5,15.499678189237013,28.871503102402517,1.9346600311109796e-05,0.0003604845995141659,2.4338400180567987e-05
sphere,10,sequential,3,5,11.78400425058363,24.461555956823243,1.952339989657048e-05,0.00032454700012749524,2.0267599757062273e-05
sphere,10,sequential,4,5,9.837866062020456,17.348984450422893,1.183299973490648e-05,0.00038062919993535614,1.3376200149650685e-05
sphere,10,sequential,5,5,8.270858946918846,13.651286883918555,1.8771000031847507e-05,0.0004261663998477161,1.921280017995741e-05
sphere,10,sequential,6,5,5.333676272730433,10.732486923012296,1.8451399955665693e-05,0.00033258820003538857,1.913659943966195e-05
sphere,10,sequential,7,5,4.05149833833383,8.98189191824119,1.9213600171497092e-05,0.0003288895997684449,2.0355399828986265e-05
sphere,10,sequential,8,5,3.8809650268622784,7.449717084528993,1.8727799761109055e-05,0.0004087744000571547,1.8914000611403027e-05
sphere,10,sequential,9,5,3.3141347879048753,6.652809436254842,1.5014199743745848e-05,0.0004147351999563398,0.00016137480015459004
sphere,10,sequential,10,5,1.9644547655253117,5.267047877306974,5.8899600117001685e-05,0.00045406680001178754,2.4755000049481167e-05
sphere,10,sequential,11,5,1.9644547655253117,4.57078856898925,2.6460599838173948e-05,0.00039002779994916635,1.8975000421050937e-05
sphere,10,sequential,12,5,1.717861173936318,3.752369698721238,2.282860004925169e-05,0.00040963719984574707,1.8691999866859987e-05
sphere,10,sequential,13,5,1.5410820910944465,3.31384755488859,1.9064999651163817e-05,0.0004041965996293584,1.8340800306759774e-05
sphere,10,sequential,14,5,1.425090044647879,3.0088454476927784,1.7719999959808774e-05,0.00026408380035718436,1.643579926167149e-05
sphere,10,sequential,15,5,1.199600997451267,2.5209544430850443,1.8590199761092663e-05,0.000318015399898286,6.160999982967042e-05
sphere,10,sequential,16,5,0.9570061097471088,2.32136677169088,1.8422599896439352e-05,0.0002439243999106111,1.749479997670278e-05
sphere,10,sequential,17,5,0.7914148906337634,2.0348705678737877,1.7395599570591003e-05,0.0002921841998613672,1.6232400230364875e-05
sphere,10,sequential,18,5,0.7141714456111299,1.668350110985676,1.884180019260384e-05,0.00022212379990378396,1.9042000349145383e-05
sphere,10,sequential,19,5,0.7050434211806008,1.6097598218155877,1.7239000226254574e-05,0.00026446680021763314,1.4780799392610789e-05
sphere,10,sequential,20,5,0.6431001242762665,1.4535673449209063,2.4493399905622937e-05,0.00031378839958051685,1.6066000898717903e-05
sphere,10,thread,0,5,43.1389305688293,88.61539153796068,0.012354677400071522,0.0,5.441180037450977e-05
sphere,10,thread,1,5,30.174338616682025,50.999793817391584,0.012075114999970538,0.00040183359960792585,4.859959954046644e-05
sphere,10,thread,2,5,15.499678189237013,28.871503102402517,0.008422524200068438,0.0003251207999710459,5.173900062800385e-05
sphere,10,thread,3,5,11.78400425058363,24.461555956823243,0.008431274599570316,0.00028169720026198773,4.018779982288834e-05
sphere,10,thread,4,5,9.837866062020456,17.348984450422893,0.01012168780034699,0.0003842091999104014,8.750319975661113e-05
sphere,10,thread,5,5,8.270858946918846,13.651286883918555,0.023872231400309828,0.0005370102004235378,5.4081999041954984e-05
sphere,10,thread,6,5,5.333676272730433,10.732486923012296,0.015934444600497956,0.00034707799968600737,8.238260015787091e-05
sphere,10,thread,7,5,4.05149833833383,8.98189191824119,0.015019395599301788,0.0003171153999574017,4.725960097857751e-05
sphere,10,thread,8,5,3.8809650268622784,7.449717084528993,0.01570071080022899,0.0003602046002924908,8.924379944801331e-05
sphere,10,thread,9,5,3.3141347879048753,6.652809436254842,0.01780782560017542,0.0007918670002254657,0.00011057499941671267
sphere,10,thread,10,5,1.9644547655253117,5.267047877306974,0.009935559400037163,0.0003110277997620869,4.96982000186108e-05
sphere,10,thread,11,5,1.9644547655253117,4.57078856898925,0.012080375799632748,0.0003346106004755711,4.376800025056582e-05
sphere,10,thread,12,5,1.717861173936318,3.752369698721238,0.0091789742004039,0.00030318079989228864,4.7164599163807e-05
sphere,10,thread,13,5,1.5410820910944465,3.31384755488859,0.006900452399713685,0.0005051150001236238,7.841520018700976e-05
sphere,10,thread,14,5,1.425090044647879,3.0088454476927784,0.00722300359957444,0.00045465760013030376,4.438840078364592e-05
sphere,10,thread,15,5,1.199600997451267,2.5209544430850443,0.005674536399965291,0.0002322051994269714,5.082580100861378e-05
sphere,10,thread,16,5,0.9570061097471088,2.32136677169088,0.009550978800325538,0.000279049199889414,8.618360006948934e-05
sphere,10,thread,17,5,0.7914148906337634,2.0348705678737877,0.010390378000374767,0.00025178219948429614,0.0001385333998769056
sphere,10,thread,18,5,0.7141714456111299,1.668350110985676,0.01147501219966216,0.0005167999996047001,5.175820078875404e-05
sphere,10,thread,19,5,0.7050434211806008,1.6097598218155877,0.009360849199583753,0.0003953382001782302,8.683519990881905e-05
sphere,10,thread,20,5,0.6431001242762665,1.4535673449209063,0.007072488799894927,0.00023582059984619263,8.698560050106608e-05
sphere,30,asyncio,0,5,200.3514047285634,265.4631280407943,0.0014411918000405421,0.0,4.2552000377327206e-05
sphere,30,asyncio,1,5,112.85392906778638,164.79778680952776,0.0007697869998082752,0.0006388406000041869,3.325980032968801e-05
sphere,30,asyncio,2,5,65.62514348594833,105.7208752581103,0.0013243692003015895,0.0005582347999734339,3.155300037178676e-05
sphere,30,asyncio,3,5,64.04092355728416,91.81397331569103,0.0011900200002855853,0.0008289628000056837,6.174819973239209e-05
sphere,30,asyncio,4,5,62.46868658993816,85.36719370316462,0.0011243059998378158,0.0007453543996234658,2.6755599901662207e-05
sphere,30,asyncio,5,5,60.30819103681269,75.59599839739386,0.0006481747994257602,0.0005657200003042817,2.720060001593083e-05
sphere,30,asyncio,6,5,50.32874306840985,68.62592435544855,0.0006312873996648704,0.0006027106002875371,3.225960062991362e-05
sphere,30,asyncio,7,5,46.6372772277709,59.91331531137142,0.0006111178001447116,0.000520979200155125,5.67757997487206e-05
sphere,30,asyncio,8,5,41.77004435428323,54.57859553718906,0.000612648200331023,0.00055788939971535,2.4374800341320223e-05
sphere,30,asyncio,9,5,39.65894309831371,50.34685936719437,0.0006559812001796673,0.0005575367998972069,2.7462599609862083e-05
sphere,30,asyncio,10,5,38.36046040501807,46.35688121411638,0.0006544842002767836,0.0004808692003280157,2.4068998754955828e-05
sphere,30,asyncio,11,5,36.378755997058384,44.04333917714116,0.000692510600129026,0.0005487996000738349,2.4682999355718494e-05
sphere,30,asyncio,12,5,35.69245302453352,41.74359954435757,0.0006522613999550231,0.0005372648003685754,2.3877399871707895e-05
sphere,30,asyncio,13,5,33.04581838171029,39.440728648354515,0.0006223868000233779,0.0005114142000820721,2.4136199863278306e-05
sphere,30,asyncio,14,5,30.31048211506058,37.89074077768206,0.000602737199733383,0.0005031423996115336,2.3424199753208086e-05
sphere,30,asyncio,15,5,27.252483090568166,35.71733520947496,0.0005921672000113176,0.0004946947999997064,2.3780400442774408e-05
sphere,30,asyncio,16,5,26.501168283831028,33.9915773764872,0.0006196786001964938,0.0005116165993968025,2.295240046805702e-05
sphere,30,asyncio,17,5,25.39975163431264,32.171950645169574,0.0005602829995041247,0.00046175120005500505,2.2902600903762504e-05
sphere,30,asyncio,18,5,23.861032606905184,29.328343073237306,0.0015121892000024672,0.0014379788000951522,7.026240054983646e-05
sphere,30,asyncio,19,5,22.150613084045613,27.42604229342574,0.001849953399869264,0.000822119399163057,3.0253801014623605e-05
sphere,30,asyncio,20,5,21.628448893146153,26.53565076555426,0.0024534825992304833,0.001559650600029272,0.00019521820104273502
sphere,30,numpy,0,5,200.3514047285634,265.4631280407943,0.00013640519973705522,0.0,3.6863600325887094e-05
sphere,30,numpy,1,5,112.85392906778638,164.79778680952776,7.699620036873966e-05,0.0022496073994261677,2.6184200396528468e-05
sphere,30,numpy,2,5,65.62514348594833,105.7208752581103,6.127540000306908e-05,0.0004589522006426705,2.0444599795155227e-05
sphere,30,numpy,3,5,64.04092355728416,91.81397331569104,5.859019984200131e-05,0.0008367989998077974,1.847080056904815e-05
sphere,30,numpy,4,5,62.46868658993817,85.36719370316462,5.274519971862901e-05,0.0004586895996908424,1.599340066604782e-05
sphere,30,numpy,5,5,60.30819103681267,75.59599839739387,5.116280044603627e-05,0.0004775347995746415,1.6994200268527494e-05
sphere,30,numpy,6,5,50.32874306840985,68.62592435544856,4.572040015773382e-05,0.0004109738005354302,1.6194399722735398e-05
sphere,30,numpy,7,5,46.63727722777091,59.91331531137142,4.857540006923955e-05,0.00042988960012735333,2.1553799888351934e-05
sphere,30,numpy,8,5,41.77004435428323,54.57859553718906,4.7433599320356734e-05,0.0004335565994551871,1.5817200983292422e-05
sphere,30,numpy,9,5,39.65894309831371,50.34685936719437,6.095140015531797e-05,0.0004268679997039726,1.6662000052747317e-05
sphere,30,numpy,10,5,38.36046040501806,46.35688121411638,4.7019200428621845e-05,0.00041376459994353355,1.561699973535724e-05
sphere,30,numpy,11,5,36.37875599705838,44.04333917714116,5.269720059004612e-05,0.00043655220033542717,1.584899910085369e-05
sphere,30,numpy,12,5,35.69245302453351,41.74359954435757,5.1280199841130525e-05,0.0005856004001543625,1.6852200496941804e-05
sphere,30,numpy,13,5,33.04581838171029,39.440728648354515,4.759619987453334e-05,0.0004153372006840073,1.6278999464702792e-05
sphere,30,numpy,14,5,30.31048211506058,37.89074077768206,4.842420057684649e-05,0.0004280511999240844,1.5375999282696284e-05
sphere,30,numpy,15,5,27.252483090568166,35.71733520947496,4.65976005216362e-05,0.0004243475996190682,1.6104600217659026e-05
sphere,30,numpy,16,5,26.501168283831028,33.9915773764872,5.102200011606328e-05,0.0006212103995494545,1.683120062807575e-05
sphere,30,numpy,17,5,25.39975163431264,32.171950645169574,5.076140005257912e-05,0.00042318580017308705,2.1796199507662096e-05
sphere,30,numpy,18,5,23.86103260690518,29.3283430732373,5.005379971407819e-05,0.0004354616001364775,1.6493600560352208e-05
sphere,30,numpy,19,5,22.15061308404561,27.42604229342574,4.984179977327585e-05,0.0005661537994456012,1.6586000492679885e-05
sphere,30,numpy,20,5,21.62844889314615,26.535650765554266,5.211539937590715e-05,0.00043147920041519683,1.607100020919461e-05
sphere,30,process,0,5,200.3514047285634,265.4631280407943,0.08027670359988406,0.0,0.00021498200003406965
sphere,30,process,1,5,112.85392906778638,164.79778680952776,0.06644529480035999,0.0009173122001811862,0.00013819899904774502
sphere,30,process,2,5,65.62514348594833,105.7208752581103,0.05395246219959517,0.002157871399685973,0.00020983200120099353
sphere,30,process,3,5,64.04092355728416,91.81397331569103,0.05074747819962795,0.0006721491998177953,0.0004995346011128276
sphere,30,process,4,5,62.46868658993816,85.36719370316462,0.0544444745995861,0.0008001923997653648,0.0003226044005714357
sphere,30,process,5,5,60.30819103681269,75.59599839739386,0.06246205640018161,0.0008951275998697383,0.00020406479961820878
sphere,30,process,6,5,50.32874306840985,68.62592435544855,0.06769737920003535,0.001182801199684036,0.0005960158006928396
sphere,30,process,7,5,46.6372772277709,59.91331531137142,0.06946088599979702,0.0010730415993748465,0.00019093760020041372
sphere,30,process,8,5,41.77004435428323,54.57859553718906,0.11499962579910061,0.0013161246002709958,0.00014463060069829224
sphere,30,process,9,5,39.65894309831371,50.34685936719437,0.09081355179987441,0.00098782420027419,0.0002041255993390223
sphere,30,process,10,5,38.36046040501807,46.35688121411638,0.07697959559991432,0.0009961636002117301,0.00024498099955962973
sphere,30,process,11,5,36.378755997058384,44.04333917714116,0.08719135479950638,0.0016652168003929546,0.00038618500002485234
sphere,30,process,12,5,35.69245302453352,41.74359954435757,0.1294410496000637,0.0032264700002997415,0.00016844879974087235
sphere,30,process,13,5,33.04581838171029,39.440728648354515,0.10003363300020282,0.007822869799929322,0.00020785939996130763
sphere,30,process,14,5,30.31048211506058,37.89074077768206,0.07544497780072561,0.0012496046001615468,0.00024365279932681005
sphere,30,process,15,5,27.252483090568166,35.71733520947496,0.07138792379955702,0.0011675441997795132,0.00019334500066179317
sphere,30,process,16,5,26.501168283831028,33.9915773764872,0.09863770739975734,0.0008609909997176146,0.00013690420018974692
sphere,30,process,17,5,25.39975163431264,32.171950645169574,0.05656867939978838,0.0012220116001117275,0.00017580980020284187
sphere,30,process,18,5,23.861032606905184,29.328343073237306,0.05487455479997152,0.0011871471997437766,0.00018750100025499705
sphere,30,process,19,5,22.150613084045613,27.42604229342574,0.0668225479996181,0.000677969599928474,0.0002957214004709385
sphere,30,process,20,5,21.628448893146153,26.53565076555426,0.07113608400031808,0.0008983656000054907,0.00015736579916847404
sphere,30,sequential,0,5,200.3514047285634,265.4631280407943,4.1760399835766296e-05,0.0,4.336939964559861e-05
sphere,30,sequential,1,5,112.85392906778638,164.79778680952776,5.0038399785989894e-05,0.0006989491997956065,3.0575200798921284e-05
sphere,30,sequential,2,5,65.62514348594833,105.7208752581103,3.599640003812965e-05,0.0012310879999859025,2.9445399923133665e-05
sphere,30,sequential,3,5,64.04092355728416,91.81397331569103,3.472379976301454e-05,0.0011153519993968076,2.4889001360861583e-05
sphere,30,sequential,4,5,62.46868658993816,85.36719370316462,6.195320056576748e-05,0.0007307083997147856,2.568259951658547e-05
sphere,30,sequential,5,5,60.30819103681269,75.59599839739386,3.3639599496382286e-05,0.0005184205998375546,5.071180094091687e-05
sphere,30,sequential,6,5,50.32874306840985,68.62592435544855,3.277579999121372e-05,0.0005238617999566486,1.9205400167265908e-05
sphere,30,sequential,7,5,46.6372772277709,59.91331531137142,0.0001407412000844488,0.000835712399566546,0.0001015464004012756
sphere,30,sequential,8,5,41.77004435428323,54.57859553718906,4.070399954798631e-05,0.0012807210005121306,2.265559960505925e-05
sphere,30,sequential,9,5,39.65894309831371,50.34685936719437,3.506099928927142e-05,0.0008192702000087593,2.589040086604655e-05
sphere,30,sequential,10,5,38.36046040501807,46.35688121411638,3.3367199648637325e-05,0.0005720004002796486,2.062640014628414e-05
sphere,30,sequential,11,5,36.378755997058384,44.04333917714116,3.619440030888654e-05,0.00363367539976025,2.8762200236087666e-05
sphere,30,sequential,12,5,35.69245302453352,41.74359954435757,3.481240055407398e-05,0.0007774679997964995,2.3972199051058853e-05
sphere,30,sequential,13,5,33.04581838171029,39.440728648354515,3.429479984333739e-05,0.0008545982007490238,2.2461799744633026e-05
sphere,30,sequential,14,5,30.31048211506058,37.89074077768206,3.957820008508861e-05,0.0007321811997826444,2.213160041719675e-05
sphere,30,sequential,15,5,27.252483090568166,35.71733520947496,3.475840021565091e-05,0.0006808991998696001,2.348259986320045e-05
sphere,30,sequential,16,5,26.501168283831028,33.9915773764872,3.2682799792382865e-05,0.0005389400001149624,1.801819998945575e-05
sphere,30,sequential,17,5,25.39975163431264,32.171950645169574,3.615240020735655e-05,0.0016134104000229855,2.7052999575971627e-05
sphere,30,sequential,18,5,23.861032606905184,29.328343073237306,3.4424999466864395e-05,0.0007628268002008553,2.4556200514780357e-05
sphere,30,sequential,19,5,22.150613084045613,27.42604229342574,3.4814600076060743e-05,0.0005526894001377514,2.1737599308835342e-05
sphere,30,sequential,20,5,21.628448893146153,26.53565076555426,3.36429995513754e-05,0.0005520192004041746,1.792480034055188e-05
sphere,30,thread,0,5,200.3514047285634,265.4631280407943,0.010660769399328274,0.0,0.00011185520052094943
sphere,30,thread,1,5,112.85392906778638,164.79778680952776,0.007901994200074114,0.0005826566000905586,4.905239911749959e-05
sphere,30,thread,2,5,65.62514348594833,105.7208752581103,0.007947556999715744,0.0005158551997737959,5.0863200158346444e-05
sphere,30,thread,3,5,64.04092355728416,91.81397331569103,0.00719781520019751,0.0005531897997570923,4.340820014476776e-05
sphere,30,thread,4,5,62.46868658993816,85.36719370316462,0.00871407939994242,0.0006585340004676254,4.378260018711444e-05
sphere,30,thread,5,5,60.30819103681269,75.59599839739386,0.008800439400511095,0.0005791736002720427,5.567499938479159e-05
sphere,30,thread,6,5,50.32874306840985,68.62592435544855,0.007819588200436555,0.0008444935992883984,0.00010989340007654392
sphere,30,thread,7,5,46.6372772277709,59.91331531137142,0.008430432999739423,0.0006353003995172912,0.0001210296009958256
sphere,30,thread,8,5,41.77004435428323,54.57859553718906,0.007577661199684371,0.0005173468001885339,4.7261199870263224e-05
sphere,30,thread,9,5,39.65894309831371,50.34685936719437,0.01024687780009117,0.0006327711998892482,4.6438400022452694e-05
sphere,30,thread,10,5,38.36046040501807,46.35688121411638,0.007188062000204809,0.0008616756003902992,5.053779932495672e-05
sphere,30,thread,11,5,36.378755997058384,44.04333917714116,0.009882732200276223,0.0005525646000023698,0.0001455180001357803
sphere,30,thread,12,5,35.69245302453352,41.74359954435757,0.011155108799721347,0.0005859471995790955,4.992760041204747e-05
sphere,30,thread,13,5,33.04581838171029,39.440728648354515,0.012432166400321876,0.0006798397997044958,5.021580000175163e-05
sphere,30,thread,14,5,30.31048211506058,37.89074077768206,0.010382667199883145,0.0006363432003126945,8.419140031037386e-05
sphere,30,thread,15,5,27.252483090568166,35.71733520947496,0.019627491400024157,0.0006488382005045423,9.22183993679937e-05
sphere,30,thread,16,5,26.501168283831028,33.9915773764872,0.011693083599311649,0.0007225866000226233,8.203540055546909e-05
sphere,30,thread,17,5,25.39975163431264,32.171950645169574,0.034944597999856344,0.00079784080007812,4.7886399988783525e-05
sphere,30,thread,18,5,23.861032606905184,29.328343073237306,0.025171989000227768,0.0006435225994209759,5.0418400132912214e-05
sphere,30,thread,19,5,22.150613084045613,27.42604229342574,0.032698938599787654,0.0009964344000763959,5.240820028120652e-05
sphere,30,thread,20,5,21.628448893146153,26.53565076555426,0.014018990600015968,0.0008839056001306745,8.302280002681073e-05
ackley,2,asyncio,0,5,14.869061156640234,20.101162578196256,0.0015288940001482842,0.0,4.06956001825165e-05
ackley,2,asyncio,1,5,11.89184399683447,18.0087120884427,0.000801810000120895,9.619019983801991e-05,2.557800034992397e-05
ackley,2,asyncio,2,5,8.307536153427582,14.493978869897006,0.0006672433999483473,6.457860072259792e-05,2.3283599148271605e-05
ackley,2,asyncio,3,5,6.654797366784663,12.874478738124699,0.0007441605997883016,5.271699956210796e-05,1.9797800632659346e-05
ackley,2,asyncio,4,5,6.566992242968953,11.21096841237338,0.0007327314000576734,5.242179940978531e-05,1.9149800573359242e-05
ackley,2,asyncio,5,5,5.608122757505692,9.952857290015965,0.0008516300000337651,5.307440005708486e-05,2.0852800662396476e-05
ackley,2,asyncio,6,5,4.703308625932005,8.8392268864846,0.0007489442003134172,5.214000011619646e-05,1.8789399473462253e-05
ackley,2,asyncio,7,5,3.977182592831383,8.367242855163479,0.0010696800003643149,4.993599977751728e-05,1.8771200120681897e-05
ackley,2,asyncio,8,5,3.740483361006781,7.677154135305867,0.001664603799872566,4.902900000161026e-05,1.7563599612913094e-05
ackley,2,asyncio,9,5,3.04656590087164,7.239140805521008,0.0009962516003724886,3.8304199915728534e-05,0.0001082321996364044
ackley,2,asyncio,10,5,2.8474450500465203,6.885472520951362,0.0024327258004632315,4.977419994247612e-05,2.013239973166492e-05
ackley,2,asyncio,11,5,2.5485950842807736,6.4458191776919325,0.0009413225998287089,5.063079952378757e-05,2.0093200873816386e-05
ackley,2,asyncio,12,5,2.5485950842807736,6.092113424655498,0.0009325155999249546,0.00010599540000839624,1.6885800141608344e-05
ackley,2,asyncio,13,5,2.5485950842807736,5.647858757555516,0.0013442867999401641,4.967839959135745e-05,1.8277400158694945e-05
ackley,2,asyncio,14,5,1.927950229925128,5.45770919654684,0.000709663799716509,0.0008409794001636329,6.014380014676135e-05
ackley,2,asyncio,15,5,1.927950229925128,5.174271394421018,0.0006630664003751008,4.8658999730832875e-05,1.706299990473781e-05
ackley,2,asyncio,16,5,1.6688282932756162,4.819366219533323,0.0013263398002891335,5.176280028535984e-05,2.4229799237218685e-05
ackley,2,asyncio,17,5,1.6531809328504383,4.583128533608615,0.0009854672003712039,0.0005082899995613843,1.9599200459197164e-05
ackley,2,asyncio,18,5,1.6240726798019682,4.380720513588308,0.0009059581996552879,5.991960024402943e-05,1.9299400082672947e-05
ackley,2,asyncio,19,5,1.6240726798019682,4.147111731065822,0.003903923600228154,0.00012014340027235448,2.313939949090127e-05
ackley,2,asyncio,20,5,1.3585350446800812,3.919145171326174,0.003351060200293432,0.0037597319998894816,2.686620027816389e-05
ackley,2,numpy,0,5,14.869061156640234,20.101162578196256,0.002734868799961987,0.0,0.00013444740034174174
ackley,2,numpy,1,5,11.89184399683447,18.0087120884427,0.00014582240000891034,8.847279968904331e-05,2.5861800531856714e-05
ackley,2,numpy,2,5,8.307536153427582,14.493978869897006,0.0015000505998614244,8.948219983722084e-05,0.00013835219942848198
ackley,2,numpy,3,5,6.654797366784663,12.874478738124699,0.0001591551994351903,0.001666355799898156,2.3955600045155735e-05
ackley,2,numpy,4,5,6.566992242968953,11.21096841237338,0.0001247119998879498,9.513960067124572e-05,1.9063199215452186e-05
ackley,2,numpy,5,5,5.608122757505692,9.952857290015965,0.0001335159995505819,0.00010064379930554423,2.7690000933944248e-05
ackley,2,numpy,6,5,4.703308625932005,8.8392268864846,0.00020591079992300366,0.00018061820046568755,3.857059928122908e-05
ackley,2,numpy,7,5,3.977182592831383,8.367242855163479,0.0006665147997409804,5.30311997863464e-05,0.00040187300073739606
ackley,2,numpy,8,5,3.740483361006781,7.677154135305867,0.0001173595999716781,5.299880067468621e-05,1.7156199464807288e-05
ackley,2,numpy,9,5,3.04656590087164,7.239140805521008,0.00032528179945074954,0.00011407999954826664,2.106060055666603e-05
ackley,2,numpy,10,5,2.8474450500465203,6.885472520951362,9.279199912270997e-05,5.003180012863595e-05,1.594260029378347e-05
ackley,2,numpy,11,5,2.5485950842807736,6.4458191776919325,0.00011176419975527097,4.803939991688821e-05,1.786639950296376e-05
ackley,2,numpy,12,5,2.5485950842807736,6.092113424655498,0.00015589359973091632,0.000746416199763189,2.061460036202334e-05
ackley,2,numpy,13,5,2.5485950842807736,5.647858757555516,0.00015267400012817234,4.884579975623637e-05,1.640560039959382e-05
ackley,2,numpy,14,5,1.927950229925128,5.45770919654684,0.00018148639974242543,9.256179982912727e-05,1.8221400387119503e-05
ackley,2,numpy,15,5,1.927950229925128,5.174271394421018,0.00017744379983923863,0.00010295160027453675,1.9962200167356058e-05
ackley,2,numpy,16,5,1.6688282932756162,4.819366219533323,8.654040029796307e-05,4.825040050491225e-05,1.580099924467504e-05
ackley,2,numpy,17,5,1.6531809328504383,4.583128533608615,6.954220007173716e-05,6.601799977943302e-05,1.324660006503109e-05
ackley,2,numpy,18,5,1.6240726798019682,4.380720513588308,6.908640025358182e-05,6.0884199774591254e-05,1.3736199616687372e-05
ackley,2,numpy,19,5,1.6240726798019682,4.147111731065822,8.084639957814944e-05,4.580739987432025e-05,1.350800048385281e-05
ackley,2,numpy,20,5,1.3585350446800812,3.919145171326174,6.069759947422426e-05,4.33106004493311e-05,1.2617999891517684e-05
ackley,2,process,0,5,14.869061156640234,20.101162578196256,0.06028921879988047,0.0,0.00014216220006346703
ackley,2,process,1,5,11.89184399683447,18.0087120884427,0.07691195779989357,0.0001084858005924616,8.846459895721637e-05
ackley,2,process,2,5,8.307536153427582,14.493978869897006,0.1179096442003356,0.00013983520002511796,0.00010915499988186638
ackley,2,process,3,5,6.654797366784663,12.874478738124699,0.1304209247999097,0.00012236179973115213,0.00011342260004312265
ackley,2,process,4,5,6.566992242968953,11.21096841237338,0.09669441079968237,0.0001151905998995062,0.0001705304006463848
ackley,2,process,5,5,5.608122757505692,9.952857290015965,0.10684637619960995,0.00010911139943345916,9.962100084521807e-05
ackley,2,process,6,5,4.703308625932005,8.8392268864846,0.06899450540004182,0.00013256479978736025,9.021260011650156e-05
ackley,2,process,7,5,3.977182592831383,8.367242855163479,0.09957489720072772,0.0001783913998224307,0.00011919219978153705
ackley,2,process,8,5,3.740483361006781,7.677154135305867,0.08436586860007082,0.0003367734003404621,8.545559940102976e-05
ackley,2,process,9,5,3.04656590087164,7.239140805521008,0.09109708699943439,0.0003374767995410366,9.21734008443309e-05
ackley,2,process,10,5,2.8474450500465203,6.885472520951362,0.11038757539972721,0.00011636140006885399,9.114879976550583e-05
ackley,2,process,11,5,2.5485950842807736,6.4458191776919325,0.09232497880002484,0.00045569479989353566,9.437640037504024e-05
ackley,2,process,12,5,2.5485950842807736,6.092113424655498,0.07333728720004729,0.0002244016002805438,0.00014976919956097846
ackley,2,process,13,5,2.5485950842807736,5.647858757555516,0.07814812480028195,0.00016131260017573367,0.00015312239956983832
ackley,2,process,14,5,1.927950229925128,5.45770919654684,0.07640610960006597,0.0002783559997624252,8.702100021764635e-05
ackley,2,process,15,5,1.927950229925128,5.174271394421018,0.10572271420023753,0.0001634061994991498,8.456600080535282e-05
ackley,2,process,16,5,1.6688282932756162,4.819366219533323,0.1060069184000895,0.00011631460001808591,8.497700000589247e-05
ackley,2,process,17,5,1.6531809328504383,4.583128533608615,0.1001209571997606,0.00011735199987015222,0.00014134440098132473
ackley,2,process,18,5,1.6240726798019682,4.380720513588308,0.12492576460026612,0.0002096716001688037,9.309299930464477e-05
ackley,2,process,19,5,1.6240726798019682,4.147111731065822,0.10699691279987747,0.0002885523997974815,0.0003715478000231087
ackley,2,process,20,5,1.3585350446800812,3.919145171326174,0.09237915239973518,0.0008283793995360611,8.646880014566705e-05
ackley,2,sequential,0,5,14.869061156640234,20.101162578196256,7.925379977677949e-05,0.0,0.00015036940058053006
ackley,2,sequential,1,5,11.89184399683447,18.0087120884427,4.209740036458243e-05,0.0001435395999578759,2.4638600007165223e-05
ackley,2,sequential,2,5,8.307536153427582,14.493978869897006,3.524679996189661e-05,5.355340035748668e-05,1.898079972306732e-05
ackley,2,sequential,3,5,6.654797366784663,12.874478738124699,3.7162199441809206e-05,0.00011631160014076158,1.8352400002186186e-05
ackley,2,sequential,4,5,6.566992242968953,11.21096841237338,0.00016468339999846647,4.9121600022772326e-05,7.310819964914116e-05
ackley,2,sequential,5,5,5.608122757505692,9.952857290015965,8.106219975161366e-05,0.0001769239996065153,1.977600077225361e-05
ackley,2,sequential,6,5,4.703308625932005,8.8392268864846,3.560899967851583e-05,5.5113199778134e-05,1.6685600712662563e-05
ackley,2,sequential,7,5,3.977182592831383,8.367242855163479,3.8473400854854846e-05,0.00019030600051337388,1.8957798602059484e-05
ackley,2,sequential,8,5,3.740483361006781,7.677154135305867,8.54575995617779e-05,4.088440036866814e-05,1.265540013264399e-05
ackley,2,sequential,9,5,3.04656590087164,7.239140805521008,3.279119991930202e-05,0.00011043520025850739,1.644139920244925e-05
ackley,2,sequential,10,5,2.8474450500465203,6.885472520951362,2.825820010912139e-05,4.882899993390311e-05,1.1798999912571162e-05
ackley,2,sequential,11,5,2.5485950842807736,6.4458191776919325,5.6739799765637146e-05,4.0987400279846045e-05,1.2166200031060726e-05
ackley,2,sequential,12,5,2.5485950842807736,6.092113424655498,3.0635999792139046e-05,4.3840400030603634e-05,1.4010399900143966e-05
ackley,2,sequential,13,5,2.5485950842807736,5.647858757555516,2.7302599846734665e-05,4.026340066047851e-05,1.0760599616332911e-05
ackley,2,sequential,14,5,1.927950229925128,5.45770919654684,3.6351600283524024e-05,4.110959962417837e-05,1.198760000988841e-05
ackley,2,sequential,15,5,1.927950229925128,5.174271394421018,0.00011871599963342305,4.5575199328595774e-05,1.4738800382474438e-05
ackley,2,sequential,16,5,1.6688282932756162,4.819366219533323,2.8734400257235392e-05,0.00012339819986664224,1.2842399883084e-05
ackley,2,sequential,17,5,1.6531809328504383,4.583128533608615,2.7615399812930263e-05,0.00026571479975245893,1.140100030170288e-05
ackley,2,sequential,18,5,1.6240726798019682,4.380720513588308,0.00012111419964639935,0.00014576340072380845,1.4621999434893951e-05
ackley,2,sequential,19,5,1.6240726798019682,4.147111731065822,9.516539976175408e-05,4.2829400626942515e-05,1.1903799531864934e-05
ackley,2,sequential,20,5,1.3585350446800812,3.919145171326174,8.575179963372647e-05,4.9074599519371984e-05,1.2437000623322093e-05
ackley,2,thread,0,5,14.869061156640234,20.101162578196256,0.013596615999631467,0.0,5.151960067451e-05
ackley,2,thread,1,5,11.89184399683447,18.0087120884427,0.01884510579984635,6.537400004162919e-05,4.359919985290617e-05
ackley,2,thread,2,5,8.307536153427582,14.493978869897006,0.009477911200156086,0.0001056000004609814,4.545819974737242e-05
ackley,2,thread,3,5,6.654797366784663,12.874478738124699,0.011095515600027283,0.00021655920027114918,8.16249998024432e-05
ackley,2,thread,4,5,6.566992242968953,11.21096841237338,0.01035485320026055,0.00026683479991334024,0.0002109923996613361
ackley,2,thread,5,5,5.608122757505692,9.952857290015965,0.006117243600237998,0.00032991120060614775,3.918739894288592e-05
ackley,2,thread,6,5,4.703308625932005,8.8392268864846,0.013331119599752129,7.009539949649479e-05,3.836260075331666e-05
ackley,2,thread,7,5,3.977182592831383,8.367242855163479,0.009134900799836032,0.00020234660005371551,8.810059989627916e-05
ackley,2,thread,8,5,3.740483361006781,7.677154135305867,0.011371757400411298,6.928060029167681e-05,3.6472399369813505e-05
ackley,2,thread,9,5,3.04656590087164,7.239140805521008,0.010282312799608917,6.25331998890033e-05,3.590240048652049e-05
ackley,2,thread,10,5,2.8474450500465203,6.885472520951362,0.009428858799947194,6.841240028734318e-05,3.658620007627178e-05
ackley,2,thread,11,5,2.5485950842807736,6.4458191776919325,0.011603781799931313,6.472940040112008e-05,3.890699954354204e-05
ackley,2,thread,12,5,2.5485950842807736,6.092113424655498,0.013630971199745545,0.00019011339973076246,5.981520007480867e-05
ackley,2,thread,13,5,2.5485950842807736,5.647858757555516,0.010088886800440377,6.67830005113501e-05,3.772059935727157e-05
ackley,2,thread,14,5,1.927950229925128,5.45770919654684,0.008794824000142398,9.844259984674864e-05,3.9774399920133877e-05
ackley,2,thread,15,5,1.927950229925128,5.174271394421018,0.02316029379981046,6.461980046879034e-05,3.766659938264638e-05
ackley,2,thread,16,5,1.6688282932756162,4.819366219533323,0.00886446859985881,6.642440057476051e-05,7.759279942547437e-05
ackley,2,thread,17,5,1.6531809328504383,4.583128533608615,0.01571546039995155,6.650979958067182e-05,3.904100085492246e-05
ackley,2,thread,18,5,1.6240726798019682,4.380720513588308,0.015071890599938343,6.762820048606954e-05,3.7821800287929366e-05
ackley,2,thread,19,5,1.6240726798019682,4.147111731065822,0.020227980600247976,6.393640032911207e-05,3.937479996238835e-05
ackley,2,thread,20,5,1.3585350446800812,3.919145171326174,0.014806471599513316,7.808779955666977e-05,6.548120072693563e-05
ackley,10,asyncio,0,5,20.09225509042397,21.111452815612296,0.0015481250000448199,0.0,3.5425799796939825e-05
ackley,10,asyncio,1,5,19.06870065634146,20.3695871525964,0.0006454861999372951,0.00018365839969192166,2.5491600536042824e-05
ackley,10,asyncio,2,5,17.081040094936505,18.971174962690753,0.000598188800358912,0.0002269219996378524,2.4068199854809792e-05
ackley,10,asyncio,3,5,16.24536421643581,18.393795225014337,0.0007287032000022009,0.0001629610007512383,2.1560599270742388e-05
ackley,10,asyncio,4,5,15.240897950482013,17.456370599458587,0.0007220726005471078,0.00016048180041252635,2.161919910577126e-05
ackley,10,asyncio,5,5,14.646585607023686,16.760191092912155,0.0006770817999495193,0.000162559399541351,1.976260027731769e-05
ackley,10,asyncio,6,5,14.04343564840689,16.118082095737854,0.0013956991999293678,0.00016291959946101997,2.431920074741356e-05
ackley,10,asyncio,7,5,12.978951582364271,15.498550099832261,0.0006707003994961269,0.00022103880037320777,2.0387400218169206e-05
ackley,10,asyncio,8,5,12.633618307175151,14.882161686072141,0.0006432519996451447,0.0002476992001902545,1.9700800112332218e-05
ackley,10,asyncio,9,5,12.344656676543005,14.339829781623635,0.000543026799641666,0.0001540449997264659,1.659460067457985e-05
ackley,10,asyncio,10,5,12.153700182874758,13.943069123613935,0.0007388777998130535,0.00020980380031687673,2.1195399313000962e-05
ackley,10,asyncio,11,5,11.30094588251904,13.471891393414555,0.0012106533999030945,0.00016408520023105665,2.1391800328274257e-05
ackley,10,asyncio,12,5,10.347505326778712,12.850662443461289,0.0007407255998259643,0.00022574419963348192,2.190220002376009e-05
ackley,10,asyncio,13,5,10.224148875868504,12.25976535141795,0.0005659291997289984,0.00016676720006216783,1.949299985426478e-05
ackley,10,asyncio,14,5,9.669646865391492,11.775806947377308,0.001195599800121272,0.00027426860033301635,2.0971399499103428e-05
ackley,10,asyncio,15,5,9.5665180420723,11.237611077221823,0.0007755582002573647,0.00015209439952741378,2.0509400565060786e-05
ackley,10,asyncio,16,5,9.541123570535662,11.049469794908285,0.000592626400248264,0.00017354019946651532,1.8824000653694385e-05
ackley,10,asyncio,17,5,8.965606279878346,10.729165165530862,0.0005476306003401987,0.00016906299970287364,8.190200060198549e-05
ackley,10,asyncio,18,5,8.706299396358565,10.405325598138775,0.0008885322000423912,0.0002632023999467492,1.8136799917556344e-05
ackley,10,asyncio,19,5,8.706299396358565,10.313966737446057,0.0009793369994440583,0.00015740339913463685,1.756200181262102e-05
ackley,10,asyncio,20,5,8.385448832132365,10.107771985212558,0.0005171749995497521,0.0001533350001409417,1.6834200141602196e-05
ackley,10,numpy,0,5,20.09225509042397,21.111452815612296,0.00042752699919219596,0.0,4.3244801054243e-05
ackley,10,numpy,1,5,19.06870065634146,20.3695871525964,0.00019150460029777606,0.00018977260042447598,6.902659915795085e-05
ackley,10,numpy,2,5,17.081040094936505,18.971174962690753,0.00010486979954293929,0.00022836040006950497,2.1301600645529108e-05
ackley,10,numpy,3,5,16.24536421643581,18.393795225014337,8.941240012063644e-05,0.00022772439988330006,1.7360000128974207e-05
ackley,10,numpy,4,5,15.240897950482013,17.456370599458587,8.409800029767212e-05,0.00016197280019696335,1.7470799139118754e-05
ackley,10,numpy,5,5,14.646585607023686,16.760191092912155,0.00015195039995887782,0.00018158140010200442,1.7459200171288104e-05
ackley,10,numpy,6,5,14.04343564840689,16.118082095737854,0.00010895319974224549,0.00017510820034658537,1.8914400425273924e-05
ackley,10,numpy,7,5,12.978951582364271,15.498550099832261,0.00018986859940923751,0.00017088899985537865,2.0191801013424993e-05
ackley,10,numpy,8,5,12.633618307175151,14.882161686072141,0.00012247800004843156,0.00026102379997610113,2.0860400036326608e-05
ackley,10,numpy,9,5,12.344656676543005,14.339829781623635,0.00010107300040544942,0.00016783260070951656,1.7669999215286226e-05
ackley,10,numpy,10,5,12.153700182874756,13.943069123613935,9.924779951688833e-05,0.0002085663996695075,1.770260096236598e-05
ackley,10,numpy,11,5,11.300945882519038,13.471891393414555,0.00014561300013156143,0.0001699746000667801,1.7050599853973836e-05
ackley,10,numpy,12,5,10.347505326778712,12.850662443461289,7.74292006099131e-05,0.00017077759985113518,1.5438799164257943e-05
ackley,10,numpy,13,5,10.224148875868504,12.25976535141795,0.0001278849995287601,0.0003435994000028586,2.0312600827310235e-05
ackley,10,numpy,14,5,9.669646865391492,11.775806947377308,9.29199992242502e-05,0.00016834039997775107,1.7313400530838407e-05
ackley,10,numpy,15,5,9.5665180420723,11.237611077221823,9.273819960071705e-05,0.00016242339988821187,1.667120086494833e-05
ackley,10,numpy,16,5,9.541123570535662,11.049469794908282,9.074220033653547e-05,0.00016153259966813493,1.561480021337047e-05
ackley,10,numpy,17,5,8.965606279878346,10.729165165530862,8.725859988771845e-05,0.00016249000000243541,1.6057199900387786e-05
ackley,10,numpy,18,5,8.706299396358565,10.405325598138775,8.34008002129849e-05,0.00018379180000920313,1.595879948581569e-05
ackley,10,numpy,19,5,8.706299396358565,10.313966737446057,8.850099948176648e-05,0.00017639459983911365,1.8251801157020965e-05
ackley,10,numpy,20,5,8.385448832132365,10.107771985212556,7.903639998403378e-05,0.0001705013997707283,1.5782200352987275e-05
ackley,10,process,0,5,20.09225509042397,21.111452815612296,0.0906246189999365,0.0,0.00013384839985519648
ackley,10,process,1,5,19.06870065634146,20.3695871525964,0.11051463320000039,0.0006095279994042357,0.00013544380090024788
ackley,10,process,2,5,17.081040094936505,18.971174962690753,0.13516750679955294,0.0002438139999867417,0.00013948740015621298
ackley,10,process,3,5,16.24536421643581,18.393795225014337,0.15978726140019717,0.0005161785997188417,0.00012875880020146724
ackley,10,process,4,5,15.240897950482013,17.456370599458587,0.07405511020006088,0.002727558800324914,0.00013211059922468849
ackley,10,process,5,5,14.646585607023686,16.760191092912155,0.09776351800028352,0.0002356236000196077,0.002265065599931404
ackley,10,process,6,5,14.04343564840689,16.118082095737854,0.09838664559974859,0.0003223535997676663,0.00012826660022255965
ackley,10,process,7,5,12.978951582364271,15.498550099832261,0.08801562039916462,0.0007122446000721539,0.00017365940111631063
ackley,10,process,8,5,12.633618307175151,14.882161686072141,0.08971044599966263,0.000799446800010628,0.00031505180049862247
ackley,10,process,9,5,12.344656676543005,14.339829781623635,0.10553280799977074,0.0068898197994712975,0.00011350560052960645
ackley,10,process,10,5,12.153700182874758,13.943069123613935,0.10703770680011075,0.00026271419919794426,0.00012444220119505188
ackley,10,process,11,5,11.30094588251904,13.471891393414555,0.10145014759982587,0.0002810272002534475,0.00014061040019441862
ackley,10,process,12,5,10.347505326778712,12.850662443461289,0.09875546199982636,0.0029201445995568065,0.00026254800068272746
ackley,10,process,13,5,10.224148875868504,12.25976535141795,0.11061214639994432,0.0005351500007236609,0.0002080709997244412
ackley,10,process,14,5,9.669646865391492,11.775806947377308,0.1046774975995504,0.0002908929996920051,0.00020043720105604733
ackley,10,process,15,5,9.5665180420723,11.237611077221823,0.1228116839996801,0.0006665016000624747,0.00031473980052396653
ackley,10,process,16,5,9.541123570535662,11.049469794908285,0.15973116779969132,0.0005623734003165736,0.00022687540040351452
ackley,10,process,17,5,8.965606279878346,10.729165165530862,0.12982864060031715,0.0003561289995559491,0.00012158560020907317
ackley,10,process,18,5,8.706299396358565,10.405325598138775,0.14821432059979997,0.0008424154002568685,0.0005497907997778384
ackley,10,process,19,5,8.706299396358565,10.313966737446057,0.1529240707997815,0.0008910486001695972,0.0006646324003668269
ackley,10,process,20,5,8.385448832132365,10.107771985212558,0.09345206580001104,0.0003268909997132141,0.00017284499954257627
ackley,10,sequential,0,5,20.09225509042397,21.111452815612296,9.055259979504627e-05,0.0,9.457920059503521e-05
ackley,10,sequential,1,5,19.06870065634146,20.3695871525964,7.49932001781417e-05,0.00019980239994765725,2.5721599740791135e-05
ackley,10,sequential,2,5,17.081040094936505,18.971174962690753,6.984179999562912e-05,0.0005081189996417379,2.450900101393927e-05
ackley,10,sequential,3,5,16.24536421643581,18.393795225014337,6.97969997418113e-05,0.0003836832005617907,2.9195399838499726e-05
ackley,10,sequential,4,5,15.240897950482013,17.456370599458587,6.74905997584574e-05,0.00018007360013143624,1.9731000429601407e-05
ackley,10,sequential,5,5,14.646585607023686,16.760191092912155,6.639659986831247e-05,0.0001884149998659268,1.877060058177449e-05
ackley,10,sequential,6,5,14.04343564840689,16.118082095737854,6.856419968244154e-05,0.0004533364000963047,2.1149200256331825e-05
ackley,10,sequential,7,5,12.978951582364271,15.498550099832261,6.478599971160293e-05,0.00018207820030511357,1.845760016294662e-05
ackley,10,sequential,8,5,12.633618307175151,14.882161686072141,0.0002916063996963203,0.00024966879973362663,2.1722800374845976e-05
ackley,10,sequential,9,5,12.344656676543005,14.339829781623635,6.885299990244675e-05,0.00040875259983295107,1.9415000497247093e-05
ackley,10,sequential,10,5,12.153700182874758,13.943069123613935,6.931099997018464e-05,0.00036099140015721787,1.9948999761254526e-05
ackley,10,sequential,11,5,11.30094588251904,13.471891393414555,7.258680016093421e-05,0.00025902140005200635,2.343159976589959e-05
ackley,10,sequential,12,5,10.347505326778712,12.850662443461289,8.139579986163881e-05,0.0005257673994492507,2.351180010009557e-05
ackley,10,sequential,13,5,10.224148875868504,12.25976535141795,7.58791997213848e-05,0.0002016104004724184,2.4652199499541894e-05
ackley,10,sequential,14,5,9.669646865391492,11.775806947377308,7.203060013125651e-05,0.0002047108002443565,2.219179950770922e-05
ackley,10,sequential,15,5,9.5665180420723,11.237611077221823,7.082699994498398e-05,0.00020324179968156386,2.072120041702874e-05
ackley,10,sequential,16,5,9.541123570535662,11.049469794908285,0.00016573940047237556,0.0009250414001144236,2.4035000024014153e-05
ackley,10,sequential,17,5,8.965606279878346,10.729165165530862,7.395060056296643e-05,0.0010715464006352704,2.4723398746573365e-05
ackley,10,sequential,18,5,8.706299396358565,10.405325598138775,7.386639990727417e-05,0.0018305287998373388,2.3458200303139165e-05
ackley,10,sequential,19,5,8.706299396358565,10.313966737446057,7.250220005516894e-05,0.0019509194000420394,2.152480010408908e-05
ackley,10,sequential,20,5,8.385448832132365,10.107771985212558,6.893200043123215e-05,0.00019853439953294584,0.00014253520057536662
ackley,10,thread,0,5,20.09225509042397,21.111452815612296,0.008435238599849982,0.0,5.743360052292701e-05
ackley,10,thread,1,5,19.06870065634146,20.3695871525964,0.005664655800137553,0.00025759219970495907,4.659719998016954e-05
ackley,10,thread,2,5,17.081040094936505,18.971174962690753,0.004955748800057336,0.000375277200146229,9.64355993346544e-05
ackley,10,thread,3,5,16.24536421643581,18.393795225014337,0.012483312400217984,0.0002347559991903836,4.311940065235831e-05
ackley,10,thread,4,5,15.240897950482013,17.456370599458587,0.005732507000720944,0.00033459519981988707,4.406959924381226e-05
ackley,10,thread,5,5,14.646585607023686,16.760191092912155,0.009592601200347417,0.00026991939994331916,4.1529799273121173e-05
ackley,10,thread,6,5,14.04343564840689,16.118082095737854,0.02826295740014757,0.0002478288002748741,3.9449399992008694e-05
ackley,10,thread,7,5,12.978951582364271,15.498550099832261,0.01263090199972794,0.00028623859943763816,4.1259000499849205e-05
ackley,10,thread,8,5,12.633618307175151,14.882161686072141,0.009096852799848421,0.00043250219969195316,4.0582000656286256e-05
ackley,10,thread,9,5,12.344656676543005,14.339829781623635,0.007849655800237087,0.0002770687995507615,4.22329998400528e-05
ackley,10,thread,10,5,12.153700182874758,13.943069123613935,0.0074363984000228815,0.0002382878003118094,8.297259992104956e-05
ackley,10,thread,11,5,11.30094588251904,13.471891393414555,0.012550514400209068,0.0007429247998516075,4.16875998780597e-05
ackley,10,thread,12,5,10.347505326778712,12.850662443461289,0.014720716000010726,0.00022642860021733214,4.489379971346352e-05
ackley,10,thread,13,5,10.224148875868504,12.25976535141795,0.021730971399665577,0.0011536780006281334,4.36249996710103e-05
ackley,10,thread,14,5,9.669646865391492,11.775806947377308,0.009934678000354325,0.0003122981997876195,4.1614599467720836e-05
ackley,10,thread,15,5,9.5665180420723,11.237611077221823,0.010168692200022634,0.0005790605999209219,5.0037999608321114e-05
ackley,10,thread,16,5,9.541123570535662,11.049469794908285,0.0070654646002367375,0.0003034575998754008,3.827699983958155e-05
ackley,10,thread,17,5,8.965606279878346,10.729165165530862,0.008319749799920829,0.0003529942001478048,4.008099931525066e-05
ackley,10,thread,18,5,8.706299396358565,10.405325598138775,0.007054952400358161,0.0002173249999032123,3.730259959411342e-05
ackley,10,thread,19,5,8.706299396358565,10.313966737446057,0.006047084600140806,0.00021446679966174997,3.752980082936119e-05
ackley,10,thread,20,5,8.385448832132365,10.107771985212558,0.00532366080005886,0.00023003259993856773,3.967099983128719e-05
ackley,30,asyncio,0,5,20.934031126318295,21.25443786536902,0.0019160601998009952,0.0,4.3591200301307255e-05
ackley,30,asyncio,1,5,19.967878352770324,20.638574893881902,0.0013905145995522616,0.0010646674003510271,3.677479980979115e-05
ackley,30,asyncio,2,5,18.32155262171691,19.72046280357617,0.00216928179943352,0.002484659200126771,5.829959991388023e-05
ackley,30,asyncio,3,5,18.32155262171691,19.386400336579857,0.0027352378005161882,0.00106396919945837,3.415500032133423e-05
ackley,30,asyncio,4,5,18.174723995634846,19.156501700785256,0.0014300396003818605,0.0007588595995912329,3.1505200240644626e-05
ackley,30,asyncio,5,5,17.848450912973284,18.83117860653141,0.0010795922000397696,0.000889606600321713,0.0003608773993619252
ackley,30,asyncio,6,5,17.674457811824624,18.460650675107388,0.0017837066003266954,0.001276429400604684,6.505339842988178e-05
ackley,30,asyncio,7,5,17.493294971304017,18.23038821548565,0.001595897600054741,0.0007703707993641729,3.065160090045538e-05
ackley,30,asyncio,8,5,17.133236663711763,18.003917628373976,0.001979259200015804,0.0016371455996704754,9.494840014667716e-05
ackley,30,asyncio,9,5,16.723451481262554,17.638504710378648,0.0013364743994316087,0.0006289542001468362,0.0013244972004031296
ackley,30,asyncio,10,5,16.723451481262554,17.480117041181416,0.001783495400013635,0.0012257462003617547,0.00011510139993333723
ackley,30,asyncio,11,5,16.616505573711756,17.282308345823804,0.0013426235997030743,0.000629970799855073,3.0730999787920156e-05
ackley,30,asyncio,12,5,16.16136208917647,16.989326055119975,0.001403701199888019,0.0008781710002949694,2.636780009197537e-05
ackley,30,asyncio,13,5,15.755170828353462,16.81188140776671,0.0009082055992621462,0.0006750709995685611,2.674060087883845e-05
ackley,30,asyncio,14,5,15.579036780139583,16.60555721030193,0.001804795000134618,0.0007234815999254352,3.017959970748052e-05
ackley,30,asyncio,15,5,15.525387090908945,16.39011665692791,0.0021150656004465416,0.00198610420084151,3.7438999061123465e-05
ackley,30,asyncio,16,5,15.50606722676282,16.285344289370652,0.001098529800583492,0.0010151884001970758,3.10701991111273e-05
ackley,30,asyncio,17,5,15.09917328357892,16.108316739075427,0.000906177800061414,0.0006694388001051265,2.8248000307939947e-05
ackley,30,asyncio,18,5,14.916483607033433,15.911989879656037,0.0014978031998907682,0.0008763880003243684,2.9365799491642974e-05
ackley,30,asyncio,19,5,14.700268849810076,15.690313440691657,0.0013876559998607263,0.0006471558001067024,2.7041800058213995e-05
ackley,30,asyncio,20,5,14.266119941069357,15.412922576517241,0.0014383440000528935,0.0011602169997786405,3.059560040128417e-05
ackley,30,numpy,0,5,20.934031126318295,21.25443786536902,0.0005664960001013242,0.0,5.960779963061213e-05
ackley,30,numpy,1,5,19.967878352770324,20.638574893881902,0.0002575136000814382,0.0007022874004178447,3.9728999763610775e-05
ackley,30,numpy,2,5,18.32155262171691,19.72046280357617,0.0002623108000989305,0.0010462849993928102,3.782440035138279e-05
ackley,30,numpy,3,5,18.32155262171691,19.386400336579857,0.0004146537990891375,0.0038166010006534636,6.725439998263027e-05
ackley,30,numpy,4,5,18.174723995634846,19.156501700785256,0.0001869262006948702,0.002425701799802482,2.8346399631118402e-05
ackley,30,numpy,5,5,17.848450912973284,18.83117860653141,0.00033127340066130273,0.0018867377999413292,3.5431999640422875e-05
ackley,30,numpy,6,5,17.674457811824624,18.460650675107388,0.00040414759969280566,0.001013012400289881,3.2309599555446765e-05
ackley,30,numpy,7,5,17.493294971304017,18.23038821548565,0.00029699940023419913,0.000541040999814868,3.0792600227869116e-05
ackley,30,numpy,8,5,17.133236663711763,18.003917628373976,0.00043934480017924213,0.0007601842000440229,6.722939942847007e-05
ackley,30,numpy,9,5,16.72345148126255,17.638504710378648,0.0007720377998339245,0.003913869999814778,4.8906200754572636e-05
ackley,30,numpy,10,5,16.72345148126255,17.480117041181416,0.0002910663995862706,0.0007801668001775397,3.174640078213997e-05
ackley,30,numpy,11,5,16.616505573711756,17.282308345823804,0.0006042627999704564,0.0016132299999298994,0.00015839959996810649
ackley,30,numpy,12,5,16.16136208917647,16.989326055119975,0.000964045000000624,0.0008237960002588807,4.584159942169208e-05
ackley,30,numpy,13,5,15.755170828353462,16.811881407766705,0.0004982196001947159,0.0009165447998384479,4.088720015715808e-05
ackley,30,numpy,14,5,15.579036780139583,16.60555721030193,0.00022968480006966275,0.004137568800069857,4.900619969703257e-05
ackley,30,numpy,15,5,15.525387090908945,16.390116656927912,0.001760512999680941,0.01075409020013467,4.443780017027166e-05
ackley,30,numpy,16,5,15.506067226762823,16.285344289370652,0.0002449310002702987,0.0014861504001601133,3.687699972942937e-05
ackley,30,numpy,17,5,15.09917328357892,16.108316739075427,0.00035563020028348544,0.0011337735992128727,3.8254400351434015e-05
ackley,30,numpy,18,5,14.916483607033433,15.911989879656034,0.0003387433996977052,0.001198061800096184,7.196939986897632e-05
ackley,30,numpy,19,5,14.700268849810076,15.690313440691657,0.001010701199993491,0.001033616800850723,3.72135986253852e-05
ackley,30,numpy,20,5,14.266119941069359,15.412922576517241,0.0003799336001975462,0.0008225126002798788,3.3924599847523496e-05
ackley,30,process,0,5,20.934031126318295,21.25443786536902,0.1171620178000012,0.0,0.0002667963995918399
ackley,30,process,1,5,19.967878352770324,20.638574893881902,0.11540686260050279,0.0007757626000966412,0.00023543499992229044
ackley,30,process,2,5,18.32155262171691,19.72046280357617,0.139630883800055,0.0009967383997718572,0.000132112400024198
ackley,30,process,3,5,18.32155262171691,19.386400336579857,0.11920288620021893,0.0009152754002570874,0.00015672819936298765
ackley,30,process,4,5,18.174723995634846,19.156501700785256,0.11876725040056044,0.001892960799887078,0.00012251539919816423
ackley,30,process,5,5,17.848450912973284,18.83117860653141,0.13561664640001253,0.007529871199585614,0.0015338382007030304
ackley,30,process,6,5,17.674457811824624,18.460650675107388,0.11860126719984691,0.0013167241995688528,0.00013447480087052098
ackley,30,process,7,5,17.493294971304017,18.23038821548565,0.14478210339984798,0.002501790200039977,0.00014131440002529416
ackley,30,process,8,5,17.133236663711763,18.003917628373976,0.1242480726003123,0.0014461463997577084,0.00013750140060437844
ackley,30,process,9,5,16.723451481262554,17.638504710378648,0.1289410343997588,0.0006524216001707828,0.00019380960002308712
ackley,30,process,10,5,16.723451481262554,17.480117041181416,0.12866921660024672,0.0014219360000424786,0.00012975939971511253
ackley,30,process,11,5,16.616505573711756,17.282308345823804,0.09577236780023668,0.00240046339968103,0.0003066506000322988
ackley,30,process,12,5,16.16136208917647,16.989326055119975,0.08718799419984861,0.0019187585996405688,0.00014837840062682518
ackley,30,process,13,5,15.755170828353462,16.81188140776671,0.12252779600057692,0.0026574006002192617,0.00026242959902447185
ackley,30,process,14,5,15.579036780139583,16.60555721030193,0.09783577119960682,0.0030823195997072617,0.00018937980094051453
ackley,30,process,15,5,15.525387090908945,16.39011665692791,0.12145353939995403,0.0010884856004850008,0.00022749219970137348
ackley,30,process,16,5,15.50606722676282,16.285344289370652,0.11444954400067217,0.0007740312004898442,0.00013402499862422702
ackley,30,process,17,5,15.09917328357892,16.108316739075427,0.10180855439939478,0.000759509999625152,0.0001462216012441786
ackley,30,process,18,5,14.916483607033433,15.911989879656037,0.09071139340048831,0.001158707599461195,0.00021026179965701885
ackley,30,process,19,5,14.700268849810076,15.690313440691657,0.0868607587999577,0.0019557848001568344,0.00013808979929308407
ackley,30,process,20,5,14.266119941069357,15.412922576517241,0.15459784140002739,0.0011879715999384643,0.0006522075997054344
ackley,30,sequential,0,5,20.934031126318295,21.25443786536902,0.003408985000351095,0.0,0.0005405425996286795
ackley,30,sequential,1,5,19.967878352770324,20.638574893881902,0.00016376140047213994,0.0016992936001770432,8.301459929498378e-05
ackley,30,sequential,2,5,18.32155262171691,19.72046280357617,0.00028880579957331066,0.0005435798000689828,2.8720200134557672e-05
ackley,30,sequential,3,5,18.32155262171691,19.386400336579857,0.0005539737998333294,0.0005450434004160343,2.5921599808498284e-05
ackley,30,sequential,4,5,18.174723995634846,19.156501700785256,0.00015190280028036794,0.0006631891996221384,2.3455599875887857e-05
ackley,30,sequential,5,5,17.848450912973284,18.83117860653141,0.00015024519962025806,0.0006546193999383831,2.31550005992176e-05
ackley,30,sequential,6,5,17.674457811824624,18.460650675107388,0.0001427274004527135,0.0005400722002377734,2.0370799029478802e-05
ackley,30,sequential,7,5,17.493294971304017,18.23038821548565,0.00025526640056341423,0.000671279800371849,2.2729199190507644e-05
ackley,30,sequential,8,5,17.133236663711763,18.003917628373976,0.0002735546004259959,0.000787328599835746,6.153399990580511e-05
ackley,30,sequential,9,5,16.723451481262554,17.638504710378648,0.0001439945997844916,0.0009925284004566493,2.6093200358445755e-05
ackley,30,sequential,10,5,16.723451481262554,17.480117041181416,0.00030039799967198635,0.0006283597998844925,2.2824000188848005e-05
ackley,30,sequential,11,5,16.616505573711756,17.282308345823804,0.00014996379977674223,0.0005465125999762676,2.2075800370657816e-05
ackley,30,sequential,12,5,16.16136208917647,16.989326055119975,0.00013957560040580574,0.0008214468001824571,2.2136799452709964e-05
ackley,30,sequential,13,5,15.755170828353462,16.81188140776671,0.0001602137999725528,0.0006607975996303139,3.28784004523186e-05
ackley,30,sequential,14,5,15.579036780139583,16.60555721030193,0.0002313678000064101,0.0006656959994870704,2.253760067105759e-05
ackley,30,sequential,15,5,15.525387090908945,16.39011665692791,0.00014308400022855494,0.0007060727999487426,2.9926000206614844e-05
ackley,30,sequential,16,5,15.50606722676282,16.285344289370652,0.00014450560011027846,0.0006025094000506215,2.0970599507563747e-05
ackley,30,sequential,17,5,15.09917328357892,16.108316739075427,0.00014174739990266972,0.0006497829996078508,2.6214800527668558e-05
ackley,30,sequential,18,5,14.916483607033433,15.911989879656037,0.00015283099965017754,0.0008945708003011532,2.2537800032296217e-05
ackley,30,sequential,19,5,14.700268849810076,15.690313440691657,0.00015163460047915578,0.0007857832002628129,2.650179885677062e-05
ackley,30,sequential,20,5,14.266119941069357,15.412922576517241,0.00015393940011563246,0.0008929032002924942,2.6199599597021005e-05
ackley,30,thread,0,5,20.934031126318295,21.25443786536902,0.013375951199850532,0.0,0.00028337379953882193
ackley,30,thread,1,5,19.967878352770324,20.638574893881902,0.010708536399761215,0.0008195594000426354,5.622940007015132e-05
ackley,30,thread,2,5,18.32155262171691,19.72046280357617,0.009819771999900695,0.0006750276003003819,5.266639891488012e-05
ackley,30,thread,3,5,18.32155262171691,19.386400336579857,0.011733928799731074,0.0010826557998370844,0.00012142780105932616
ackley,30,thread,4,5,18.174723995634846,19.156501700785256,0.012786813599450397,0.0006712066002364736,0.0003200148003088543
ackley,30,thread,5,5,17.848450912973284,18.83117860653141,0.01004091199974937,0.0005667244004143868,5.6588999723317104e-05
ackley,30,thread,6,5,17.674457811824624,18.460650675107388,0.009852202000547549,0.000556182800210081,4.911419928248506e-05
ackley,30,thread,7,5,17.493294971304017,18.23038821548565,0.00929324800017639,0.0006202731994562783,4.593280064000282e-05
ackley,30,thread,8,5,17.133236663711763,18.003917628373976,0.007039825400352129,0.0007320082004298456,4.515979926509317e-05
ackley,30,thread,9,5,16.723451481262554,17.638504710378648,0.020447426600730977,0.0007267261993547436,5.529220034077298e-05
ackley,30,thread,10,5,16.723451481262554,17.480117041181416,0.01168180799977563,0.0007603066002047854,4.7997200090321714e-05
ackley,30,thread,11,5,16.616505573711756,17.282308345823804,0.020784338399971604,0.0009478325999225489,5.660880015057046e-05
ackley,30,thread,12,5,16.16136208917647,16.989326055119975,0.016426214400416937,0.0005615990001388127,5.114839987072628e-05
ackley,30,thread,13,5,15.755170828353462,16.81188140776671,0.009700643600081094,0.0007310757999221095,4.714800015790388e-05
ackley,30,thread,14,5,15.579036780139583,16.60555721030193,0.017639428799884626,0.0005623310004011728,4.98929999594111e-05
ackley,30,thread,15,5,15.525387090908945,16.39011665692791,0.023114910000003874,0.0006536895998578984,5.889520034543239e-05
ackley,30,thread,16,5,15.50606722676282,16.285344289370652,0.010731862199827446,0.0012128498005040456,8.6581799769192e-05
ackley,30,thread,17,5,15.09917328357892,16.108316739075427,0.010221697799715912,0.0011047721996874315,4.836160042032134e-05
ackley,30,thread,18,5,14.916483607033433,15.911989879656037,0.01014080599998124,0.0008312289999594213,5.8196000099997033e-05
ackley,30,thread,19,5,14.700268849810076,15.690313440691657,0.009904939199986983,0.0005831892005517148,7.783159962855279e-05
ackley,30,thread,20,5,14.266119941069357,15.412922576517241,0.009904116799953044,0.0013079263997497037,5.576740004471503e-05
rastrigin,2,asyncio,0,5,16.32725606155102,36.905151206571595,0.0022304960002657026,0.0,4.40168001659913e-05
rastrigin,2,asyncio,1,5,9.531726996898191,26.364289832500695,0.0009711752001749119,6.776040027034469e-05,2.6885799888987096e-05
rastrigin,2,asyncio,2,5,6.381950453422122,19.522221023932964,0.0033844114001112756,6.152000059955753e-05,3.1129799390328115e-05
rastrigin,2,asyncio,3,5,3.3781917793778318,15.980636096437971,0.0013714174001506763,6.171259992697742e-05,2.3995599622139708e-05
rastrigin,2,asyncio,4,5,3.1709145866418433,12.350855879815153,0.0018226756001240574,0.0005514217999007087,2.8658799783443102e-05
rastrigin,2,asyncio,5,5,2.723853199163996,11.103994092849293,0.0006175630001962418,5.9142399913980624e-05,1.967999924090691e-05
rastrigin,2,asyncio,6,5,2.6712109736297664,9.583472150176167,0.0010801474003528711,5.5576600061613135e-05,1.9435599824646488e-05
rastrigin,2,asyncio,7,5,1.7033597134926546,8.757166679116711,0.0005990160003420897,5.631439962598961e-05,1.9775600230786948e-05
rastrigin,2,asyncio,8,5,1.7033597134926546,8.357970782721369,0.0011726137992809527,5.4526400344911965e-05,1.9149600484524852e-05
rastrigin,2,asyncio,9,5,1.7033597134926546,7.7913085402165905,0.0006943535994651029,5.476499973156024e-05,1.849200089054648e-05
rastrigin,2,asyncio,10,5,1.2624694752387242,7.549031469418556,0.0012043456008541398,6.141259946161881e-05,2.0283999765524642e-05
rastrigin,2,asyncio,11,5,1.2419125476790462,7.205171320369449,0.0009515656001894968,5.357680020097177e-05,2.0870599837508052e-05
rastrigin,2,asyncio,12,5,1.1537258597995348,6.785712682896843,0.0017652692000410752,5.451659999380354e-05,2.080060003208928e-05
rastrigin,2,asyncio,13,5,1.1537258597995348,6.3252648128975695,0.0020125577997532674,0.00010489400010555982,2.0478399528656154e-05
rastrigin,2,asyncio,14,5,1.1537258597995348,6.0799193736640245,0.0009072848002688261,8.636459933768492e-05,0.00030851000010443384
rastrigin,2,asyncio,15,5,1.1023401162189799,5.324968249494024,0.0031315116000769196,0.00012159839934611227,0.00016538820054847747
rastrigin,2,asyncio,16,5,1.0645575004715488,5.020818032756271,0.0008169632004864979,5.8854600138147364e-05,2.1764199846074917e-05
rastrigin,2,asyncio,17,5,1.0645575004715488,4.894213962389152,0.000585716999557917,5.4241599718807267e-05,1.7903000480146147e-05
rastrigin,2,asyncio,18,5,1.0645575004715488,4.704247818838228,0.0006817117995524313,5.310300002747681e-05,1.9840599998133256e-05
rastrigin,2,asyncio,19,5,1.0063742522935173,4.420611059234308,0.000720380200073123,0.0001768754002114292,1.919939932122361e-05
rastrigin,2,asyncio,20,5,1.0063742522935173,4.166890381676152,0.0006152988004032523,0.00010871160047827288,1.862779899965972e-05
rastrigin,2,numpy,0,5,16.32725606155102,36.905151206571595,0.0026846553999348545,0.0,0.00045189080046839083
rastrigin,2,numpy,1,5,9.531726996898191,26.364289832500695,0.00020725180002045818,0.0001542473997687921,2.7966800553258507e-05
rastrigin,2,numpy,2,5,6.381950453422122,19.522221023932964,0.0001391578000038862,0.00010051299977931194,2.5661200197646394e-05
rastrigin,2,numpy,3,5,3.3781917793778318,15.980636096437971,9.723340008349624e-05,0.00010138760007976089,2.3741798941046e-05
rastrigin,2,numpy,4,5,3.1709145866418433,12.350855879815153,7.498779959860257e-05,5.6815399511833674e-05,1.9269801123300566e-05
rastrigin,2,numpy,5,5,2.723853199163996,11.103994092849293,0.00014073140009713826,5.4724199435440825e-05,2.638220066728536e-05
rastrigin,2,numpy,6,5,2.6712109736297664,9.583472150176167,0.0001400659999490017,8.119140002236236e-05,1.6727599359001033e-05
rastrigin,2,numpy,7,5,1.7033597134926546,8.757166679116711,0.00012325740026426503,5.824440049764235e-05,2.8664599085459486e-05
rastrigin,2,numpy,8,5,1.7033597134926546,8.357970782721369,5.9526399854803455e-05,5.303739962982945e-05,1.541380006528925e-05
rastrigin,2,numpy,9,5,1.7033597134926546,7.7913085402165905,0.0001868021998234326,6.323199995676987e-05,0.00010842200026672799
rastrigin,2,numpy,10,5,1.2624694752387242,7.549031469418556,9.583839964761864e-05,6.135860021458939e-05,2.119000018865336e-05
rastrigin,2,numpy,11,5,1.2419125476790462,7.205171320369449,0.0002017146001890069,0.00011522399981913622,3.952000006393064e-05
rastrigin,2,numpy,12,5,1.1537258597995348,6.785712682896843,0.004029442399769323,0.00019061620041611605,3.215719989384525e-05
rastrigin,2,numpy,13,5,1.1537258597995348,6.3252648128975695,0.00018498559984436724,6.272080026974436e-05,2.3887600036687218e-05
rastrigin,2,numpy,14,5,1.1537258597995348,6.0799193736640245,9.19893995160237e-05,5.478239982039668e-05,1.85532004252309e-05
rastrigin,2,numpy,15,5,1.1023401162189799,5.324968249494024,7.934399945952464e-05,0.00023923359985928984,0.0004728586005512625
rastrigin,2,numpy,16,5,1.0645575004715488,5.020818032756271,0.0003476332003629068,0.0008123785999487154,7.963219977682456e-05
rastrigin,2,numpy,17,5,1.0645575004715488,4.894213962389152,9.332439985882956e-05,0.003394830800243653,5.2183600200805816e-05
rastrigin,2,numpy,18,5,1.0645575004715488,4.704247818838228,6.0896199647686446e-05,4.732280067401007e-05,0.000872631599122542
rastrigin,2,numpy,19,5,1.0063742522935173,4.420611059234308,8.537360045011156e-05,5.3806399591849186e-05,1.870519990916364e-05
rastrigin,2,numpy,20,5,1.0063742522935173,4.166890381676152,0.00020897500035061968,0.00045627859981323127,2.4386399309150876e-05
rastrigin,2,process,0,5,16.32725606155102,36.905151206571595,0.1794444110004406,0.0,0.0002177029993617907
rastrigin,2,process,1,5,9.531726996898191,26.364289832500695,0.12066792759978853,0.00011969460065301974,0.0001701359993603546
rastrigin,2,process,2,5,6.381950453422122,19.522221023932964,0.13366213960071036,0.0004466032001801068,0.0003033085995411966
rastrigin,2,process,3,5,3.3781917793778318,15.980636096437971,0.11965802980012086,0.0001180883999040816,0.00010061959983431734
rastrigin,2,process,4,5,3.1709145866418433,12.350855879815153,0.08380048779981734,0.00014852179992885794,0.00036894220029353163
rastrigin,2,process,5,5,2.723853199163996,11.103994092849293,0.11748051959984877,0.0002628234000439988,0.0002106468007696094
rastrigin,2,process,6,5,2.6712109736297664,9.583472150176167,0.1363826066000911,0.00032971020009426867,0.00016687759962223935
rastrigin,2,process,7,5,1.7033597134926546,8.757166679116711,0.12744921619996602,0.0007707589997153263,9.959720046026632e-05
rastrigin,2,process,8,5,1.7033597134926546,8.357970782721369,0.11370589939942874,0.0001593261997186346,0.00016813220099720638
rastrigin,2,process,9,5,1.7033597134926546,7.7913085402165905,0.08409177819994511,0.00011325440027576406,9.191099998133723e-05
rastrigin,2,process,10,5,1.2624694752387242,7.549031469418556,0.1060018262000085,0.0001428144001692999,9.14209995244164e-05
rastrigin,2,process,11,5,1.2419125476790462,7.205171320369449,0.13295609160013555,0.00020042899996042252,0.0001439512001525145
rastrigin,2,process,12,5,1.1537258597995348,6.785712682896843,0.14950414259947137,0.001352789999509696,9.824380067584571e-05
rastrigin,2,process,13,5,1.1537258597995348,6.3252648128975695,0.08799489219964016,0.00011481900037324522,9.02687999769114e-05
rastrigin,2,process,14,5,1.1537258597995348,6.0799193736640245,0.07028768939962901,0.00011666639948089141,0.0001768832007655874
rastrigin,2,process,15,5,1.1023401162189799,5.324968249494024,0.10316430299972126,0.0001206386001285864,0.00010189200038439594
rastrigin,2,process,16,5,1.0645575004715488,5.020818032756271,0.17775745619946975,0.0003199014005076606,0.0001653568004257977
rastrigin,2,process,17,5,1.0645575004715488,4.894213962389152,0.13498337139972136,0.00018241100078739692,9.560539947415237e-05
rastrigin,2,process,18,5,1.0645575004715488,4.704247818838228,0.23094820500045898,0.0002798416000587167,0.0008710831993084866
rastrigin,2,process,19,5,1.0063742522935173,4.420611059234308,0.14310952519954298,0.0006691612001304747,0.00015551360011158976
rastrigin,2,process,20,5,1.0063742522935173,4.166890381676152,0.10550414479985193,0.00016670120021444745,9.733440056152176e-05
rastrigin,2,sequential,0,5,16.32725606155102,36.905151206571595,6.367839996528346e-05,0.0,0.008335496200379567
rastrigin,2,sequential,1,5,9.531726996898191,26.364289832500695,3.384020019439049e-05,7.685699965804815e-05,2.723380021052435e-05
rastrigin,2,sequential,2,5,6.381950453422122,19.522221023932964,5.1337000331841406e-05,0.0009663875996920978,0.00019329479982843623
rastrigin,2,sequential,3,5,3.3781917793778318,15.980636096437971,0.0004088980000233278,0.00014525540063914377,0.0001443241988454247
rastrigin,2,sequential,4,5,3.1709145866418433,12.350855879815153,5.247259978204966e-05,7.525440014433116e-05,2.6201400032732636e-05
rastrigin,2,sequential,5,5,2.723853199163996,11.103994092849293,2.8822799868066797e-05,0.0002870757998607587,1.978940090339165e-05
rastrigin,2,sequential,6,5,2.6712109736297664,9.583472150176167,2.9549800092354418e-05,0.00018997319966729265,2.165100013371557e-05
rastrigin,2,sequential,7,5,1.7033597134926546,8.757166679116711,0.00010214299982180819,5.325859929143917e-05,1.9575800251914188e-05
rastrigin,2,sequential,8,5,1.7033597134926546,8.357970782721369,2.0823599697905593e-05,0.00023644539978704416,0.00011410480074118823
rastrigin,2,sequential,9,5,1.7033597134926546,7.7913085402165905,0.00033889959995576647,0.0001438150000467431,1.8481200095266102e-05
rastrigin,2,sequential,10,5,1.2624694752387242,7.549031469418556,3.0764000257477164e-05,0.00034852720018534454,0.0002036599995335564
rastrigin,2,sequential,11,5,1.2419125476790462,7.205171320369449,9.692260027804878e-05,5.622360040433705e-05,6.813379950472153e-05
rastrigin,2,sequential,12,5,1.1537258597995348,6.785712682896843,5.39501997991465e-05,0.00014982780048740097,0.0001339211994491052
rastrigin,2,sequential,13,5,1.1537258597995348,6.3252648128975695,3.48851997841848e-05,0.00017160579955088906,2.2964600429986603e-05
rastrigin,2,sequential,14,5,1.1537258597995348,6.0799193736640245,0.00015821499946468975,6.260359987209085e-05,4.80038008390693e-05
rastrigin,2,sequential,15,5,1.1023401162189799,5.324968249494024,0.00017608299967832863,5.8943999829352836e-05,2.338760023121722e-05
rastrigin,2,sequential,16,5,1.0645575004715488,5.020818032756271,0.00013948779997008387,5.436719984572846e-05,1.9135200273012742e-05
rastrigin,2,sequential,17,5,1.0645575004715488,4.894213962389152,3.166940005030483e-05,8.239739945565816e-05,2.1381800615927203e-05
rastrigin,2,sequential,18,5,1.0645575004715488,4.704247818838228,3.7567999970633534e-05,9.106819961743896e-05,4.3479600208229385e-05
rastrigin,2,sequential,19,5,1.0063742522935173,4.420611059234308,7.44088007195387e-05,0.00011196599989489186,2.279779946547933e-05
rastrigin,2,sequential,20,5,1.0063742522935173,4.166890381676152,2.9491999885067344e-05,5.9111200243933126e-05,2.0156799655524084e-05
rastrigin,2,thread,0,5,16.32725606155102,36.905151206571595,0.05952029160034726,0.0,7.498479935748037e-05
rastrigin,2,thread,1,5,9.531726996898191,26.364289832500695,0.06737197680049575,0.0001501263992395252,6.496620044345036e-05
rastrigin,2,thread,2,5,6.381950453422122,19.522221023932964,0.04357125719980104,0.0008098250003968132,5.613560060737655e-05
rastrigin,2,thread,3,5,3.3781917793778318,15.980636096437971,0.04592236420066911,0.000664029199469951,5.708559983759187e-05
rastrigin,2,thread,4,5,3.1709145866418433,12.350855879815153,0.04856903539985069,7.954039938340429e-05,9.86278013442643e-05
rastrigin,2,thread,5,5,2.723853199163996,11.103994092849293,0.034547126799952824,0.00106752859937842,0.0002444564008328598
rastrigin,2,thread,6,5,2.6712109736297664,9.583472150176167,0.08729163580064778,0.00015641259960830212,4.59177990705939e-05
rastrigin,2,thread,7,5,1.7033597134926546,8.757166679116711,0.0526461281999218,0.0009347125997010153,8.75420002557803e-05
rastrigin,2,thread,8,5,1.7033597134926546,8.357970782721369,0.03357642100054363,0.0003948834004404489,0.00036354579897306393
rastrigin,2,thread,9,5,1.7033597134926546,7.7913085402165905,0.057982416400045624,9.902020028675906e-05,4.4857999455416575e-05
rastrigin,2,thread,10,5,1.2624694752387242,7.549031469418556,0.05289540679987113,7.539840007666498e-05,4.230539962009061e-05
rastrigin,2,thread,11,5,1.2419125476790462,7.205171320369449,0.038969859400458516,0.002416452600300545,0.0001501297992945183
rastrigin,2,thread,12,5,1.1537258597995348,6.785712682896843,0.0389686412003357,0.0011435706001066137,4.907239999738522e-05
rastrigin,2,thread,13,5,1.1537258597995348,6.3252648128975695,0.05850668079947354,0.00017028420043061488,4.194579960312694e-05
rastrigin,2,thread,14,5,1.1537258597995348,6.0799193736640245,0.08790470720050507,0.00010625680006342009,4.5585799307445994e-05
rastrigin,2,thread,15,5,1.1023401162189799,5.324968249494024,0.05894913439951779,7.239919978019316e-05,4.887360082648229e-05
rastrigin,2,thread,16,5,1.0645575004715488,5.020818032756271,0.07662388239950815,0.000189352199959103,8.912800076359418e-05
rastrigin,2,thread,17,5,1.0645575004715488,4.894213962389152,0.06688224200042896,9.814279947022442e-05,0.0006026409995683934
rastrigin,2,thread,18,5,1.0645575004715488,4.704247818838228,0.048893821599631335,7.424799987347797e-05,4.024000045319553e-05
rastrigin,2,thread,19,5,1.0063742522935173,4.420611059234308,0.0807987983997009,0.0001496920005592983,7.6123999315314e-05
rastrigin,2,thread,20,5,1.0063742522935173,4.166890381676152,0.06010922079913143,7.38842001737794e-05,3.7976000385242514e-05
rastrigin,10,asyncio,0,5,139.89027087524718,185.5597587532107,0.004707877399414429,0.0,5.353220039978623e-05
rastrigin,10,asyncio,1,5,106.81270236701145,146.88326846667778,0.0012113609998777974,0.00029459719989972656,9.67701998888515e-05
rastrigin,10,asyncio,2,5,86.6644474397266,124.96947323751654,0.0016447832003905205,0.0002902784006437287,3.090039936068933e-05
rastrigin,10,asyncio,3,5,86.6644474397266,120.67424926777974,0.0008251390001532855,0.00021171099979255814,2.1569999807979913e-05
rastrigin,10,asyncio,4,5,85.24810197396367,115.53941276650089,0.0014407496004423593,0.00027098779974039645,3.5104799826513046e-05
rastrigin,10,asyncio,5,5,84.87741451018016,111.75462291332924,0.001394321799671161,0.0009387400004925439,3.314599962322973e-05
rastrigin,10,asyncio,6,5,79.59174233193923,105.90130333714053,0.0017814351995184552,0.0003772914009459782,2.909059949161019e-05
rastrigin,10,asyncio,7,5,74.41046634267329,103.46955392783954,0.0014143508004053728,0.00047483079979429024,8.319839980686083e-05
rastrigin,10,asyncio,8,5,74.41046634267329,101.60393889613843,0.0016415810001490171,0.0002254086000903044,1.756999990902841e-05
rastrigin,10,asyncio,9,5,74.09073141998016,98.62760059779906,0.0011425035998399835,0.0004025684000225738,2.9100600659148768e-05
rastrigin,10,asyncio,10,5,74.09073141998016,97.03433533311025,0.00173592799983453,0.0002392533999227453,3.0373400295502507e-05
rastrigin,10,asyncio,11,5,71.53576393062141,95.23987127595655,0.0018685639999603155,0.0002352542000153335,3.266400017309934e-05
rastrigin,10,asyncio,12,5,71.53576393062141,93.62376778100369,0.0020658002002164723,0.000292429799810634,3.036779999092687e-05
rastrigin,10,asyncio,13,5,71.53576393062141,92.76601626905769,0.001998566399925039,0.0017739538005116628,2.991339933942072e-05
rastrigin,10,asyncio,14,5,71.53576393062141,92.04165533318087,0.0010527876002015546,0.00027265380012977405,5.817119927087333e-05
rastrigin,10,asyncio,15,5,68.99626306394323,89.91497744239499,0.0015616000000591157,0.0007500433996028733,3.149680051137693e-05
rastrigin,10,asyncio,16,5,64.94333344138445,88.38621715640164,0.005043482600012794,0.00042849899982684293,3.1521200071438216e-05
rastrigin,10,asyncio,17,5,64.41042125744993,86.52799706159908,0.009264933600570657,0.00039977460000955033,4.3311999615980315e-05
rastrigin,10,asyncio,18,5,62.16513605421585,85.10169209541345,0.002653012399969157,0.000541222400352126,4.052119948028121e-05
rastrigin,10,asyncio,19,5,62.16513605421585,84.32756804530909,0.005103415399571531,0.0002295186000992544,3.619680028350558e-05
rastrigin,10,asyncio,20,5,58.44064474132229,83.23746570074567,0.009787871199660004,0.002948931599530624,5.2895400585839525e-05
rastrigin,10,numpy,0,5,139.89027087524718,185.5597587532107,0.00022376540000550448,0.0,9.408620026079007e-05
rastrigin,10,numpy,1,5,106.81270236701145,146.88326846667778,0.00031431280040123967,0.0003041722004127223,6.050119882274885e-05
rastrigin,10,numpy,2,5,86.6644474397266,124.96947323751654,0.00024189699979615398,0.000601055799779715,3.528960005496629e-05
rastrigin,10,numpy,3,5,86.6644474397266,120.67424926777974,0.0001178335995064117,0.00036145559970464093,6.224720054888166e-05
rastrigin,10,numpy,4,5,85.24810197396367,115.53941276650089,0.00016991860029520468,0.0002684591996512609,2.2757800252293237e-05
rastrigin,10,numpy,5,5,84.87741451018016,111.75462291332924,0.00023040220003167633,0.00032783859969640614,1.9936600438086316e-05
rastrigin,10,numpy,6,5,79.59174233193923,105.9013033371405,0.00045539819984696805,0.0008912355999200372,2.8711799677694218e-05
rastrigin,10,numpy,7,5,74.41046634267329,103.46955392783954,0.002005185999951209,0.0004879578002146445,3.303720004623756e-05
rastrigin,10,numpy,8,5,74.41046634267329,101.60393889613843,0.0004911444004392252,0.00022162540008139331,2.290599950356409e-05
rastrigin,10,numpy,9,5,74.09073141998016,98.62760059779906,0.00048741140017227735,0.00018782080005621537,2.4898599440348336e-05
rastrigin,10,numpy,10,5,74.09073141998016,97.03433533311025,0.00016307200057781303,0.0004794001997652231,2.0962399867130442e-05
rastrigin,10,numpy,11,5,71.53576393062141,95.23987127595655,0.00012823139986721798,0.0003846228002657881,1.7908599693328144e-05
rastrigin,10,numpy,12,5,71.53576393062141,93.62376778100369,0.00010847719968296588,0.0002505118001863593,1.748079994285945e-05
rastrigin,10,numpy,13,5,71.53576393062141,92.76601626905769,0.00016896480046852959,0.00030137019966787194,2.376100019318983e-05
rastrigin,10,numpy,14,5,71.53576393062141,92.04165533318087,0.00025652700060163625,0.00042264559961040503,3.33795996994013e-05
rastrigin,10,numpy,15,5,68.99626306394323,89.91497744239499,0.0008217872000386706,0.0002296596001542639,2.4774600024102256e-05
rastrigin,10,numpy,16,5,64.94333344138445,88.38621715640164,8.654020020912868e-05,0.00030744319992663803,2.2256200099946e-05
rastrigin,10,numpy,17,5,64.41042125744993,86.52799706159908,0.0027069421998021427,0.00020356579989311285,1.756140118231997e-05
rastrigin,10,numpy,18,5,62.16513605421585,85.10169209541345,0.0003026760001375806,0.0003155228005198296,2.8047799060004763e-05
rastrigin,10,numpy,19,5,62.16513605421585,84.32756804530909,0.0002485495999280829,0.002531387400085805,0.00019019759965885897
rastrigin,10,numpy,20,5,58.44064474132229,83.23746570074567,0.00015449620041181334,0.0008208991999708815,3.0636600058642216e-05
rastrigin,10,process,0,5,139.89027087524718,185.5597587532107,0.16052032280022105,0.0,0.0005665428001520922
rastrigin,10,process,1,5,106.81270236701145,146.88326846667778,0.18209723099971598,0.00044578999950317666,0.0001485598011640832
rastrigin,10,process,2,5,86.6644474397266,124.96947323751654,0.1326597163999395,0.0002543523998610908,0.0001464592005504528
rastrigin,10,process,3,5,86.6644474397266,120.67424926777974,0.18258420740021392,0.0003667319993837737,0.00017916020078700967
rastrigin,10,process,4,5,85.24810197396367,115.53941276650089,0.1836892382001679,0.0005106774002342718,0.00022746379981981591
rastrigin,10,process,5,5,84.87741451018016,111.75462291332924,0.18022154320024128,0.0004386302000057185,0.00028881139987788627
rastrigin,10,process,6,5,79.59174233193923,105.90130333714053,0.2185999522000202,0.0020970152003428667,0.00016707839931768832
rastrigin,10,process,7,5,74.41046634267329,103.46955392783954,0.19566057060073944,0.0005959779995464487,0.00014999640043242835
rastrigin,10,process,8,5,74.41046634267329,101.60393889613843,0.28091575679973174,0.0011127033994853264,0.00012012840015813708
rastrigin,10,process,9,5,74.09073141998016,98.62760059779906,0.19233466500045324,0.0024649683997267856,0.0003072349998546997
rastrigin,10,process,10,5,74.09073141998016,97.03433533311025,0.22764203760016244,0.0005496988000231795,0.00085951639994164
rastrigin,10,process,11,5,71.53576393062141,95.23987127595655,0.19130191299991567,0.0007936826001241571,0.00010813600056280848
rastrigin,10,process,12,5,71.53576393062141,93.62376778100369,0.29146168019979085,0.002511233000041102,0.00018083639988617506
rastrigin,10,process,13,5,71.53576393062141,92.76601626905769,0.3879879250005615,0.000340559799951734,0.0001131239998358069
rastrigin,10,process,14,5,71.53576393062141,92.04165533318087,0.14562292620066727,0.0003629949998867232,0.0001266449999093311
rastrigin,10,process,15,5,68.99626306394323,89.91497744239499,0.12908536760005518,0.002478522400269867,0.00014769919980608392
rastrigin,10,process,16,5,64.94333344138445,88.38621715640164,0.1722166264000407,0.0003428183998039458,0.0005734378002671292
rastrigin,10,process,17,5,64.41042125744993,86.52799706159908,0.20519147439954394,0.0007550077996711479,0.0002493080002750503
rastrigin,10,process,18,5,62.16513605421585,85.10169209541345,0.1831998460002069,0.001199737000206369,0.00012684999965131282
rastrigin,10,process,19,5,62.16513605421585,84.32756804530909,0.1653402575993823,0.003919363800378051,0.00033727460067893843
rastrigin,10,process,20,5,58.44064474132229,83.23746570074567,0.10207566600001883,0.0005450744003610453,0.0001453787994250888
rastrigin,10,sequential,0,5,139.89027087524718,185.5597587532107,0.00015486900010728278,0.0,4.294819991628174e-05
rastrigin,10,sequential,1,5,106.81270236701145,146.88326846667778,9.58093998633558e-05,0.00025332000041089486,2.5284999719588085e-05
rastrigin,10,sequential,2,5,86.6644474397266,124.96947323751654,4.249099984008353e-05,0.0003589431998989312,1.57272006617859e-05
rastrigin,10,sequential,3,5,86.6644474397266,120.67424926777974,9.52752001467161e-05,0.00024076699955912772,1.9431000328040682e-05
rastrigin,10,sequential,4,5,85.24810197396367,115.53941276650089,0.00012352440026006662,0.0002735591995588038,1.8490600268705748e-05
rastrigin,10,sequential,5,5,84.87741451018016,111.75462291332924,8.830359984131064e-05,0.00043067679944215343,1.920240065373946e-05
rastrigin,10,sequential,6,5,79.59174233193923,105.90130333714053,9.943400000338443e-05,0.0002445867998176254,1.4851000378257595e-05
rastrigin,10,sequential,7,5,74.41046634267329,103.46955392783954,5.7486399964545856e-05,0.00046713899973838124,5.938119975326117e-05
rastrigin,10,sequential,8,5,74.41046634267329,101.60393889613843,0.00011035400020773523,0.0005871326000487897,2.1182599812163972e-05
rastrigin,10,sequential,9,5,74.09073141998016,98.62760059779906,5.417059946921654e-05,0.00021726139966631307,1.7017801292240618e-05
rastrigin,10,sequential,10,5,74.09073141998016,97.03433533311025,5.9890000193263405e-05,0.00046004160030861386,1.673639926593751e-05
rastrigin,10,sequential,11,5,71.53576393062141,95.23987127595655,5.3494599706027655e-05,0.0002337236004677834,7.992200007720385e-05
rastrigin,10,sequential,12,5,71.53576393062141,93.62376778100369,5.1173600149923e-05,0.00035585379991971423,1.7292999837081878e-05
rastrigin,10,sequential,13,5,71.53576393062141,92.76601626905769,5.6406199655612e-05,0.000388379599826294,3.8739000592613594e-05
rastrigin,10,sequential,14,5,71.53576393062141,92.04165533318087,4.354959964985028e-05,0.00024370939972868656,1.4336600725073367e-05
rastrigin,10,sequential,15,5,68.99626306394323,89.91497744239499,9.096439971472137e-05,0.00018187199930252973,1.4285400902736001e-05
rastrigin,10,sequential,16,5,64.94333344138445,88.38621715640164,7.919260024209507e-05,0.00028515619997051547,1.6296999820042402e-05
rastrigin,10,sequential,17,5,64.41042125744993,86.52799706159908,5.607339990092442e-05,0.000303435800014995,2.0853199748671615e-05
rastrigin,10,sequential,18,5,62.16513605421585,85.10169209541345,0.00011835000004793983,0.0004165081998507958,1.82833999133436e-05
rastrigin,10,sequential,19,5,62.16513605421585,84.32756804530909,9.789659961825236e-05,0.0003702924004755914,0.00043874820003111383
rastrigin,10,sequential,20,5,58.44064474132229,83.23746570074567,5.4776200340711514e-05,0.0003153313999064267,1.8262999583384952e-05
rastrigin,10,thread,0,5,139.89027087524718,185.5597587532107,0.031694404199515705,0.0,0.00015444919990841298
rastrigin,10,thread,1,5,106.81270236701145,146.88326846667778,0.0309007460004068,0.0004618384002242237,5.8407599135534836e-05
rastrigin,10,thread,2,5,86.6644474397266,124.96947323751654,0.02315517640017788,0.00041621999989729377,7.515959987358656e-05
rastrigin,10,thread,3,5,86.6644474397266,120.67424926777974,0.023882900799799246,0.0005205553996347589,4.254780033079442e-05
rastrigin,10,thread,4,5,85.24810197396367,115.53941276650089,0.0224882720005553,0.00022448719973908738,4.1803799467743376e-05
rastrigin,10,thread,5,5,84.87741451018016,111.75462291332924,0.013538693000009516,0.00028266319968679455,6.877140003780369e-05
rastrigin,10,thread,6,5,79.59174233193923,105.90130333714053,0.023665894800797106,0.00029001379989495034,9.276759956264869e-05
rastrigin,10,thread,7,5,74.41046634267329,103.46955392783954,0.03143350939935772,0.0005028694002248812,0.00011120460076199378
rastrigin,10,thread,8,5,74.41046634267329,101.60393889613843,0.008096104799915339,0.00043131999955221546,0.00010408680027467199
rastrigin,10,thread,9,5,74.09073141998016,98.62760059779906,0.019776871799331276,0.0006808488000388024,4.330360097810626e-05
rastrigin,10,thread,10,5,74.09073141998016,97.03433533311025,0.017752570599986937,0.00022790839975641574,4.230120030115359e-05
rastrigin,10,thread,11,5,71.53576393062141,95.23987127595655,0.03144349960057298,0.00024216300043917728,4.232099890941754e-05
rastrigin,10,thread,12,5,71.53576393062141,93.62376778100369,0.03631237200024771,0.0025245360000553775,4.543540017039049e-05
rastrigin,10,thread,13,5,71.53576393062141,92.76601626905769,0.016310262399565546,0.00030303080020530613,3.118880013062153e-05
rastrigin,10,thread,14,5,71.53576393062141,92.04165533318087,0.023598657399998047,0.00039408060001733247,4.262100010237191e-05
rastrigin,10,thread,15,5,68.99626306394323,89.91497744239499,0.008533895599975949,0.0003843626003799727,5.874279922863934e-05
rastrigin,10,thread,16,5,64.94333344138445,88.38621715640164,0.028557917000216548,0.00024419760011369364,3.304039928480052e-05
rastrigin,10,thread,17,5,64.41042125744993,86.52799706159908,0.028978670200376654,0.0003773025993723422,3.580300035537221e-05
rastrigin,10,thread,18,5,62.16513605421585,85.10169209541345,0.014652813400243759,0.0003836591997242067,4.1212199721485374e-05
rastrigin,10,thread,19,5,62.16513605421585,84.32756804530909,0.030300008399717627,0.0002741314001468709,4.472800028452184e-05
rastrigin,10,thread,20,5,58.44064474132229,83.23746570074567,0.026565133800613695,0.0003618491995439399,4.702639998868108e-05
rastrigin,30,asyncio,0,5,472.635632942922,559.4458468804834,0.0020434536003449467,0.0,4.763319993799087e-05
rastrigin,30,asyncio,1,5,385.11877432670747,455.5929920137102,0.001227248800205416,0.0009261401999538065,3.707740033860318e-05
rastrigin,30,asyncio,2,5,333.99079402141007,397.40955245483303,0.0016269993993773824,0.0030040104004001476,3.8383000355679545e-05
rastrigin,30,asyncio,3,5,324.1960123582244,384.4227068963899,0.0024301903999003117,0.001696213599279872,3.618780101533048e-05
rastrigin,30,asyncio,4,5,317.5471486105882,375.69910882429576,0.002486285800114274,0.002048061000459711,6.261759990593419e-05
rastrigin,30,asyncio,5,5,317.4993708152113,368.5835632173128,0.004029631400044309,0.001682038600119995,0.0015341726000769995
rastrigin,30,asyncio,6,5,315.55779495146834,364.89510242177346,0.002205904399670544,0.0008216112004447495,9.974319982575253e-05
rastrigin,30,asyncio,7,5,313.35245691702346,361.87403671096473,0.00109501699989778,0.0011201296001672745,3.2176799868466334e-05
rastrigin,30,asyncio,8,5,313.35245691702346,354.6407512257353,0.0015794249997270527,0.0011427487996115814,3.577000061341096e-05
rastrigin,30,asyncio,9,5,305.40448736644777,350.9292426019575,0.001653199000065797,0.0005432089998066658,3.369500045664608e-05
rastrigin,30,asyncio,10,5,298.05250719870395,344.59994112783306,0.0075976855998305835,0.0036594278000848133,0.00016246380037046037
rastrigin,30,asyncio,11,5,291.4410948863331,338.7026322457867,0.0011187059997610049,0.0024990585992782145,6.769360079488252e-05
rastrigin,30,asyncio,12,5,291.4410948863331,335.14214772645016,0.0012434342002961784,0.0012498370004323078,2.7049799609812907e-05
rastrigin,30,asyncio,13,5,291.4410948863331,333.5159600772431,0.0013278376005473546,0.0008448766002402408,2.8877998556708916e-05
rastrigin,30,asyncio,14,5,290.5867691703841,329.21787771797096,0.0011066278002545005,0.0005619710002065404,7.905399979790673e-05
rastrigin,30,asyncio,15,5,282.9792457111387,324.3633055409521,0.0026167158008320256,0.0006541865997860441,3.7245799103402535e-05
rastrigin,30,asyncio,16,5,281.93534964244094,320.0682904801254,0.0034432403997925578,0.0005246818003797671,3.0005599910509773e-05
rastrigin,30,asyncio,17,5,280.92093423163954,317.42255622746745,0.0013350520006497391,0.0009034446000441676,7.222599961096421e-05
rastrigin,30,asyncio,18,5,280.49425399840584,313.71332797644857,0.00174771320016589,0.001988767199873109,7.034619993646629e-05
rastrigin,30,asyncio,19,5,273.4844777864807,308.9426131000495,0.0023296561997995014,0.0006274243998632301,3.604940065997653e-05
rastrigin,30,asyncio,20,5,273.4844777864807,306.8350842604266,0.001411133999863523,0.0040699531997233866,3.021620068466291e-05
rastrigin,30,numpy,0,5,472.635632942922,559.4458468804834,0.00024469940035487525,0.0,4.892239958280698e-05
rastrigin,30,numpy,1,5,385.11877432670747,455.5929920137102,0.0001384187999065034,0.0005483059994730866,3.38242003635969e-05
rastrigin,30,numpy,2,5,333.99079402141007,397.40955245483303,0.00015256959995895157,0.0007270360005350085,3.017559938598424e-05
rastrigin,30,numpy,3,5,324.1960123582244,384.4227068963899,0.00018389960059721487,0.0007567757998913294,2.9967800219310448e-05
rastrigin,30,numpy,4,5,317.5471486105882,375.69910882429576,0.00043199700048717203,0.0006924476005224278,2.717079914873466e-05
rastrigin,30,numpy,5,5,317.4993708152113,368.5835632173128,0.0004952093997417251,0.0014090355994994751,3.553280039341189e-05
rastrigin,30,numpy,6,5,315.55779495146834,364.89510242177346,0.00018958099972223862,0.0006454427992139244,2.834000151779037e-05
rastrigin,30,numpy,7,5,313.35245691702346,361.87403671096473,0.00013937879994045942,0.0006835527998191538,2.6762799825519325e-05
rastrigin,30,numpy,8,5,313.35245691702346,354.6407512257353,0.00016547439954592847,0.0007160846005717758,2.338680023967754e-05
rastrigin,30,numpy,9,5,305.40448736644777,350.9292426019575,0.00018376720036030746,0.0007409680001728702,2.5996399926953018e-05
rastrigin,30,numpy,10,5,298.05250719870395,344.59994112783295,0.0001558419993671123,0.0006738216001394903,2.2947600155021063e-05
rastrigin,30,numpy,11,5,291.4410948863331,338.7026322457867,0.0005221090006671148,0.0005257800003164448,2.2945799355511553e-05
rastrigin,30,numpy,12,5,291.4410948863331,335.14214772645016,0.00011231980024604127,0.0006907621998834656,2.1054199532954953e-05
rastrigin,30,numpy,13,5,291.4410948863331,333.5159600772431,0.00031517379975412043,0.0006190187996253371,2.601620108180214e-05
rastrigin,30,numpy,14,5,290.5867691703841,329.21787771797096,0.0001678931996138999,0.0007947379999677651,3.6952600203221665e-05
rastrigin,30,numpy,15,5,282.9792457111387,324.3633055409521,0.00014085740003793034,0.0007255767995957285,2.8696800654870458e-05
rastrigin,30,numpy,16,5,281.935349642441,320.0682904801254,0.0002756365996901877,0.0007548306002718164,3.359040019859094e-05
rastrigin,30,numpy,17,5,280.92093423163954,317.42255622746745,0.0002795797998260241,0.0009522076001303503,2.8931200358783826e-05
rastrigin,30,numpy,18,5,280.49425399840584,313.71332797644857,0.00015393860012409278,0.0007036946000880562,2.532379985495936e-05
rastrigin,30,numpy,19,5,273.4844777864807,308.9426131000495,0.00011828140050056391,0.0007620016000146279,2.5677599114715122e-05
rastrigin,30,numpy,20,5,273.4844777864807,306.8350842604266,0.00019231780024711042,0.0009031246001541149,7.068579980114009e-05
rastrigin,30,process,0,5,472.635632942922,559.4458468804834,0.11180642380058999,0.0,0.0001695885992376134
rastrigin,30,process,1,5,385.11877432670747,455.5929920137102,0.15506317299987132,0.007073783200394246,0.002145708399984869
rastrigin,30,process,2,5,333.99079402141007,397.40955245483303,0.1785670173998369,0.0028328132000751795,0.004030998199959867
rastrigin,30,process,3,5,324.1960123582244,384.4227068963899,0.1685865637999086,0.008109795799828134,0.00032643380036461166
rastrigin,30,process,4,5,317.5471486105882,375.69910882429576,0.18359851620043627,0.006820142200012924,0.0001678901997365756
rastrigin,30,process,5,5,317.4993708152113,368.5835632173128,0.17967945000018518,0.00320554620011535,0.00020635660002881194
rastrigin,30,process,6,5,315.55779495146834,364.89510242177346,0.2690145135995408,0.005104996199952439,0.0004484755998419132
rastrigin,30,process,7,5,313.35245691702346,361.87403671096473,0.153550290199928,0.00603935420003836,0.00025867099975585006
rastrigin,30,process,8,5,313.35245691702346,354.6407512257353,0.15871469679987057,0.009331752800062532,0.00016817340001580306
rastrigin,30,process,9,5,305.40448736644777,350.9292426019575,0.2853410064002674,0.0028018910004902866,0.000772741199034499
rastrigin,30,process,10,5,298.05250719870395,344.59994112783306,0.2189524536002864,0.0037686389998270895,0.0008653487999254139
rastrigin,30,process,11,5,291.4410948863331,338.7026322457867,0.19329662019954413,0.003408833000503364,0.00020708060001197736
rastrigin,30,process,12,5,291.4410948863331,335.14214772645016,0.13879424659971845,0.0075620610001351455,0.00022870120010338725
rastrigin,30,process,13,5,291.4410948863331,333.5159600772431,0.17045946180005558,0.0019414414000493707,0.00020843519960180856
rastrigin,30,process,14,5,290.5867691703841,329.21787771797096,0.12686471400011215,0.0027126089997182136,0.00022075000015320256
rastrigin,30,process,15,5,282.9792457111387,324.3633055409521,0.11673617259984895,0.0011986522007646273,0.00018179159960709512
rastrigin,30,process,16,5,281.93534964244094,320.0682904801254,0.11140807740011952,0.0016086551997432253,0.00027420220030762723
rastrigin,30,process,17,5,280.92093423163954,317.42255622746745,0.15440114419980092,0.001420687600693782,0.00020600819952960593
rastrigin,30,process,18,5,280.49425399840584,313.71332797644857,0.17586919320019662,0.003878872199857142,0.0014780378001887583
rastrigin,30,process,19,5,273.4844777864807,308.9426131000495,0.18852579779959341,0.010266488599518198,0.00024233780131908134
rastrigin,30,process,20,5,273.4844777864807,306.8350842604266,0.2289699228000245,0.0025813326003117252,0.00023723399972368496
rastrigin,30,sequential,0,5,472.635632942922,559.4458468804834,0.0013015929995162877,0.0,6.231160077732056e-05
rastrigin,30,sequential,1,5,385.11877432670747,455.5929920137102,0.0004926342000544537,0.001457414599644835,0.00036893120050081053
rastrigin,30,sequential,2,5,333.99079402141007,397.40955245483303,0.0005294817994581536,0.0010915235994616523,4.249860139680095e-05
rastrigin,30,sequential,3,5,324.1960123582244,384.4227068963899,0.0001879881998320343,0.001551512999139959,3.18820009852061e-05
rastrigin,30,sequential,4,5,317.5471486105882,375.69910882429576,0.00013426219993561972,0.0008199072002753382,2.9644000096595847e-05
rastrigin,30,sequential,5,5,317.4993708152113,368.5835632173128,0.00020062959993083496,0.000847043800240499,6.098139965615701e-05
rastrigin,30,sequential,6,5,315.55779495146834,364.89510242177346,0.00044606559931708033,0.0017990729993471177,3.6659801844507454e-05
rastrigin,30,sequential,7,5,313.35245691702346,361.87403671096473,0.00021018480001657735,0.0005761194002843695,2.7616799343377352e-05
rastrigin,30,sequential,8,5,313.35245691702346,354.6407512257353,0.00013914560004195663,0.0020781818002433283,2.835160012182314e-05
rastrigin,30,sequential,9,5,305.40448736644777,350.9292426019575,0.0004338287995778956,0.0011539641993294936,3.344920078234282e-05
rastrigin,30,sequential,10,5,298.05250719870395,344.59994112783306,0.0001728275998175377,0.0011302748000161956,3.526360014802776e-05
rastrigin,30,sequential,11,5,291.4410948863331,338.7026322457867,0.00012704560031124857,0.0009224264002114068,2.6857399279833772e-05
rastrigin,30,sequential,12,5,291.4410948863331,335.14214772645016,0.0004685019997850759,0.0012527698003395927,4.43180000729626e-05
rastrigin,30,sequential,13,5,291.4410948863331,333.5159600772431,0.0003006000002642395,0.0015199208002741216,0.0008346749993506819
rastrigin,30,sequential,14,5,290.5867691703841,329.21787771797096,0.00012604719995579217,0.0006542030001583044,2.6706999415182507e-05
rastrigin,30,sequential,15,5,282.9792457111387,324.3633055409521,0.0001355616004730109,0.0013328326003829716,2.656139913597144e-05
rastrigin,30,sequential,16,5,281.93534964244094,320.0682904801254,0.0001795161995687522,0.000737022000248544,2.6635599715518767e-05
rastrigin,30,sequential,17,5,280.92093423163954,317.42255622746745,0.00017691320026642644,0.0007045944006677018,0.0008356673992238939
rastrigin,30,sequential,18,5,280.49425399840584,313.71332797644857,0.0005927311998675577,0.0006149044002086157,2.650159913173411e-05
rastrigin,30,sequential,19,5,273.4844777864807,308.9426131000495,0.00012422060062817765,0.001367559199570678,2.7025399685953743e-05
rastrigin,30,sequential,20,5,273.4844777864807,306.8350842604266,0.00019070239977736492,0.0016093949998321477,2.5600600201869385e-05
rastrigin,30,thread,0,5,472.635632942922,559.4458468804834,0.032002039600047286,0.0,0.00011237639955652412
rastrigin,30,thread,1,5,385.11877432670747,455.5929920137102,0.012904235400128528,0.004819007199694169,6.278140026552136e-05
rastrigin,30,thread,2,5,333.99079402141007,397.40955245483303,0.016273672400348004,0.0014220885997929145,8.242919939220883e-05
rastrigin,30,thread,3,5,324.1960123582244,384.4227068963899,0.03084510280023096,0.0008502760003466392,0.000265779599067173
rastrigin,30,thread,4,5,317.5471486105882,375.69910882429576,0.04496644799946807,0.0010286076005286305,0.00010301280017301905
rastrigin,30,thread,5,5,317.4993708152113,368.5835632173128,0.07034677179981372,0.0019859990003169513,0.00010250019913655705
rastrigin,30,thread,6,5,315.55779495146834,364.89510242177346,0.021550083599504433,0.0061441347999789285,7.434399994963315e-05
rastrigin,30,thread,7,5,313.35245691702346,361.87403671096473,0.027183975600200937,0.0008838901994749904,5.299340045894496e-05
rastrigin,30,thread,8,5,313.35245691702346,354.6407512257353,0.014629927400164888,0.0021635362001688916,0.00013777259991911705
rastrigin,30,thread,9,5,305.40448736644777,350.9292426019575,0.013827056800437276,0.0009361007992993109,5.76672002353007e-05
rastrigin,30,thread,10,5,298.05250719870395,344.59994112783306,0.017888249599855043,0.001857358000052045,7.06076007190859e-05
rastrigin,30,thread,11,5,291.4410948863331,338.7026322457867,0.01683732620003866,0.0007634616002178518,0.00013977500020700973
rastrigin,30,thread,12,5,291.4410948863331,335.14214772645016,0.021645329999228125,0.0012702961998002139,0.00021853340149391443
rastrigin,30,thread,13,5,291.4410948863331,333.5159600772431,0.01759695720029413,0.0022610428004554706,0.00014352739890455268
rastrigin,30,thread,14,5,290.5867691703841,329.21787771797096,0.02065627619995212,0.0008960338000179036,5.596280061581638e-05
rastrigin,30,thread,15,5,282.9792457111387,324.3633055409521,0.023294454000642874,0.0009891396002785768,6.550699945364613e-05
rastrigin,30,thread,16,5,281.93534964244094,320.0682904801254,0.018695708400264265,0.0025317226001789093,6.781059892091434e-05
rastrigin,30,thread,17,5,280.92093423163954,317.42255622746745,0.025715130800381302,0.002128816000185907,0.00047145439966698175
rastrigin,30,thread,18,5,280.49425399840584,313.71332797644857,0.016467573200861806,0.0026414199997816467,6.03683994995663e-05
rastrigin,30,thread,19,5,273.4844777864807,308.9426131000495,0.021129817199835088,0.0027652490000036776,6.395600030373316e-05
rastrigin,30,thread,20,5,273.4844777864807,306.8350842604266,0.019076647200199658,0.0009545373999571893,0.00012204699924041051
rosenbrock,2,asyncio,0,5,13.895582009421398,599.1754931822963,0.011711838800329133,0.0,0.0005615763995592716
rosenbrock,2,asyncio,1,5,1.6302596710744937,157.04615378928065,0.006996009599606623,9.035099938046188e-05,0.00012467240085243248
rosenbrock,2,asyncio,2,5,0.6529414903429894,24.822181489305652,0.006630445199698442,0.0004982423997716978,0.0001709502004814567
rosenbrock,2,asyncio,3,5,0.43207099874261495,11.867791454817374,0.004449961000136682,0.00014082740017329343,0.0001590789990586927
rosenbrock,2,asyncio,4,5,0.365438684618886,7.723033575459395,0.0031261798005289164,0.00016916439999477008,4.176739967078902e-05
rosenbrock,2,asyncio,5,5,0.2724577498327963,3.590918298949017,0.003726654199999757,0.0002014390003751032,3.804959924309514e-05
rosenbrock,2,asyncio,6,5,0.2724577498327963,2.548216018640175,0.0024916922000556953,9.640179996495135e-05,3.298660012660548e-05
rosenbrock,2,asyncio,7,5,0.10058409343025347,2.2812985846406817,0.0008329336000315379,0.00014775000054214615,2.87365990516264e-05
rosenbrock,2,asyncio,8,5,0.10058409343025347,1.633091339758137,0.004359041999850888,0.00017027419999067207,6.278200016822666e-05
rosenbrock,2,asyncio,9,5,0.08982351722960212,1.3146918307524886,0.0017121783992479322,9.09124002646422e-05,3.183680055371951e-05
rosenbrock,2,asyncio,10,5,0.08982351722960212,1.083219823372651,0.0011522319997311569,6.936879981367383e-05,3.4780599889927544e-05
rosenbrock,2,asyncio,11,5,0.08896932003849514,0.8926917165921273,0.0017477841996878852,8.228439983213321e-05,0.00021908280032221228
rosenbrock,2,asyncio,12,5,0.055772905061616786,0.8197216619482892,0.0009595537998393411,7.221800005936529e-05,2.9171600181143732e-05
rosenbrock,2,asyncio,13,5,0.055772905061616786,0.7092258199567933,0.0014113001994701334,0.00010266800054523629,2.4482599837938323e-05
rosenbrock,2,asyncio,14,5,0.0533412684473229,0.5217214719392852,0.002721068400205695,0.0001539664008305408,2.7407599191064946e-05
rosenbrock,2,asyncio,15,5,0.05142168108559507,0.49441882313203306,0.001185275599345914,0.00020145300004514866,2.9851600629626773e-05
rosenbrock,2,asyncio,16,5,0.05142168108559507,0.43855766846506333,0.006260939200001303,7.385680000879802e-05,3.267720057920087e-05
rosenbrock,2,asyncio,17,5,0.050756274336973405,0.37252076214100655,0.0017856661997939227,0.0001710604006802896,3.290279928478412e-05
rosenbrock,2,asyncio,18,5,0.04329596989317368,0.3509868146379607,0.0010648529998434242,9.10996001039166e-05,2.555980063334573e-05
rosenbrock,2,asyncio,19,5,0.04175588327188899,0.3277297571936436,0.0012180851997982245,8.786420003161765e-05,2.6764000358525665e-05
rosenbrock,2,asyncio,20,5,0.037575579492568456,0.30338620014457346,0.004565065200222307,7.335480040637776e-05,3.3070599238271824e-05
rosenbrock,2,numpy,0,5,13.895582009421398,599.1754931822963,0.0025599575994419864,0.0,4.797320034413133e-05
rosenbrock,2,numpy,1,5,1.6302596710744937,157.04615378928065,0.0007092215997545282,6.519960043078754e-05,3.0035199961275795e-05
rosenbrock,2,numpy,2,5,0.6529414903429894,24.822181489305652,0.00024492860029567964,5.5897599668242035e-05,0.0002428560001135338
rosenbrock,2,numpy,3,5,0.43207099874261495,11.867791454817374,9.777479972399306e-05,6.722479956806637e-05,9.758640117070172e-05
rosenbrock,2,numpy,4,5,0.365438684618886,7.723033575459395,0.00011692439911712427,0.00011974260050919838,1.8320799790672025e-05
rosenbrock,2,numpy,5,5,0.2724577498327963,3.590918298949017,0.00014554300032614264,5.364480020944029e-05,4.28561990702292e-05
rosenbrock,2,numpy,6,5,0.2724577498327963,2.548216018640175,6.565240000782069e-05,5.050460058555473e-05,1.4069999087951146e-05
rosenbrock,2,numpy,7,5,0.10058409343025347,2.2812985846406817,4.9810199561761694e-05,4.798720001417678e-05,1.422179993824102e-05
rosenbrock,2,numpy,8,5,0.10058409343025347,1.633091339758137,7.666159981454257e-05,4.929880014969967e-05,1.422060013283044e-05
rosenbrock,2,numpy,9,5,0.08982351722960212,1.3146918307524886,4.3206800182815644e-05,4.579939959512558e-05,1.319960028922651e-05
rosenbrock,2,numpy,10,5,0.08982351722960212,1.083219823372651,0.00098751980040106,4.520119982771575e-05,2.3502599651692437e-05
rosenbrock,2,numpy,11,5,0.08896932003849514,0.8926917165921273,6.051479977031704e-05,0.0001274754002224654,1.4611799997510388e-05
rosenbrock,2,numpy,12,5,0.055772905061616786,0.8197216619482892,4.931419971399009e-05,4.257899963704404e-05,1.3551400843425655e-05
rosenbrock,2,numpy,13,5,0.055772905061616786,0.7092258199567933,0.00010501619944989216,4.193839995423332e-05,1.9690801127580926e-05
rosenbrock,2,numpy,14,5,0.0533412684473229,0.5217214719392852,3.457239945419133e-05,3.7604600220220166e-05,9.892200250760651e-06
rosenbrock,2,numpy,15,5,0.05142168108559507,0.49441882313203306,5.718200009141583e-05,4.348879992903676e-05,1.349440026388038e-05
rosenbrock,2,numpy,16,5,0.05142168108559507,0.43855766846506333,4.765679987031035e-05,4.694460076279938e-05,1.181840016215574e-05
rosenbrock,2,numpy,17,5,0.050756274336973405,0.37252076214100655,4.348380025476217e-05,3.982499983976595e-05,1.1966200327151455e-05
rosenbrock,2,numpy,18,5,0.04329596989317368,0.3509868146379607,4.438779942574911e-05,3.806599997915328e-05,1.1147601253469474e-05
rosenbrock,2,numpy,19,5,0.04175588327188899,0.3277297571936436,4.441519959073048e-05,4.0267199801746754e-05,1.192820054711774e-05
rosenbrock,2,numpy,20,5,0.037575579492568456,0.30338620014457346,4.3122600254719144e-05,8.240399984060787e-05,1.169219940493349e-05
rosenbrock,2,process,0,5,13.895582009421398,599.1754931822963,0.14267698720032057,0.0,0.0003465784000582062
rosenbrock,2,process,1,5,1.6302596710744937,157.04615378928065,0.157206106200465,0.00031035019928822295,0.0002472108004440088
rosenbrock,2,process,2,5,0.6529414903429894,24.822181489305652,0.19125203359944862,0.0003938596004445571,0.00015931560010358227
rosenbrock,2,process,3,5,0.43207099874261495,11.867791454817374,0.18822434100002283,0.0019557894000172384,0.00011488400014059152
rosenbrock,2,process,4,5,0.365438684618886,7.723033575459395,0.11660899019952922,0.00015732180036138744,0.0003202342002623482
rosenbrock,2,process,5,5,0.2724577498327963,3.590918298949017,0.12418788779941678,0.00017742280033417046,0.0013350735996937146
rosenbrock,2,process,6,5,0.2724577498327963,2.548216018640175,0.1242693402000441,0.00018464580025465694,0.00025527739962853956
rosenbrock,2,process,7,5,0.10058409343025347,2.2812985846406817,0.12378331039944897,0.000346139799876255,0.0001898708003864158
rosenbrock,2,process,8,5,0.10058409343025347,1.633091339758137,0.10696184100015671,0.00029186359970481137,0.00011225999987800606
rosenbrock,2,process,9,5,0.08982351722960212,1.3146918307524886,0.1294387887995981,0.0027134498002851616,0.00046702660001756157
rosenbrock,2,process,10,5,0.08982351722960212,1.083219823372651,0.13847802959971886,0.006886468399898149,0.00012727140056085774
rosenbrock,2,process,11,5,0.08896932003849514,0.8926917165921273,0.19780639539967523,0.00018171379924751817,0.00010830700157384853
rosenbrock,2,process,12,5,0.055772905061616786,0.8197216619482892,0.34370387500021027,0.00048820979973243086,0.0008782154000073206
rosenbrock,2,process,13,5,0.055772905061616786,0.7092258199567933,0.2236561495992646,0.00017144100020232144,0.00016028300051402767
rosenbrock,2,process,14,5,0.0533412684473229,0.5217214719392852,0.1926457945995935,0.00028870259957329835,0.0002695958006370347
rosenbrock,2,process,15,5,0.05142168108559507,0.49441882313203306,0.1951654177999444,0.000249368000368122,0.00023717379990557675
rosenbrock,2,process,16,5,0.05142168108559507,0.43855766846506333,0.17757443559967215,0.00013169779995223508,0.0001171648003946757
rosenbrock,2,process,17,5,0.050756274336973405,0.37252076214100655,0.23983344460029912,0.0003665233998617623,0.004257039399817586
rosenbrock,2,process,18,5,0.04329596989317368,0.3509868146379607,0.18326506439952936,0.00025453620000917,0.00013018320059927647
rosenbrock,2,process,19,5,0.04175588327188899,0.3277297571936436,0.1867669017996377,0.0002028435999818612,0.0007877845997427358
rosenbrock,2,process,20,5,0.037575579492568456,0.30338620014457346,0.18237594700003684,0.00013125540026521777,0.001756543199007865
rosenbrock,2,sequential,0,5,13.895582009421398,599.1754931822963,4.164160018262919e-05,0.0,4.9934800335904585e-05
rosenbrock,2,sequential,1,5,1.6302596710744937,157.04615378928065,3.2161600029212425e-05,5.9526199765969065e-05,2.2115200044936502e-05
rosenbrock,2,sequential,2,5,0.6529414903429894,24.822181489305652,6.414860035874881e-05,0.00032322039987775497,0.00023727299958409276
rosenbrock,2,sequential,3,5,0.43207099874261495,11.867791454817374,0.0006600283999432577,0.0004971239995938959,4.106780070287641e-05
rosenbrock,2,sequential,4,5,0.365438684618886,7.723033575459395,0.000638808599615004,0.00015754919950268232,2.2095401436672547e-05
rosenbrock,2,sequential,5,5,0.2724577498327963,3.590918298949017,1.9399599841563032e-05,4.5439000314217995e-05,1.3442600175039842e-05
rosenbrock,2,sequential,6,5,0.2724577498327963,2.548216018640175,2.684880018932745e-05,8.209059997170698e-05,1.7721399854053743e-05
rosenbrock,2,sequential,7,5,0.10058409343025347,2.2812985846406817,2.715880036703311e-05,5.46867995581124e-05,1.9364599211257882e-05
rosenbrock,2,sequential,8,5,0.10058409343025347,1.633091339758137,2.5826799901551568e-05,5.2537600276991724e-05,1.5404200166813097e-05
rosenbrock,2,sequential,9,5,0.08982351722960212,1.3146918307524886,2.6594399969326332e-05,5.385420008678921e-05,1.5692000306444243e-05
rosenbrock,2,sequential,10,5,0.08982351722960212,1.083219823372651,2.72331995802233e-05,8.304580005642492e-05,1.757479985826649e-05
rosenbrock,2,sequential,11,5,0.08896932003849514,0.8926917165921273,2.690359942789655e-05,0.00012933380057802423,3.3757599521777595e-05
rosenbrock,2,sequential,12,5,0.055772905061616786,0.8197216619482892,2.5210999592673033e-05,8.93180007551564e-05,1.7281600230489856e-05
rosenbrock,2,sequential,13,5,0.055772905061616786,0.7092258199567933,2.4901399956434034e-05,5.357480004022364e-05,1.491839975642506e-05
rosenbrock,2,sequential,14,5,0.0533412684473229,0.5217214719392852,2.34492003073683e-05,5.224800006544683e-05,1.4421199739445002e-05
rosenbrock,2,sequential,15,5,0.05142168108559507,0.49441882313203306,2.5982800434576347e-05,7.531819974246901e-05,1.7454000044381246e-05
rosenbrock,2,sequential,16,5,0.05142168108559507,0.43855766846506333,2.7177999436389654e-05,5.653340049320832e-05,1.681059984548483e-05
rosenbrock,2,sequential,17,5,0.050756274336973405,0.37252076214100655,2.6973199783242308e-05,5.3604799904860553e-05,1.6835199858178385e-05
rosenbrock,2,sequential,18,5,0.04329596989317368,0.3509868146379607,3.0059000346227548e-05,9.525140012556221e-05,4.984779952792451e-05
rosenbrock,2,sequential,19,5,0.04175588327188899,0.3277297571936436,4.28258008469129e-05,5.66756003536284e-05,1.945719886862207e-05
rosenbrock,2,sequential,20,5,0.037575579492568456,0.30338620014457346,2.582580018497538e-05,5.451040015032049e-05,1.6589799633948134e-05
rosenbrock,2,thread,0,5,13.895582009421398,599.1754931822963,0.05886933860056161,0.0,6.894639955135062e-05
rosenbrock,2,thread,1,5,1.6302596710744937,157.04615378928065,0.04620772279995435,0.0002484037991962396,0.0006695428004604764
rosenbrock,2,thread,2,5,0.6529414903429894,24.822181489305652,0.035008769199703235,7.084499993652571e-05,0.0005486970003403258
rosenbrock,2,thread,3,5,0.43207099874261495,11.867791454817374,0.16702438160064048,0.00013328340028238018,0.00029999539910932074
rosenbrock,2,thread,4,5,0.365438684618886,7.723033575459395,0.04343035019992385,8.513079992553685e-05,4.7641600031056444e-05
rosenbrock,2,thread,5,5,0.2724577498327963,3.590918298949017,0.028794609000033233,0.0006576687999768182,0.00013667380007973407
rosenbrock,2,thread,6,5,0.2724577498327963,2.548216018640175,0.02270837280084379,9.705300035420806e-05,5.880439930479042e-05
rosenbrock,2,thread,7,5,0.10058409343025347,2.2812985846406817,0.05474002480041236,0.00034551440003269816,0.00013908219916629604
rosenbrock,2,thread,8,5,0.10058409343025347,1.633091339758137,0.02589290239957336,0.0009919852007442386,6.0178000057931055e-05
rosenbrock,2,thread,9,5,0.08982351722960212,1.3146918307524886,0.0466764670003613,0.0002021379998041084,5.022379918955267e-05
rosenbrock,2,thread,10,5,0.08982351722960212,1.083219823372651,0.03501863780002168,0.0003106701999058714,7.93905997852562e-05
rosenbrock,2,thread,11,5,0.08896932003849514,0.8926917165921273,0.02346324780010036,0.00012570520011649932,4.02623994887108e-05
rosenbrock,2,thread,12,5,0.055772905061616786,0.8197216619482892,0.021137783200538253,0.00011096320049546194,4.790839848283213e-05
rosenbrock,2,thread,13,5,0.055772905061616786,0.7092258199567933,0.044023145200117145,7.15667996701086e-05,4.139539960306138e-05
rosenbrock,2,thread,14,5,0.0533412684473229,0.5217214719392852,0.017692428399823257,0.0001652177994401427,4.285780050850008e-05
rosenbrock,2,thread,15,5,0.05142168108559507,0.49441882313203306,0.06945495439977094,0.00024855080046108923,8.739239965507294e-05
rosenbrock,2,thread,16,5,0.05142168108559507,0.43855766846506333,0.04623192740000377,8.741019992157817e-05,4.5620600212714633e-05
rosenbrock,2,thread,17,5,0.050756274336973405,0.37252076214100655,0.021550189199842862,0.0001266508003027411,9.357359995192383e-05
rosenbrock,2,thread,18,5,0.04329596989317368,0.3509868146379607,0.03062039239994192,0.0007447407999279676,4.5975799366715364e-05
rosenbrock,2,thread,19,5,0.04175588327188899,0.3277297571936436,0.04299635700008366,7.828419984434731e-05,5.716619998565875e-05
rosenbrock,2,thread,20,5,0.037575579492568456,0.30338620014457346,0.06868104779969145,8.394819997192826e-05,0.00019561879998946096
rosenbrock,10,asyncio,0,5,1264.603423121623,4668.582345450499,0.00221394220025104,0.0,4.4217799586476755e-05
rosenbrock,10,asyncio,1,5,614.1724338981062,1818.0795765484186,0.001269614999910118,0.00039298679985222407,6.806279998272657e-05
rosenbrock,10,asyncio,2,5,355.5295303510751,779.253651815651,0.0016944999995757825,0.00034627899985935074,3.36520006385399e-05
rosenbrock,10,asyncio,3,5,265.34642892867976,512.8655191030462,0.0009632965993660036,0.0006299918000877369,3.0137600697344168e-05
rosenbrock,10,asyncio,4,5,200.3828494137578,416.32508744618633,0.001151801999367308,0.001452248199711903,6.460360018536448e-05
rosenbrock,10,asyncio,5,5,153.15929336225565,301.94685247266744,0.001381554400359164,0.0002213580002717208,4.6132198986015285e-05
rosenbrock,10,asyncio,6,5,140.8403034439201,227.63167080091353,0.0008539670001482591,0.0002946137999970233,3.8107199361547825e-05
rosenbrock,10,asyncio,7,5,119.89744897022815,201.57916898642014,0.003677017800146132,0.0008769457996095298,2.913919997808989e-05
rosenbrock,10,asyncio,8,5,93.37717655381776,166.6877719228514,0.002275616400220315,0.002099508800529293,7.85419990279479e-05
rosenbrock,10,asyncio,9,5,82.41355784944584,143.78268293012212,0.00749656780026271,0.0013477510001393966,4.156019967922475e-05
rosenbrock,10,asyncio,10,5,73.6064928266591,120.04013531130136,0.0008175647995813051,0.00034022520048893057,7.590400018671062e-05
rosenbrock,10,asyncio,11,5,65.81002749019027,107.3963904054252,0.0015249819996824953,0.0004202601994620636,8.776420072535984e-05
rosenbrock,10,asyncio,12,5,65.60302101223708,101.22161767304924,0.001032914800089202,0.0003694443996209884,4.18171999626793e-05
rosenbrock,10,asyncio,13,5,47.76451019215541,86.54374278613797,0.0013027439992583823,0.0003377323999302462,2.5449800887145102e-05
rosenbrock,10,asyncio,14,5,43.89760670512995,79.1580932097081,0.0008743293998122681,0.0007715616000496083,2.600680018076673e-05
rosenbrock,10,asyncio,15,5,38.728790269927046,73.19779095709818,0.0011320787998556625,0.00025364520006405656,2.5413799812668002e-05
rosenbrock,10,asyncio,16,5,36.40030068690701,64.36252221635439,0.0013598383993667085,0.0014276453995989869,3.123020142083988e-05
rosenbrock,10,asyncio,17,5,33.22264347105625,59.59629309013017,0.0007779634004691615,0.0010227284001302905,2.642980034579523e-05
rosenbrock,10,asyncio,18,5,30.0613871298549,53.45996569880708,0.0007120049998775357,0.00027344560039637144,2.2716199964634143e-05
rosenbrock,10,asyncio,19,5,29.6129868244369,50.152706925579025,0.0017426495996915037,0.00035177959980501325,3.8691201189067216e-05
rosenbrock,10,asyncio,20,5,27.017484670161004,45.07062925394063,0.0011034295999706955,0.0001824091999878874,2.619699989736546e-05
rosenbrock,10,numpy,0,5,1264.603423121623,4668.582345450499,0.0003916835998097667,0.0,0.00036377440046635455
rosenbrock,10,numpy,1,5,614.1724338981062,1818.0795765484186,0.00018518600008974318,0.0004815096002857899,3.2422000003862195e-05
rosenbrock,10,numpy,2,5,355.5295303510751,779.253651815651,0.0002835533996403683,0.0008329151998623275,3.353420033818111e-05
rosenbrock,10,numpy,3,5,265.34642892867976,512.8655191030462,0.00013274419943627437,0.0013941204000730068,3.6683600046671924e-05
rosenbrock,10,numpy,4,5,200.3828494137578,416.32508744618633,0.00011194200051249936,0.00028495859987742733,2.4219599072239362e-05
rosenbrock,10,numpy,5,5,153.15929336225565,301.94685247266744,0.00011350479981047102,0.0006255961998249404,2.622339961817488e-05
rosenbrock,10,numpy,6,5,140.8403034439201,227.63167080091347,9.855399985099211e-05,0.0002274294001836097,7.228499962366186e-05
rosenbrock,10,numpy,7,5,119.89744897022815,201.57916898642014,9.121080038312356e-05,0.00020663239993155003,2.2365999393514356e-05
rosenbrock,10,numpy,8,5,93.37717655381776,166.68777192285137,9.029259999806527e-05,0.0003837773998384364,4.526999982772395e-05
rosenbrock,10,numpy,9,5,82.41355784944584,143.78268293012212,8.556460015824996e-05,0.00019538239976100158,2.1209599799476565e-05
rosenbrock,10,numpy,10,5,73.6064928266591,120.04013531130133,0.0031589553997037,0.0004952247993060155,0.00010699880112952087
rosenbrock,10,numpy,11,5,65.81002749019027,107.3963904054252,0.0001168877995951334,0.0002694743998290505,2.2960400019655936e-05
rosenbrock,10,numpy,12,5,65.60302101223708,101.22161767304924,0.00014316380002128427,0.0014491456000541802,2.4347000362467952e-05
rosenbrock,10,numpy,13,5,47.76451019215541,86.54374278613797,0.0011626136005361332,0.0004479777991946321,0.0014060004003113135
rosenbrock,10,numpy,14,5,43.89760670512995,79.1580932097081,0.0005379378002544399,0.00023897519931779244,2.2926000747247598e-05
rosenbrock,10,numpy,15,5,38.728790269927046,73.19779095709818,0.00010553360007179436,0.00024892200017347934,2.0756399317178874e-05
rosenbrock,10,numpy,16,5,36.400300686907,64.36252221635439,9.51522004470462e-05,0.0002707676001591608,2.155419933842495e-05
rosenbrock,10,numpy,17,5,33.222643471056244,59.59629309013015,8.411620001425035e-05,0.00024654479930177333,2.1354401178541592e-05
rosenbrock,10,numpy,18,5,30.0613871298549,53.45996569880708,0.00010487340005056467,0.0009470217999478336,2.4978000146802516e-05
rosenbrock,10,numpy,19,5,29.6129868244369,50.152706925579025,0.00012260580006113743,0.00048476500014658084,2.1928400019533e-05
rosenbrock,10,numpy,20,5,27.017484670161004,45.07062925394063,0.00016571179949096405,0.0005351666000933619,2.6055001217173413e-05
rosenbrock,10,process,0,5,1264.603423121623,4668.582345450499,0.19159731940053462,0.0,0.0001623503991140751
rosenbrock,10,process,1,5,614.1724338981062,1818.0795765484186,0.2318014491997019,0.0004135737995966338,0.00017108200081565882
rosenbrock,10,process,2,5,355.5295303510751,779.253651815651,0.22871859159968153,0.00045102559997758365,0.00016742580046411604
rosenbrock,10,process,3,5,265.34642892867976,512.8655191030462,0.2726702127998578,0.0003005772003234597,0.0001967207997950027
rosenbrock,10,process,4,5,200.3828494137578,416.32508744618633,0.21062724119947235,0.004766756000026362,0.0002423190002446063
rosenbrock,10,process,5,5,153.15929336225565,301.94685247266744,0.18652258820038697,0.004883768999934546,0.02259594599963748
rosenbrock,10,process,6,5,140.8403034439201,227.63167080091353,0.2648284208000405,0.003457828199316282,0.0003868264004267985
rosenbrock,10,process,7,5,119.89744897022815,201.57916898642014,0.41758284759962405,0.0004180627995083341,0.00021180820040171965
rosenbrock,10,process,8,5,93.37717655381776,166.6877719228514,0.2972997740002029,0.0004499252005189192,0.00012524979938461912
rosenbrock,10,process,9,5,82.41355784944584,143.78268293012212,0.30754219079972245,0.0010420353999506915,0.0002208584002801217
rosenbrock,10,process,10,5,73.6064928266591,120.04013531130136,0.25337282680011414,0.0003677013999549672,0.0005247654004051583
rosenbrock,10,process,11,5,65.81002749019027,107.3963904054252,0.23867440879985224,0.0020055515997228213,0.0012653126002987846
rosenbrock,10,process,12,5,65.60302101223708,101.22161767304924,0.2276974792002875,0.0009226321999449283,0.00019157080023433082
rosenbrock,10,process,13,5,47.76451019215541,86.54374278613797,0.2758746898001846,0.00027647860006254634,0.00046438479985226876
rosenbrock,10,process,14,5,43.89760670512995,79.1580932097081,0.16294881479916512,0.000275263200092013,0.00012793000059900804
rosenbrock,10,process,15,5,38.728790269927046,73.19779095709818,0.10184272639962728,0.00029798779942211693,0.00011543480104592163
rosenbrock,10,process,16,5,36.40030068690701,64.36252221635439,0.18889178299941706,0.0008890929999324726,0.0002353330004552845
rosenbrock,10,process,17,5,33.22264347105625,59.59629309013017,0.27989273860002867,0.0005243573999905493,0.00018000919990299736
rosenbrock,10,process,18,5,30.0613871298549,53.45996569880708,0.2338812758000131,0.0010727516004408245,0.00029264039985719135
rosenbrock,10,process,19,5,29.6129868244369,50.152706925579025,0.4706786701997771,0.00029201140023360495,0.00043110780025017447
rosenbrock,10,process,20,5,27.017484670161004,45.07062925394063,0.4266616096003418,0.002261798199469922,0.0003083102001255611
rosenbrock,10,sequential,0,5,1264.603423121623,4668.582345450499,0.00016989839969028253,0.0,9.98796007479541e-05
rosenbrock,10,sequential,1,5,614.1724338981062,1818.0795765484186,8.27294003101997e-05,0.00027133159965160304,2.819340006681159e-05
rosenbrock,10,sequential,2,5,355.5295303510751,779.253651815651,0.00017463199983467348,0.003505328399842256,6.003940070513636e-05
rosenbrock,10,sequential,3,5,265.34642892867976,512.8655191030462,7.581200043205172e-05,0.0003343759999552276,2.385239968134556e-05
rosenbrock,10,sequential,4,5,200.3828494137578,416.32508744618633,0.00014956639970478136,0.0005751290002081078,4.838499953621067e-05
rosenbrock,10,sequential,5,5,153.15929336225565,301.94685247266744,0.00011756220010283869,0.00020808739973290357,0.00013729240054090043
rosenbrock,10,sequential,6,5,140.8403034439201,227.63167080091353,6.208580016391352e-05,0.0018675570001505549,2.2634000197285785e-05
rosenbrock,10,sequential,7,5,119.89744897022815,201.57916898642014,7.394960011879448e-05,0.00046022480019018984,2.3859800057834947e-05
rosenbrock,10,sequential,8,5,93.37717655381776,166.6877719228514,0.0003537444001267431,0.0003059779999603052,2.2372799867298455e-05
rosenbrock,10,sequential,9,5,82.41355784944584,143.78268293012212,5.5643199812038804e-05,0.0001541831996291876,2.4174600184778683e-05
rosenbrock,10,sequential,10,5,73.6064928266591,120.04013531130136,6.051539967302233e-05,0.0002131036002538167,1.5346199506893755e-05
rosenbrock,10,sequential,11,5,65.81002749019027,107.3963904054252,9.309440029028337e-05,0.00018914919965027366,1.536920026410371e-05
rosenbrock,10,sequential,12,5,65.60302101223708,101.22161767304924,5.839320001541637e-05,0.0002250150002510054,1.4247599392547271e-05
rosenbrock,10,sequential,13,5,47.76451019215541,86.54374278613797,5.817239944008179e-05,0.0007502482007112121,0.000402749799832236
rosenbrock,10,sequential,14,5,43.89760670512995,79.1580932097081,0.00017161000032501762,0.00016452160016342532,7.223819993669167e-05
rosenbrock,10,sequential,15,5,38.728790269927046,73.19779095709818,0.000291624000237789,0.0005286779996822588,4.243340008542873e-05
rosenbrock,10,sequential,16,5,36.40030068690701,64.36252221635439,0.00031340860041382255,0.002791609599807998,4.8736399912741034e-05
rosenbrock,10,sequential,17,5,33.22264347105625,59.59629309013017,0.0001503920000686776,0.0019305116002215073,8.377299964195118e-05
rosenbrock,10,sequential,18,5,30.0613871298549,53.45996569880708,0.000895750600102474,0.0006320273994788294,3.257580028730445e-05
rosenbrock,10,sequential,19,5,29.6129868244369,50.152706925579025,7.143360016925726e-05,0.00036257380052120427,2.23267990804743e-05
rosenbrock,10,sequential,20,5,27.017484670161004,45.07062925394063,0.000138216800041846,0.00027004479961760807,2.390039990132209e-05
rosenbrock,10,thread,0,5,1264.603423121623,4668.582345450499,0.014186870599223767,0.0,0.00010618000087561085
rosenbrock,10,thread,1,5,614.1724338981062,1818.0795765484186,0.019942330400590437,0.0005310250002366956,7.116979904822073e-05
rosenbrock,10,thread,2,5,355.5295303510751,779.253651815651,0.023798593999890726,0.00043972960011160465,0.00013862600026186555
rosenbrock,10,thread,3,5,265.34642892867976,512.8655191030462,0.025179427600232885,0.0006241655995836481,5.7810000726021826e-05
rosenbrock,10,thread,4,5,200.3828494137578,416.32508744618633,0.044376169600582216,0.0002908319998823572,4.108739922230598e-05
rosenbrock,10,thread,5,5,153.15929336225565,301.94685247266744,0.04852757379994728,0.0003170678002788918,0.0001578917999722762
rosenbrock,10,thread,6,5,140.8403034439201,227.63167080091353,0.055089751000559774,0.000836589400205412,6.205659883562475e-05
rosenbrock,10,thread,7,5,119.89744897022815,201.57916898642014,0.045779178600059825,0.000578683199637453,0.00012972300028195604
rosenbrock,10,thread,8,5,93.37717655381776,166.6877719228514,0.028257863000180804,0.0006024507998517947,0.00018544300000939985
rosenbrock,10,thread,9,5,82.41355784944584,143.78268293012212,0.032161061199803956,0.003837043200110202,7.610220018250402e-05
rosenbrock,10,thread,10,5,73.6064928266591,120.04013531130136,0.033914023399847795,0.00024980580019473564,4.88746001792606e-05
rosenbrock,10,thread,11,5,65.81002749019027,107.3963904054252,0.06265934920047585,0.0003023043995199259,8.895179998944514e-05
rosenbrock,10,thread,12,5,65.60302101223708,101.22161767304924,0.033725872799914215,0.0022799948001193115,5.0055399697157554e-05
rosenbrock,10,thread,13,5,47.76451019215541,86.54374278613797,0.07089741300005699,0.00023994539988052565,4.9388399565941656e-05
rosenbrock,10,thread,14,5,43.89760670512995,79.1580932097081,0.0511214750000363,0.0034688026000367243,0.0001355054002488032
rosenbrock,10,thread,15,5,38.728790269927046,73.19779095709818,0.04663807680044556,0.0004569130000163568,5.852260001120158e-05
rosenbrock,10,thread,16,5,36.40030068690701,64.36252221635439,0.07191647399995418,0.0002865996000764426,5.392179955379106e-05
rosenbrock,10,thread,17,5,33.22264347105625,59.59629309013017,0.08509948580067431,0.007992204200127162,7.264099913300015e-05
rosenbrock,10,thread,18,5,30.0613871298549,53.45996569880708,0.03187953399974504,0.0004006036004284397,0.0034166482004366117
rosenbrock,10,thread,19,5,29.6129868244369,50.152706925579025,0.049656944000162184,0.0006276880005316344,5.024619931646157e-05
rosenbrock,10,thread,20,5,27.017484670161004,45.07062925394063,0.03470911479998904,0.000331797800026834,5.322639990481548e-05
rosenbrock,30,asyncio,0,5,9358.083951985394,15049.456369978845,0.009102406000238261,0.0,0.0006518152000353439
rosenbrock,30,asyncio,1,5,3943.9195323033987,7549.258051732218,0.003423143400505069,0.0006671582003036746,8.738599899515975e-05
rosenbrock,30,asyncio,2,5,1800.8863983281317,4102.743563041145,0.0017596675996173871,0.0009547764006129,3.6234600338502786e-05
rosenbrock,30,asyncio,3,5,1417.4970547825171,3121.7781763475664,0.006572670600507991,0.0016023373998905299,3.3741599690984006e-05
rosenbrock,30,asyncio,4,5,1392.7477273064374,2582.3600270919133,0.0013641920002555707,0.0011098112005129223,0.00017487739933130797
rosenbrock,30,asyncio,5,5,1295.361945210388,2188.709034596499,0.0010827794005308534,0.0019231031998060643,3.2066199491964656e-05
rosenbrock,30,asyncio,6,5,1213.8091776533547,1766.1529991554848,0.001001959999848623,0.0005614794001303381,2.472039996064268e-05
rosenbrock,30,asyncio,7,5,1153.9054255777114,1591.0877088031825,0.0010550082002737326,0.0006214773995452561,0.0002154524001525715
rosenbrock,30,asyncio,8,5,1008.549353316557,1484.0885734724145,0.0007876591997046489,0.001246695200461545,0.00010800039999594446
rosenbrock,30,asyncio,9,5,924.0459855950166,1281.2527702877342,0.0007425862004311057,0.0005214256001636386,1.9996398987132124e-05
rosenbrock,30,asyncio,10,5,846.40883449911,1175.3205494823308,0.001181788800022332,0.0016433981996669899,2.5752000510692596e-05
rosenbrock,30,asyncio,11,5,761.3849628602533,1060.2148977926352,0.0013706528003240236,0.0010978599999361903,2.5962199651985428e-05
rosenbrock,30,asyncio,12,5,709.9573023922583,989.364900022538,0.0012241654003446456,0.0005408442000771174,2.1875199308851734e-05
rosenbrock,30,asyncio,13,5,690.7936790647258,937.1229657059023,0.006630542999846512,0.0006888124000397511,3.28322006680537e-05
rosenbrock,30,asyncio,14,5,619.7430879765168,876.4237188385378,0.0030782416000874947,0.001425658599328017,2.8768400443368592e-05
rosenbrock,30,asyncio,15,5,596.1291859578816,818.8918033882608,0.0011296529995888705,0.0024404458003118635,2.97298000077717e-05
rosenbrock,30,asyncio,16,5,588.4153528801569,773.4397915235244,0.000831867199667613,0.0005942907999269664,2.1601800835924222e-05
rosenbrock,30,asyncio,17,5,517.2854590275545,720.810526795516,0.004687709800055018,0.0015912885995930993,0.00016544940081075765
rosenbrock,30,asyncio,18,5,516.2221052963098,680.0698514525753,0.002794306000578217,0.002635934200225165,3.141179913654923e-05
rosenbrock,30,asyncio,19,5,488.2368916820201,644.8379144996201,0.0015944385999318912,0.0008607352003309643,4.0238999281427824e-05
rosenbrock,30,asyncio,20,5,448.37779614808215,605.5921997779095,0.0011560115999600384,0.001084091800294118,2.9206399631220847e-05
rosenbrock,30,numpy,0,5,9358.083951985394,15049.456369978845,0.00018136620019504335,0.0,3.743959969142452e-05
rosenbrock,30,numpy,1,5,3943.9195323033987,7549.258051732218,0.0001661745998717379,0.012265602000115904,4.155599999648985e-05
rosenbrock,30,numpy,2,5,1800.8863983281317,4102.743563041145,9.279919941036496e-05,0.0006703478004055797,2.217419969383627e-05
rosenbrock,30,numpy,3,5,1417.4970547825171,3121.7781763475673,7.548099965788424e-05,0.0006727357995259808,0.0001388294007483637
rosenbrock,30,numpy,4,5,1392.7477273064374,2582.3600270919133,6.865700015623588e-05,0.0003875213998981053,1.465479945181869e-05
rosenbrock,30,numpy,5,5,1295.361945210388,2188.709034596499,7.016460003796964e-05,0.0003760992000024999,0.0005265864001557929
rosenbrock,30,numpy,6,5,1213.8091776533547,1766.1529991554848,8.157019983627834e-05,0.011421187400264899,0.0019072983999649296
rosenbrock,30,numpy,7,5,1153.9054255777114,1591.0877088031825,7.906139981059824e-05,0.0004381580001791008,1.753919932525605e-05
rosenbrock,30,numpy,8,5,1008.5493533165569,1484.0885734724147,8.559160014556255e-05,0.000707901400164701,1.9255199731560424e-05
rosenbrock,30,numpy,9,5,924.0459855950166,1281.2527702877342,0.0003070396000111941,0.008956790199954412,3.2533800185774454e-05
rosenbrock,30,numpy,10,5,846.40883449911,1175.3205494823308,9.700640002847649e-05,0.0006728742002451327,0.0014637391999713146
rosenbrock,30,numpy,11,5,761.3849628602535,1060.2148977926352,0.000130934799744864,0.0006151710000267485,4.547480020846706e-05
rosenbrock,30,numpy,12,5,709.9573023922583,989.3649000225381,9.336639996035956e-05,0.0014383751993591431,2.0794800366275013e-05
rosenbrock,30,numpy,13,5,690.7936790647258,937.1229657059023,0.00018057879970001522,0.0003830300000117859,9.976420005841646e-05
rosenbrock,30,numpy,14,5,619.7430879765168,876.423718838538,0.0014891501999954927,0.009638759400331764,6.327219962258823e-05
rosenbrock,30,numpy,15,5,596.1291859578816,818.8918033882608,0.00013389139967330267,0.006963839400123106,0.0001071938004315598
rosenbrock,30,numpy,16,5,588.4153528801569,773.4397915235244,0.0012428679998265578,0.0004578323998430278,2.3984400104382076e-05
rosenbrock,30,numpy,17,5,517.2854590275545,720.810526795516,9.437240041734185e-05,0.00048815619993547443,1.9887999951606616e-05
rosenbrock,30,numpy,18,5,516.2221052963098,680.0698514525753,0.00013453399951686152,0.0009438961998966989,2.6068600709550084e-05
rosenbrock,30,numpy,19,5,488.2368916820202,644.8379144996201,0.0005540458005270921,0.017314055399765493,4.20891992689576e-05
rosenbrock,30,numpy,20,5,448.37779614808215,605.5921997779095,0.0001811960002669366,0.0007134472001780523,0.00026012759954028295
rosenbrock,30,process,0,5,9358.083951985394,15049.456369978845,0.24391990039985104,0.0,0.00016632159968139605
rosenbrock,30,process,1,5,3943.9195323033987,7549.258051732218,0.34549004420005075,0.0021940587997960393,0.00018846100028895306
rosenbrock,30,process,2,5,1800.8863983281317,4102.743563041145,0.19557216960056395,0.004639898799723596,0.0003505019994918257
rosenbrock,30,process,3,5,1417.4970547825171,3121.7781763475664,0.21956675899928085,0.001607860599688138,0.0009682632007752545
rosenbrock,30,process,4,5,1392.7477273064374,2582.3600270919133,0.3495296913999482,0.0007802677999279694,0.00024174680074793287
rosenbrock,30,process,5,5,1295.361945210388,2188.709034596499,0.26378912019972633,0.0015256818001944338,0.00016161980020115151
rosenbrock,30,process,6,5,1213.8091776533547,1766.1529991554848,0.27533263600016655,0.0008681770003022393,0.00019068159926973748
rosenbrock,30,process,7,5,1153.9054255777114,1591.0877088031825,0.27785626140102976,0.00284492400023737,0.00014000939845573157
rosenbrock,30,process,8,5,1008.549353316557,1484.0885734724145,0.23845661279992783,0.0014851089996227528,0.0001699466010904871
rosenbrock,30,process,9,5,924.0459855950166,1281.2527702877342,0.2135645182002918,0.0012204118003865006,0.0011953751993132756
rosenbrock,30,process,10,5,846.40883449911,1175.3205494823308,0.22707644760012044,0.0012966345999302574,0.00023111039990908466
rosenbrock,30,process,11,5,761.3849628602533,1060.2148977926352,0.27407227699986836,0.0021311504006007453,0.00039690839985269123
rosenbrock,30,process,12,5,709.9573023922583,989.364900022538,0.3463136203994509,0.010043555199808906,0.00033032620085577947
rosenbrock,30,process,13,5,690.7936790647258,937.1229657059023,0.2988348956001573,0.04169249939986912,0.0005177522005396895
rosenbrock,30,process,14,5,619.7430879765168,876.4237188385378,0.17716163620025327,0.001595303600333864,0.0009599907989468193
rosenbrock,30,process,15,5,596.1291859578816,818.8918033882608,0.24349927640032548,0.005933311599801527,0.00014487500047835055
rosenbrock,30,process,16,5,588.4153528801569,773.4397915235244,0.2929936204000114,0.0009827354002482024,0.0008428670000284911
rosenbrock,30,process,17,5,517.2854590275545,720.810526795516,0.2727703531996667,0.0013446826000290458,0.0009355078003864037
rosenbrock,30,process,18,5,516.2221052963098,680.0698514525753,0.19601097519989708,0.0006752463996235747,0.0003599750009016134
rosenbrock,30,process,19,5,488.2368916820201,644.8379144996201,0.22254344499997386,0.0011384807996364544,0.0005491864001669455
rosenbrock,30,process,20,5,448.37779614808215,605.5921997779095,0.1850784272002784,0.0008224641998822336,0.00023055300007399638
rosenbrock,30,sequential,0,5,9358.083951985394,15049.456369978845,0.0003793211995798629,0.0,0.00020473080039664637
rosenbrock,30,sequential,1,5,3943.9195323033987,7549.258051732218,0.018209703200409422,0.002974648400049773,6.891759949212428e-05
rosenbrock,30,sequential,2,5,1800.8863983281317,4102.743563041145,0.010508204000143451,0.0024380716004088754,5.348599952412769e-05
rosenbrock,30,sequential,3,5,1417.4970547825171,3121.7781763475664,0.0003394728006242076,0.00617886379986885,4.910040006507188e-05
rosenbrock,30,sequential,4,5,1392.7477273064374,2582.3600270919133,0.0008521514002495679,0.0007089231992722489,3.9278799886233176e-05
rosenbrock,30,sequential,5,5,1295.361945210388,2188.709034596499,0.001041690199781442,0.0009548715999699198,0.00012434320015017875
rosenbrock,30,sequential,6,5,1213.8091776533547,1766.1529991554848,0.009469170800366555,0.01192707340051129,8.348119918082375e-05
rosenbrock,30,sequential,7,5,1153.9054255777114,1591.0877088031825,0.00029323039998416787,0.0012266133999219164,3.542999984347261e-05
rosenbrock,30,sequential,8,5,1008.549353316557,1484.0885734724145,0.00020847599989792798,0.0017273083998588846,3.237160053686239e-05
rosenbrock,30,sequential,9,5,924.0459855950166,1281.2527702877342,0.002818370800378034,0.0009657876002165722,0.00031039619898365345
rosenbrock,30,sequential,10,5,846.40883449911,1175.3205494823308,0.0005406495998613537,0.009192074800012051,5.240200043772347e-05
rosenbrock,30,sequential,11,5,761.3849628602533,1060.2148977926352,0.00027252040017629043,0.00157803139918542,0.00013382260003709235
rosenbrock,30,sequential,12,5,709.9573023922583,989.364900022538,0.0004972321999957785,0.003457447999608121,4.3774600635515525e-05
rosenbrock,30,sequential,13,5,690.7936790647258,937.1229657059023,0.00546627459989395,0.003148016799605102,4.5204800335341135e-05
rosenbrock,30,sequential,14,5,619.7430879765168,876.4237188385378,0.0006731583998771384,0.006879223400028422,6.324320020212326e-05
rosenbrock,30,sequential,15,5,596.1291859578816,818.8918033882608,0.0019378835993848042,0.0012334071998338914,9.289540103054605e-05
rosenbrock,30,sequential,16,5,588.4153528801569,773.4397915235244,0.0011095285997726023,0.0015986988000804558,3.44279997079866e-05
rosenbrock,30,sequential,17,5,517.2854590275545,720.810526795516,0.0002609974002552917,0.0006887134000862716,2.643939951667562e-05
rosenbrock,30,sequential,18,5,516.2221052963098,680.0698514525753,0.0003010446002008393,0.000804597400201601,8.90447998244781e-05
rosenbrock,30,sequential,19,5,488.2368916820201,644.8379144996201,0.0003595225996832596,0.0027511299998877804,4.8231400069198574e-05
rosenbrock,30,sequential,20,5,448.37779614808215,605.5921997779095,0.0002767107995168772,0.002973037999254302,6.366460147546604e-05
rosenbrock,30,thread,0,5,9358.083951985394,15049.456369978845,0.05157840819920238,0.0,0.0002143652007362107
rosenbrock,30,thread,1,5,3943.9195323033987,7549.258051732218,0.056337646400061205,0.0030015282001841113,6.0155799656058664e-05
rosenbrock,30,thread,2,5,1800.8863983281317,4102.743563041145,0.06882358320035564,0.00842540520025068,8.912999946915079e-05
rosenbrock,30,thread,3,5,1417.4970547825171,3121.7781763475664,0.15147587079991354,0.0012733633997413563,0.0001743519998854026
rosenbrock,30,thread,4,5,1392.7477273064374,2582.3600270919133,0.061506853400351245,0.0013218985997809796,5.1047400120296516e-05
rosenbrock,30,thread,5,5,1295.361945210388,2188.709034596499,0.04056674320017919,0.0004908656006591628,0.00011184579961991404
rosenbrock,30,thread,6,5,1213.8091776533547,1766.1529991554848,0.09505277080024825,0.0007647648002603091,8.166919942595997e-05
rosenbrock,30,thread,7,5,1153.9054255777114,1591.0877088031825,0.06427682940011437,0.0022566480001842137,0.00015729459883004893
rosenbrock,30,thread,8,5,1008.549353316557,1484.0885734724145,0.11422965080018913,0.012917001999812782,0.00014334420011437033
rosenbrock,30,thread,9,5,924.0459855950166,1281.2527702877342,0.07693528560012056,0.002852617600001395,0.0012584542004333344
rosenbrock,30,thread,10,5,846.40883449911,1175.3205494823308,0.05522707919990353,0.0007803034004609799,8.000220004760195e-05
rosenbrock,30,thread,11,5,761.3849628602533,1060.2148977926352,0.06634771000026377,0.0042769765997945795,8.378039965464267e-05
rosenbrock,30,thread,12,5,709.9573023922583,989.364900022538,0.04153459540029871,0.0050954515998455465,0.0001830731998779811
rosenbrock,30,thread,13,5,690.7936790647258,937.1229657059023,0.0264283972002886,0.001400956198995118,9.626300052332227e-05
rosenbrock,30,thread,14,5,619.7430879765168,876.4237188385378,0.05415732900000876,0.0008774720001383685,6.129319990577642e-05
rosenbrock,30,thread,15,5,596.1291859578816,818.8918033882608,0.047307588799958465,0.002095172199551598,8.315900049638003e-05
rosenbrock,30,thread,16,5,588.4153528801569,773.4397915235244,0.08185241340033826,0.008580368999901111,0.00012144959982833825
rosenbrock,30,thread,17,5,517.2854590275545,720.810526795516,0.032022304399652056,0.0013008764002734098,6.371499985107221e-05
rosenbrock,30,thread,18,5,516.2221052963098,680.0698514525753,0.04458049239947286,0.0022507747999043204,6.638580052822362e-05
rosenbrock,30,thread,19,5,488.2368916820201,644.8379144996201,0.024099854799715104,0.0009595910003554308,7.536560005974024e-05
rosenbrock,30,thread,20,5,448.37779614808215,605.5921997779095,0.03016778940036602,0.0024276499996631175,0.00022821700003987643
